[
  {
    "name": "Process Start",
    "start": 1646204971690,
    "end": 1646204972356,
    "duration": 666,
    "pid": 13364,
    "index": 0
  },
  {
    "name": "Application Start",
    "start": 1646204972357,
    "end": 1646204973017,
    "duration": 660,
    "pid": 13364,
    "index": 1
  },
  {
    "name": "Load Plugin",
    "start": 1646204972359,
    "end": 1646204972376,
    "duration": 17,
    "pid": 13364,
    "index": 2
  },
  {
    "name": "Load Config",
    "start": 1646204972376,
    "end": 1646204972396,
    "duration": 20,
    "pid": 13364,
    "index": 3
  },
  {
    "name": "Require(0) config/config.default.js",
    "start": 1646204972377,
    "end": 1646204972377,
    "duration": 0,
    "pid": 13364,
    "index": 4
  },
  {
    "name": "Require(1) node_modules/egg-session/config/config.default.js",
    "start": 1646204972379,
    "end": 1646204972379,
    "duration": 0,
    "pid": 13364,
    "index": 5
  },
  {
    "name": "Require(2) node_modules/egg-security/config/config.default.js",
    "start": 1646204972379,
    "end": 1646204972380,
    "duration": 1,
    "pid": 13364,
    "index": 6
  },
  {
    "name": "Require(3) node_modules/egg-jsonp/config/config.default.js",
    "start": 1646204972380,
    "end": 1646204972380,
    "duration": 0,
    "pid": 13364,
    "index": 7
  },
  {
    "name": "Require(4) node_modules/egg-onerror/config/config.default.js",
    "start": 1646204972381,
    "end": 1646204972381,
    "duration": 0,
    "pid": 13364,
    "index": 8
  },
  {
    "name": "Require(5) node_modules/egg-i18n/config/config.default.js",
    "start": 1646204972381,
    "end": 1646204972382,
    "duration": 1,
    "pid": 13364,
    "index": 9
  },
  {
    "name": "Require(6) node_modules/egg-watcher/config/config.default.js",
    "start": 1646204972382,
    "end": 1646204972382,
    "duration": 0,
    "pid": 13364,
    "index": 10
  },
  {
    "name": "Require(7) node_modules/egg-schedule/config/config.default.js",
    "start": 1646204972384,
    "end": 1646204972384,
    "duration": 0,
    "pid": 13364,
    "index": 11
  },
  {
    "name": "Require(8) node_modules/egg-multipart/config/config.default.js",
    "start": 1646204972385,
    "end": 1646204972385,
    "duration": 0,
    "pid": 13364,
    "index": 12
  },
  {
    "name": "Require(9) node_modules/egg-development/config/config.default.js",
    "start": 1646204972385,
    "end": 1646204972385,
    "duration": 0,
    "pid": 13364,
    "index": 13
  },
  {
    "name": "Require(10) node_modules/egg-logrotator/config/config.default.js",
    "start": 1646204972386,
    "end": 1646204972386,
    "duration": 0,
    "pid": 13364,
    "index": 14
  },
  {
    "name": "Require(11) node_modules/egg-static/config/config.default.js",
    "start": 1646204972386,
    "end": 1646204972387,
    "duration": 1,
    "pid": 13364,
    "index": 15
  },
  {
    "name": "Require(12) node_modules/egg-view/config/config.default.js",
    "start": 1646204972387,
    "end": 1646204972387,
    "duration": 0,
    "pid": 13364,
    "index": 16
  },
  {
    "name": "Require(13) node_modules/egg-sequelize/config/config.default.js",
    "start": 1646204972388,
    "end": 1646204972388,
    "duration": 0,
    "pid": 13364,
    "index": 17
  },
  {
    "name": "Require(14) node_modules/egg-view-nunjucks/config/config.default.js",
    "start": 1646204972389,
    "end": 1646204972389,
    "duration": 0,
    "pid": 13364,
    "index": 18
  },
  {
    "name": "Require(15) node_modules/egg-cors/config/config.default.js",
    "start": 1646204972389,
    "end": 1646204972390,
    "duration": 1,
    "pid": 13364,
    "index": 19
  },
  {
    "name": "Require(16) node_modules/egg-jwt/config/config.default.js",
    "start": 1646204972390,
    "end": 1646204972390,
    "duration": 0,
    "pid": 13364,
    "index": 20
  },
  {
    "name": "Require(17) node_modules/egg-socket.io/config/config.default.js",
    "start": 1646204972390,
    "end": 1646204972390,
    "duration": 0,
    "pid": 13364,
    "index": 21
  },
  {
    "name": "Require(18) node_modules/egg-etag/config/config.default.js",
    "start": 1646204972391,
    "end": 1646204972391,
    "duration": 0,
    "pid": 13364,
    "index": 22
  },
  {
    "name": "Require(19) node_modules/egg/config/config.default.js",
    "start": 1646204972391,
    "end": 1646204972391,
    "duration": 0,
    "pid": 13364,
    "index": 23
  },
  {
    "name": "Require(20) config/config.default.js",
    "start": 1646204972392,
    "end": 1646204972392,
    "duration": 0,
    "pid": 13364,
    "index": 24
  },
  {
    "name": "Require(21) node_modules/egg-security/config/config.local.js",
    "start": 1646204972393,
    "end": 1646204972393,
    "duration": 0,
    "pid": 13364,
    "index": 25
  },
  {
    "name": "Require(22) node_modules/egg-watcher/config/config.local.js",
    "start": 1646204972393,
    "end": 1646204972394,
    "duration": 1,
    "pid": 13364,
    "index": 26
  },
  {
    "name": "Require(23) node_modules/egg-view/config/config.local.js",
    "start": 1646204972394,
    "end": 1646204972395,
    "duration": 1,
    "pid": 13364,
    "index": 27
  },
  {
    "name": "Require(24) node_modules/egg-view-nunjucks/config/config.local.js",
    "start": 1646204972395,
    "end": 1646204972395,
    "duration": 0,
    "pid": 13364,
    "index": 28
  },
  {
    "name": "Require(25) node_modules/egg/config/config.local.js",
    "start": 1646204972396,
    "end": 1646204972396,
    "duration": 0,
    "pid": 13364,
    "index": 29
  },
  {
    "name": "Load extend/application.js",
    "start": 1646204972397,
    "end": 1646204972476,
    "duration": 79,
    "pid": 13364,
    "index": 30
  },
  {
    "name": "Require(26) node_modules/egg-session/app/extend/application.js",
    "start": 1646204972397,
    "end": 1646204972398,
    "duration": 1,
    "pid": 13364,
    "index": 31
  },
  {
    "name": "Require(27) node_modules/egg-security/app/extend/application.js",
    "start": 1646204972398,
    "end": 1646204972399,
    "duration": 1,
    "pid": 13364,
    "index": 32
  },
  {
    "name": "Require(28) node_modules/egg-jsonp/app/extend/application.js",
    "start": 1646204972399,
    "end": 1646204972400,
    "duration": 1,
    "pid": 13364,
    "index": 33
  },
  {
    "name": "Require(29) node_modules/egg-logrotator/app/extend/application.js",
    "start": 1646204972401,
    "end": 1646204972402,
    "duration": 1,
    "pid": 13364,
    "index": 34
  },
  {
    "name": "Require(30) node_modules/egg-view/app/extend/application.js",
    "start": 1646204972403,
    "end": 1646204972403,
    "duration": 0,
    "pid": 13364,
    "index": 35
  },
  {
    "name": "Require(31) node_modules/egg-view-nunjucks/app/extend/application.js",
    "start": 1646204972404,
    "end": 1646204972420,
    "duration": 16,
    "pid": 13364,
    "index": 36
  },
  {
    "name": "Require(32) node_modules/egg-jwt/app/extend/application.js",
    "start": 1646204972420,
    "end": 1646204972444,
    "duration": 24,
    "pid": 13364,
    "index": 37
  },
  {
    "name": "Require(33) node_modules/egg-socket.io/app/extend/application.js",
    "start": 1646204972444,
    "end": 1646204972473,
    "duration": 29,
    "pid": 13364,
    "index": 38
  },
  {
    "name": "Load extend/request.js",
    "start": 1646204972476,
    "end": 1646204972482,
    "duration": 6,
    "pid": 13364,
    "index": 39
  },
  {
    "name": "Require(34) node_modules/egg/app/extend/request.js",
    "start": 1646204972479,
    "end": 1646204972480,
    "duration": 1,
    "pid": 13364,
    "index": 40
  },
  {
    "name": "Load extend/response.js",
    "start": 1646204972482,
    "end": 1646204972488,
    "duration": 6,
    "pid": 13364,
    "index": 41
  },
  {
    "name": "Require(35) node_modules/egg/app/extend/response.js",
    "start": 1646204972484,
    "end": 1646204972485,
    "duration": 1,
    "pid": 13364,
    "index": 42
  },
  {
    "name": "Load extend/context.js",
    "start": 1646204972488,
    "end": 1646204972533,
    "duration": 45,
    "pid": 13364,
    "index": 43
  },
  {
    "name": "Require(36) node_modules/egg-security/app/extend/context.js",
    "start": 1646204972488,
    "end": 1646204972494,
    "duration": 6,
    "pid": 13364,
    "index": 44
  },
  {
    "name": "Require(37) node_modules/egg-jsonp/app/extend/context.js",
    "start": 1646204972494,
    "end": 1646204972495,
    "duration": 1,
    "pid": 13364,
    "index": 45
  },
  {
    "name": "Require(38) node_modules/egg-i18n/app/extend/context.js",
    "start": 1646204972496,
    "end": 1646204972496,
    "duration": 0,
    "pid": 13364,
    "index": 46
  },
  {
    "name": "Require(39) node_modules/egg-multipart/app/extend/context.js",
    "start": 1646204972496,
    "end": 1646204972527,
    "duration": 31,
    "pid": 13364,
    "index": 47
  },
  {
    "name": "Require(40) node_modules/egg-view/app/extend/context.js",
    "start": 1646204972528,
    "end": 1646204972528,
    "duration": 0,
    "pid": 13364,
    "index": 48
  },
  {
    "name": "Require(41) node_modules/egg/app/extend/context.js",
    "start": 1646204972529,
    "end": 1646204972530,
    "duration": 1,
    "pid": 13364,
    "index": 49
  },
  {
    "name": "Load extend/helper.js",
    "start": 1646204972533,
    "end": 1646204972548,
    "duration": 15,
    "pid": 13364,
    "index": 50
  },
  {
    "name": "Require(42) node_modules/egg-security/app/extend/helper.js",
    "start": 1646204972533,
    "end": 1646204972543,
    "duration": 10,
    "pid": 13364,
    "index": 51
  },
  {
    "name": "Require(43) node_modules/egg/app/extend/helper.js",
    "start": 1646204972545,
    "end": 1646204972545,
    "duration": 0,
    "pid": 13364,
    "index": 52
  },
  {
    "name": "Require(44) app/extend/helper.js",
    "start": 1646204972545,
    "end": 1646204972546,
    "duration": 1,
    "pid": 13364,
    "index": 53
  },
  {
    "name": "Load app.js",
    "start": 1646204972548,
    "end": 1646204972599,
    "duration": 51,
    "pid": 13364,
    "index": 54
  },
  {
    "name": "Require(45) node_modules/egg-session/app.js",
    "start": 1646204972549,
    "end": 1646204972549,
    "duration": 0,
    "pid": 13364,
    "index": 55
  },
  {
    "name": "Require(46) node_modules/egg-security/app.js",
    "start": 1646204972549,
    "end": 1646204972550,
    "duration": 1,
    "pid": 13364,
    "index": 56
  },
  {
    "name": "Require(47) node_modules/egg-onerror/app.js",
    "start": 1646204972550,
    "end": 1646204972555,
    "duration": 5,
    "pid": 13364,
    "index": 57
  },
  {
    "name": "Require(48) node_modules/egg-i18n/app.js",
    "start": 1646204972555,
    "end": 1646204972564,
    "duration": 9,
    "pid": 13364,
    "index": 58
  },
  {
    "name": "Require(49) node_modules/egg-watcher/app.js",
    "start": 1646204972564,
    "end": 1646204972566,
    "duration": 2,
    "pid": 13364,
    "index": 59
  },
  {
    "name": "Require(50) node_modules/egg-schedule/app.js",
    "start": 1646204972566,
    "end": 1646204972567,
    "duration": 1,
    "pid": 13364,
    "index": 60
  },
  {
    "name": "Require(51) node_modules/egg-multipart/app.js",
    "start": 1646204972568,
    "end": 1646204972568,
    "duration": 0,
    "pid": 13364,
    "index": 61
  },
  {
    "name": "Require(52) node_modules/egg-development/app.js",
    "start": 1646204972568,
    "end": 1646204972568,
    "duration": 0,
    "pid": 13364,
    "index": 62
  },
  {
    "name": "Require(53) node_modules/egg-logrotator/app.js",
    "start": 1646204972569,
    "end": 1646204972569,
    "duration": 0,
    "pid": 13364,
    "index": 63
  },
  {
    "name": "Require(54) node_modules/egg-static/app.js",
    "start": 1646204972569,
    "end": 1646204972569,
    "duration": 0,
    "pid": 13364,
    "index": 64
  },
  {
    "name": "Require(55) node_modules/egg-sequelize/app.js",
    "start": 1646204972569,
    "end": 1646204972570,
    "duration": 1,
    "pid": 13364,
    "index": 65
  },
  {
    "name": "Require(56) node_modules/egg-view-nunjucks/app.js",
    "start": 1646204972570,
    "end": 1646204972570,
    "duration": 0,
    "pid": 13364,
    "index": 66
  },
  {
    "name": "Require(57) node_modules/egg-cors/app.js",
    "start": 1646204972570,
    "end": 1646204972571,
    "duration": 1,
    "pid": 13364,
    "index": 67
  },
  {
    "name": "Require(58) node_modules/egg-jwt/app.js",
    "start": 1646204972571,
    "end": 1646204972571,
    "duration": 0,
    "pid": 13364,
    "index": 68
  },
  {
    "name": "Require(59) node_modules/egg-socket.io/app.js",
    "start": 1646204972571,
    "end": 1646204972598,
    "duration": 27,
    "pid": 13364,
    "index": 69
  },
  {
    "name": "Require(60) node_modules/egg-etag/app.js",
    "start": 1646204972598,
    "end": 1646204972598,
    "duration": 0,
    "pid": 13364,
    "index": 70
  },
  {
    "name": "Require(61) app.js",
    "start": 1646204972599,
    "end": 1646204972599,
    "duration": 0,
    "pid": 13364,
    "index": 71
  },
  {
    "name": "Before Start in node_modules/egg-watcher/lib/init.js:15:14",
    "start": 1646204972605,
    "end": 1646204972987,
    "duration": 382,
    "pid": 13364,
    "index": 72
  },
  {
    "name": "Load \"Symbol(model)\" to Application",
    "start": 1646204972837,
    "end": 1646204972851,
    "duration": 14,
    "pid": 13364,
    "index": 73
  },
  {
    "name": "Before Start in node_modules/egg-sequelize/lib/loader.js:39:7",
    "start": 1646204972851,
    "end": 1646204972996,
    "duration": 145,
    "pid": 13364,
    "index": 74
  },
  {
    "name": "Load Controller",
    "start": 1646204972860,
    "end": 1646204972937,
    "duration": 77,
    "pid": 13364,
    "index": 75
  },
  {
    "name": "Load \"controller\" to Application",
    "start": 1646204972860,
    "end": 1646204972937,
    "duration": 77,
    "pid": 13364,
    "index": 76
  },
  {
    "name": "Before Start in node_modules/egg-socket.io/lib/io.js:26:7",
    "start": 1646204972865,
    "end": 1646204972972,
    "duration": 107,
    "pid": 13364,
    "index": 77
  },
  {
    "name": "Before Start in app.js:2:7",
    "start": 1646204972865,
    "end": 1646204973017,
    "duration": 152,
    "pid": 13364,
    "index": 78
  },
  {
    "name": "Load Service",
    "start": 1646204972866,
    "end": 1646204972874,
    "duration": 8,
    "pid": 13364,
    "index": 79
  },
  {
    "name": "Load \"service\" to Context",
    "start": 1646204972866,
    "end": 1646204972874,
    "duration": 8,
    "pid": 13364,
    "index": 80
  },
  {
    "name": "Load Middleware",
    "start": 1646204972874,
    "end": 1646204972937,
    "duration": 63,
    "pid": 13364,
    "index": 81
  },
  {
    "name": "Load \"middlewares\" to Application",
    "start": 1646204972874,
    "end": 1646204972930,
    "duration": 56,
    "pid": 13364,
    "index": 82
  },
  {
    "name": "Load Controller",
    "start": 1646204972937,
    "end": 1646204972945,
    "duration": 8,
    "pid": 13364,
    "index": 83
  },
  {
    "name": "Load \"controller\" to Application",
    "start": 1646204972937,
    "end": 1646204972945,
    "duration": 8,
    "pid": 13364,
    "index": 84
  },
  {
    "name": "Load Router",
    "start": 1646204972945,
    "end": 1646204972948,
    "duration": 3,
    "pid": 13364,
    "index": 85
  },
  {
    "name": "Require(62) app/router.js",
    "start": 1646204972945,
    "end": 1646204972945,
    "duration": 0,
    "pid": 13364,
    "index": 86
  },
  {
    "name": "Before Start in node_modules/egg-core/lib/egg.js:303:10",
    "start": 1646204972945,
    "end": 1646204972972,
    "duration": 27,
    "pid": 13364,
    "index": 87
  }
]