[
  {
    "name": "Process Start",
    "start": 1646189809525,
    "end": 1646189810236,
    "duration": 711,
    "pid": 2008,
    "index": 0
  },
  {
    "name": "Application Start",
    "start": 1646189810237,
    "end": 1646189810909,
    "duration": 672,
    "pid": 2008,
    "index": 1
  },
  {
    "name": "Load Plugin",
    "start": 1646189810239,
    "end": 1646189810257,
    "duration": 18,
    "pid": 2008,
    "index": 2
  },
  {
    "name": "Load Config",
    "start": 1646189810257,
    "end": 1646189810279,
    "duration": 22,
    "pid": 2008,
    "index": 3
  },
  {
    "name": "Require(0) config/config.default.js",
    "start": 1646189810257,
    "end": 1646189810258,
    "duration": 1,
    "pid": 2008,
    "index": 4
  },
  {
    "name": "Require(1) node_modules/egg-session/config/config.default.js",
    "start": 1646189810259,
    "end": 1646189810260,
    "duration": 1,
    "pid": 2008,
    "index": 5
  },
  {
    "name": "Require(2) node_modules/egg-security/config/config.default.js",
    "start": 1646189810260,
    "end": 1646189810260,
    "duration": 0,
    "pid": 2008,
    "index": 6
  },
  {
    "name": "Require(3) node_modules/egg-jsonp/config/config.default.js",
    "start": 1646189810261,
    "end": 1646189810261,
    "duration": 0,
    "pid": 2008,
    "index": 7
  },
  {
    "name": "Require(4) node_modules/egg-onerror/config/config.default.js",
    "start": 1646189810262,
    "end": 1646189810262,
    "duration": 0,
    "pid": 2008,
    "index": 8
  },
  {
    "name": "Require(5) node_modules/egg-i18n/config/config.default.js",
    "start": 1646189810262,
    "end": 1646189810263,
    "duration": 1,
    "pid": 2008,
    "index": 9
  },
  {
    "name": "Require(6) node_modules/egg-watcher/config/config.default.js",
    "start": 1646189810263,
    "end": 1646189810265,
    "duration": 2,
    "pid": 2008,
    "index": 10
  },
  {
    "name": "Require(7) node_modules/egg-schedule/config/config.default.js",
    "start": 1646189810265,
    "end": 1646189810265,
    "duration": 0,
    "pid": 2008,
    "index": 11
  },
  {
    "name": "Require(8) node_modules/egg-multipart/config/config.default.js",
    "start": 1646189810266,
    "end": 1646189810266,
    "duration": 0,
    "pid": 2008,
    "index": 12
  },
  {
    "name": "Require(9) node_modules/egg-development/config/config.default.js",
    "start": 1646189810267,
    "end": 1646189810267,
    "duration": 0,
    "pid": 2008,
    "index": 13
  },
  {
    "name": "Require(10) node_modules/egg-logrotator/config/config.default.js",
    "start": 1646189810267,
    "end": 1646189810268,
    "duration": 1,
    "pid": 2008,
    "index": 14
  },
  {
    "name": "Require(11) node_modules/egg-static/config/config.default.js",
    "start": 1646189810268,
    "end": 1646189810268,
    "duration": 0,
    "pid": 2008,
    "index": 15
  },
  {
    "name": "Require(12) node_modules/egg-view/config/config.default.js",
    "start": 1646189810269,
    "end": 1646189810269,
    "duration": 0,
    "pid": 2008,
    "index": 16
  },
  {
    "name": "Require(13) node_modules/egg-sequelize/config/config.default.js",
    "start": 1646189810269,
    "end": 1646189810270,
    "duration": 1,
    "pid": 2008,
    "index": 17
  },
  {
    "name": "Require(14) node_modules/egg-view-nunjucks/config/config.default.js",
    "start": 1646189810270,
    "end": 1646189810271,
    "duration": 1,
    "pid": 2008,
    "index": 18
  },
  {
    "name": "Require(15) node_modules/egg-cors/config/config.default.js",
    "start": 1646189810271,
    "end": 1646189810271,
    "duration": 0,
    "pid": 2008,
    "index": 19
  },
  {
    "name": "Require(16) node_modules/egg-jwt/config/config.default.js",
    "start": 1646189810272,
    "end": 1646189810272,
    "duration": 0,
    "pid": 2008,
    "index": 20
  },
  {
    "name": "Require(17) node_modules/egg-socket.io/config/config.default.js",
    "start": 1646189810272,
    "end": 1646189810272,
    "duration": 0,
    "pid": 2008,
    "index": 21
  },
  {
    "name": "Require(18) node_modules/egg-etag/config/config.default.js",
    "start": 1646189810273,
    "end": 1646189810273,
    "duration": 0,
    "pid": 2008,
    "index": 22
  },
  {
    "name": "Require(19) node_modules/egg/config/config.default.js",
    "start": 1646189810273,
    "end": 1646189810273,
    "duration": 0,
    "pid": 2008,
    "index": 23
  },
  {
    "name": "Require(20) config/config.default.js",
    "start": 1646189810274,
    "end": 1646189810274,
    "duration": 0,
    "pid": 2008,
    "index": 24
  },
  {
    "name": "Require(21) node_modules/egg-security/config/config.local.js",
    "start": 1646189810275,
    "end": 1646189810275,
    "duration": 0,
    "pid": 2008,
    "index": 25
  },
  {
    "name": "Require(22) node_modules/egg-watcher/config/config.local.js",
    "start": 1646189810275,
    "end": 1646189810276,
    "duration": 1,
    "pid": 2008,
    "index": 26
  },
  {
    "name": "Require(23) node_modules/egg-view/config/config.local.js",
    "start": 1646189810277,
    "end": 1646189810277,
    "duration": 0,
    "pid": 2008,
    "index": 27
  },
  {
    "name": "Require(24) node_modules/egg-view-nunjucks/config/config.local.js",
    "start": 1646189810277,
    "end": 1646189810277,
    "duration": 0,
    "pid": 2008,
    "index": 28
  },
  {
    "name": "Require(25) node_modules/egg/config/config.local.js",
    "start": 1646189810278,
    "end": 1646189810278,
    "duration": 0,
    "pid": 2008,
    "index": 29
  },
  {
    "name": "Load extend/application.js",
    "start": 1646189810279,
    "end": 1646189810364,
    "duration": 85,
    "pid": 2008,
    "index": 30
  },
  {
    "name": "Require(26) node_modules/egg-session/app/extend/application.js",
    "start": 1646189810280,
    "end": 1646189810280,
    "duration": 0,
    "pid": 2008,
    "index": 31
  },
  {
    "name": "Require(27) node_modules/egg-security/app/extend/application.js",
    "start": 1646189810280,
    "end": 1646189810281,
    "duration": 1,
    "pid": 2008,
    "index": 32
  },
  {
    "name": "Require(28) node_modules/egg-jsonp/app/extend/application.js",
    "start": 1646189810281,
    "end": 1646189810282,
    "duration": 1,
    "pid": 2008,
    "index": 33
  },
  {
    "name": "Require(29) node_modules/egg-logrotator/app/extend/application.js",
    "start": 1646189810283,
    "end": 1646189810285,
    "duration": 2,
    "pid": 2008,
    "index": 34
  },
  {
    "name": "Require(30) node_modules/egg-view/app/extend/application.js",
    "start": 1646189810285,
    "end": 1646189810286,
    "duration": 1,
    "pid": 2008,
    "index": 35
  },
  {
    "name": "Require(31) node_modules/egg-view-nunjucks/app/extend/application.js",
    "start": 1646189810287,
    "end": 1646189810303,
    "duration": 16,
    "pid": 2008,
    "index": 36
  },
  {
    "name": "Require(32) node_modules/egg-jwt/app/extend/application.js",
    "start": 1646189810303,
    "end": 1646189810329,
    "duration": 26,
    "pid": 2008,
    "index": 37
  },
  {
    "name": "Require(33) node_modules/egg-socket.io/app/extend/application.js",
    "start": 1646189810329,
    "end": 1646189810361,
    "duration": 32,
    "pid": 2008,
    "index": 38
  },
  {
    "name": "Load extend/request.js",
    "start": 1646189810364,
    "end": 1646189810370,
    "duration": 6,
    "pid": 2008,
    "index": 39
  },
  {
    "name": "Require(34) node_modules/egg/app/extend/request.js",
    "start": 1646189810367,
    "end": 1646189810367,
    "duration": 0,
    "pid": 2008,
    "index": 40
  },
  {
    "name": "Load extend/response.js",
    "start": 1646189810370,
    "end": 1646189810377,
    "duration": 7,
    "pid": 2008,
    "index": 41
  },
  {
    "name": "Require(35) node_modules/egg/app/extend/response.js",
    "start": 1646189810373,
    "end": 1646189810375,
    "duration": 2,
    "pid": 2008,
    "index": 42
  },
  {
    "name": "Load extend/context.js",
    "start": 1646189810377,
    "end": 1646189810425,
    "duration": 48,
    "pid": 2008,
    "index": 43
  },
  {
    "name": "Require(36) node_modules/egg-security/app/extend/context.js",
    "start": 1646189810378,
    "end": 1646189810384,
    "duration": 6,
    "pid": 2008,
    "index": 44
  },
  {
    "name": "Require(37) node_modules/egg-jsonp/app/extend/context.js",
    "start": 1646189810384,
    "end": 1646189810385,
    "duration": 1,
    "pid": 2008,
    "index": 45
  },
  {
    "name": "Require(38) node_modules/egg-i18n/app/extend/context.js",
    "start": 1646189810386,
    "end": 1646189810386,
    "duration": 0,
    "pid": 2008,
    "index": 46
  },
  {
    "name": "Require(39) node_modules/egg-multipart/app/extend/context.js",
    "start": 1646189810387,
    "end": 1646189810419,
    "duration": 32,
    "pid": 2008,
    "index": 47
  },
  {
    "name": "Require(40) node_modules/egg-view/app/extend/context.js",
    "start": 1646189810420,
    "end": 1646189810420,
    "duration": 0,
    "pid": 2008,
    "index": 48
  },
  {
    "name": "Require(41) node_modules/egg/app/extend/context.js",
    "start": 1646189810422,
    "end": 1646189810422,
    "duration": 0,
    "pid": 2008,
    "index": 49
  },
  {
    "name": "Load extend/helper.js",
    "start": 1646189810425,
    "end": 1646189810441,
    "duration": 16,
    "pid": 2008,
    "index": 50
  },
  {
    "name": "Require(42) node_modules/egg-security/app/extend/helper.js",
    "start": 1646189810426,
    "end": 1646189810435,
    "duration": 9,
    "pid": 2008,
    "index": 51
  },
  {
    "name": "Require(43) node_modules/egg/app/extend/helper.js",
    "start": 1646189810438,
    "end": 1646189810438,
    "duration": 0,
    "pid": 2008,
    "index": 52
  },
  {
    "name": "Require(44) app/extend/helper.js",
    "start": 1646189810438,
    "end": 1646189810439,
    "duration": 1,
    "pid": 2008,
    "index": 53
  },
  {
    "name": "Load app.js",
    "start": 1646189810442,
    "end": 1646189810495,
    "duration": 53,
    "pid": 2008,
    "index": 54
  },
  {
    "name": "Require(45) node_modules/egg-session/app.js",
    "start": 1646189810442,
    "end": 1646189810442,
    "duration": 0,
    "pid": 2008,
    "index": 55
  },
  {
    "name": "Require(46) node_modules/egg-security/app.js",
    "start": 1646189810442,
    "end": 1646189810443,
    "duration": 1,
    "pid": 2008,
    "index": 56
  },
  {
    "name": "Require(47) node_modules/egg-onerror/app.js",
    "start": 1646189810443,
    "end": 1646189810448,
    "duration": 5,
    "pid": 2008,
    "index": 57
  },
  {
    "name": "Require(48) node_modules/egg-i18n/app.js",
    "start": 1646189810449,
    "end": 1646189810458,
    "duration": 9,
    "pid": 2008,
    "index": 58
  },
  {
    "name": "Require(49) node_modules/egg-watcher/app.js",
    "start": 1646189810459,
    "end": 1646189810461,
    "duration": 2,
    "pid": 2008,
    "index": 59
  },
  {
    "name": "Require(50) node_modules/egg-schedule/app.js",
    "start": 1646189810461,
    "end": 1646189810462,
    "duration": 1,
    "pid": 2008,
    "index": 60
  },
  {
    "name": "Require(51) node_modules/egg-multipart/app.js",
    "start": 1646189810462,
    "end": 1646189810463,
    "duration": 1,
    "pid": 2008,
    "index": 61
  },
  {
    "name": "Require(52) node_modules/egg-development/app.js",
    "start": 1646189810463,
    "end": 1646189810463,
    "duration": 0,
    "pid": 2008,
    "index": 62
  },
  {
    "name": "Require(53) node_modules/egg-logrotator/app.js",
    "start": 1646189810463,
    "end": 1646189810463,
    "duration": 0,
    "pid": 2008,
    "index": 63
  },
  {
    "name": "Require(54) node_modules/egg-static/app.js",
    "start": 1646189810463,
    "end": 1646189810464,
    "duration": 1,
    "pid": 2008,
    "index": 64
  },
  {
    "name": "Require(55) node_modules/egg-sequelize/app.js",
    "start": 1646189810464,
    "end": 1646189810464,
    "duration": 0,
    "pid": 2008,
    "index": 65
  },
  {
    "name": "Require(56) node_modules/egg-view-nunjucks/app.js",
    "start": 1646189810465,
    "end": 1646189810465,
    "duration": 0,
    "pid": 2008,
    "index": 66
  },
  {
    "name": "Require(57) node_modules/egg-cors/app.js",
    "start": 1646189810465,
    "end": 1646189810465,
    "duration": 0,
    "pid": 2008,
    "index": 67
  },
  {
    "name": "Require(58) node_modules/egg-jwt/app.js",
    "start": 1646189810465,
    "end": 1646189810466,
    "duration": 1,
    "pid": 2008,
    "index": 68
  },
  {
    "name": "Require(59) node_modules/egg-socket.io/app.js",
    "start": 1646189810466,
    "end": 1646189810494,
    "duration": 28,
    "pid": 2008,
    "index": 69
  },
  {
    "name": "Require(60) node_modules/egg-etag/app.js",
    "start": 1646189810494,
    "end": 1646189810495,
    "duration": 1,
    "pid": 2008,
    "index": 70
  },
  {
    "name": "Require(61) app.js",
    "start": 1646189810495,
    "end": 1646189810495,
    "duration": 0,
    "pid": 2008,
    "index": 71
  },
  {
    "name": "Before Start in node_modules/egg-watcher/lib/init.js:15:14",
    "start": 1646189810500,
    "end": 1646189810881,
    "duration": 381,
    "pid": 2008,
    "index": 72
  },
  {
    "name": "Load \"Symbol(model)\" to Application",
    "start": 1646189810729,
    "end": 1646189810743,
    "duration": 14,
    "pid": 2008,
    "index": 73
  },
  {
    "name": "Before Start in node_modules/egg-sequelize/lib/loader.js:39:7",
    "start": 1646189810743,
    "end": 1646189810890,
    "duration": 147,
    "pid": 2008,
    "index": 74
  },
  {
    "name": "Load Controller",
    "start": 1646189810752,
    "end": 1646189810826,
    "duration": 74,
    "pid": 2008,
    "index": 75
  },
  {
    "name": "Load \"controller\" to Application",
    "start": 1646189810752,
    "end": 1646189810826,
    "duration": 74,
    "pid": 2008,
    "index": 76
  },
  {
    "name": "Before Start in node_modules/egg-socket.io/lib/io.js:26:7",
    "start": 1646189810758,
    "end": 1646189810866,
    "duration": 108,
    "pid": 2008,
    "index": 77
  },
  {
    "name": "Before Start in app.js:2:7",
    "start": 1646189810758,
    "end": 1646189810909,
    "duration": 151,
    "pid": 2008,
    "index": 78
  },
  {
    "name": "Load Service",
    "start": 1646189810758,
    "end": 1646189810766,
    "duration": 8,
    "pid": 2008,
    "index": 79
  },
  {
    "name": "Load \"service\" to Context",
    "start": 1646189810758,
    "end": 1646189810766,
    "duration": 8,
    "pid": 2008,
    "index": 80
  },
  {
    "name": "Load Middleware",
    "start": 1646189810766,
    "end": 1646189810826,
    "duration": 60,
    "pid": 2008,
    "index": 81
  },
  {
    "name": "Load \"middlewares\" to Application",
    "start": 1646189810766,
    "end": 1646189810819,
    "duration": 53,
    "pid": 2008,
    "index": 82
  },
  {
    "name": "Load Controller",
    "start": 1646189810826,
    "end": 1646189810834,
    "duration": 8,
    "pid": 2008,
    "index": 83
  },
  {
    "name": "Load \"controller\" to Application",
    "start": 1646189810826,
    "end": 1646189810834,
    "duration": 8,
    "pid": 2008,
    "index": 84
  },
  {
    "name": "Load Router",
    "start": 1646189810834,
    "end": 1646189810838,
    "duration": 4,
    "pid": 2008,
    "index": 85
  },
  {
    "name": "Require(62) app/router.js",
    "start": 1646189810834,
    "end": 1646189810834,
    "duration": 0,
    "pid": 2008,
    "index": 86
  },
  {
    "name": "Before Start in node_modules/egg-core/lib/egg.js:303:10",
    "start": 1646189810835,
    "end": 1646189810866,
    "duration": 31,
    "pid": 2008,
    "index": 87
  }
]