[
  {
    "name": "Process Start",
    "start": 1646189830645,
    "end": 1646189831330,
    "duration": 685,
    "pid": 14836,
    "index": 0
  },
  {
    "name": "Application Start",
    "start": 1646189831330,
    "end": 1646189831980,
    "duration": 650,
    "pid": 14836,
    "index": 1
  },
  {
    "name": "Load Plugin",
    "start": 1646189831333,
    "end": 1646189831349,
    "duration": 16,
    "pid": 14836,
    "index": 2
  },
  {
    "name": "Load Config",
    "start": 1646189831349,
    "end": 1646189831369,
    "duration": 20,
    "pid": 14836,
    "index": 3
  },
  {
    "name": "Require(0) config/config.default.js",
    "start": 1646189831350,
    "end": 1646189831350,
    "duration": 0,
    "pid": 14836,
    "index": 4
  },
  {
    "name": "Require(1) node_modules/egg-session/config/config.default.js",
    "start": 1646189831351,
    "end": 1646189831352,
    "duration": 1,
    "pid": 14836,
    "index": 5
  },
  {
    "name": "Require(2) node_modules/egg-security/config/config.default.js",
    "start": 1646189831352,
    "end": 1646189831352,
    "duration": 0,
    "pid": 14836,
    "index": 6
  },
  {
    "name": "Require(3) node_modules/egg-jsonp/config/config.default.js",
    "start": 1646189831353,
    "end": 1646189831353,
    "duration": 0,
    "pid": 14836,
    "index": 7
  },
  {
    "name": "Require(4) node_modules/egg-onerror/config/config.default.js",
    "start": 1646189831353,
    "end": 1646189831354,
    "duration": 1,
    "pid": 14836,
    "index": 8
  },
  {
    "name": "Require(5) node_modules/egg-i18n/config/config.default.js",
    "start": 1646189831354,
    "end": 1646189831354,
    "duration": 0,
    "pid": 14836,
    "index": 9
  },
  {
    "name": "Require(6) node_modules/egg-watcher/config/config.default.js",
    "start": 1646189831354,
    "end": 1646189831355,
    "duration": 1,
    "pid": 14836,
    "index": 10
  },
  {
    "name": "Require(7) node_modules/egg-schedule/config/config.default.js",
    "start": 1646189831355,
    "end": 1646189831355,
    "duration": 0,
    "pid": 14836,
    "index": 11
  },
  {
    "name": "Require(8) node_modules/egg-multipart/config/config.default.js",
    "start": 1646189831357,
    "end": 1646189831358,
    "duration": 1,
    "pid": 14836,
    "index": 12
  },
  {
    "name": "Require(9) node_modules/egg-development/config/config.default.js",
    "start": 1646189831358,
    "end": 1646189831358,
    "duration": 0,
    "pid": 14836,
    "index": 13
  },
  {
    "name": "Require(10) node_modules/egg-logrotator/config/config.default.js",
    "start": 1646189831359,
    "end": 1646189831359,
    "duration": 0,
    "pid": 14836,
    "index": 14
  },
  {
    "name": "Require(11) node_modules/egg-static/config/config.default.js",
    "start": 1646189831359,
    "end": 1646189831360,
    "duration": 1,
    "pid": 14836,
    "index": 15
  },
  {
    "name": "Require(12) node_modules/egg-view/config/config.default.js",
    "start": 1646189831360,
    "end": 1646189831360,
    "duration": 0,
    "pid": 14836,
    "index": 16
  },
  {
    "name": "Require(13) node_modules/egg-sequelize/config/config.default.js",
    "start": 1646189831361,
    "end": 1646189831361,
    "duration": 0,
    "pid": 14836,
    "index": 17
  },
  {
    "name": "Require(14) node_modules/egg-view-nunjucks/config/config.default.js",
    "start": 1646189831361,
    "end": 1646189831362,
    "duration": 1,
    "pid": 14836,
    "index": 18
  },
  {
    "name": "Require(15) node_modules/egg-cors/config/config.default.js",
    "start": 1646189831362,
    "end": 1646189831362,
    "duration": 0,
    "pid": 14836,
    "index": 19
  },
  {
    "name": "Require(16) node_modules/egg-jwt/config/config.default.js",
    "start": 1646189831362,
    "end": 1646189831363,
    "duration": 1,
    "pid": 14836,
    "index": 20
  },
  {
    "name": "Require(17) node_modules/egg-socket.io/config/config.default.js",
    "start": 1646189831363,
    "end": 1646189831363,
    "duration": 0,
    "pid": 14836,
    "index": 21
  },
  {
    "name": "Require(18) node_modules/egg-etag/config/config.default.js",
    "start": 1646189831363,
    "end": 1646189831364,
    "duration": 1,
    "pid": 14836,
    "index": 22
  },
  {
    "name": "Require(19) node_modules/egg/config/config.default.js",
    "start": 1646189831364,
    "end": 1646189831364,
    "duration": 0,
    "pid": 14836,
    "index": 23
  },
  {
    "name": "Require(20) config/config.default.js",
    "start": 1646189831365,
    "end": 1646189831365,
    "duration": 0,
    "pid": 14836,
    "index": 24
  },
  {
    "name": "Require(21) node_modules/egg-security/config/config.local.js",
    "start": 1646189831365,
    "end": 1646189831365,
    "duration": 0,
    "pid": 14836,
    "index": 25
  },
  {
    "name": "Require(22) node_modules/egg-watcher/config/config.local.js",
    "start": 1646189831366,
    "end": 1646189831366,
    "duration": 0,
    "pid": 14836,
    "index": 26
  },
  {
    "name": "Require(23) node_modules/egg-view/config/config.local.js",
    "start": 1646189831367,
    "end": 1646189831367,
    "duration": 0,
    "pid": 14836,
    "index": 27
  },
  {
    "name": "Require(24) node_modules/egg-view-nunjucks/config/config.local.js",
    "start": 1646189831368,
    "end": 1646189831368,
    "duration": 0,
    "pid": 14836,
    "index": 28
  },
  {
    "name": "Require(25) node_modules/egg/config/config.local.js",
    "start": 1646189831369,
    "end": 1646189831369,
    "duration": 0,
    "pid": 14836,
    "index": 29
  },
  {
    "name": "Load extend/application.js",
    "start": 1646189831370,
    "end": 1646189831451,
    "duration": 81,
    "pid": 14836,
    "index": 30
  },
  {
    "name": "Require(26) node_modules/egg-session/app/extend/application.js",
    "start": 1646189831370,
    "end": 1646189831370,
    "duration": 0,
    "pid": 14836,
    "index": 31
  },
  {
    "name": "Require(27) node_modules/egg-security/app/extend/application.js",
    "start": 1646189831371,
    "end": 1646189831371,
    "duration": 0,
    "pid": 14836,
    "index": 32
  },
  {
    "name": "Require(28) node_modules/egg-jsonp/app/extend/application.js",
    "start": 1646189831372,
    "end": 1646189831373,
    "duration": 1,
    "pid": 14836,
    "index": 33
  },
  {
    "name": "Require(29) node_modules/egg-logrotator/app/extend/application.js",
    "start": 1646189831374,
    "end": 1646189831375,
    "duration": 1,
    "pid": 14836,
    "index": 34
  },
  {
    "name": "Require(30) node_modules/egg-view/app/extend/application.js",
    "start": 1646189831376,
    "end": 1646189831377,
    "duration": 1,
    "pid": 14836,
    "index": 35
  },
  {
    "name": "Require(31) node_modules/egg-view-nunjucks/app/extend/application.js",
    "start": 1646189831377,
    "end": 1646189831393,
    "duration": 16,
    "pid": 14836,
    "index": 36
  },
  {
    "name": "Require(32) node_modules/egg-jwt/app/extend/application.js",
    "start": 1646189831394,
    "end": 1646189831418,
    "duration": 24,
    "pid": 14836,
    "index": 37
  },
  {
    "name": "Require(33) node_modules/egg-socket.io/app/extend/application.js",
    "start": 1646189831418,
    "end": 1646189831448,
    "duration": 30,
    "pid": 14836,
    "index": 38
  },
  {
    "name": "Load extend/request.js",
    "start": 1646189831451,
    "end": 1646189831458,
    "duration": 7,
    "pid": 14836,
    "index": 39
  },
  {
    "name": "Require(34) node_modules/egg/app/extend/request.js",
    "start": 1646189831454,
    "end": 1646189831455,
    "duration": 1,
    "pid": 14836,
    "index": 40
  },
  {
    "name": "Load extend/response.js",
    "start": 1646189831458,
    "end": 1646189831464,
    "duration": 6,
    "pid": 14836,
    "index": 41
  },
  {
    "name": "Require(35) node_modules/egg/app/extend/response.js",
    "start": 1646189831460,
    "end": 1646189831461,
    "duration": 1,
    "pid": 14836,
    "index": 42
  },
  {
    "name": "Load extend/context.js",
    "start": 1646189831464,
    "end": 1646189831507,
    "duration": 43,
    "pid": 14836,
    "index": 43
  },
  {
    "name": "Require(36) node_modules/egg-security/app/extend/context.js",
    "start": 1646189831464,
    "end": 1646189831469,
    "duration": 5,
    "pid": 14836,
    "index": 44
  },
  {
    "name": "Require(37) node_modules/egg-jsonp/app/extend/context.js",
    "start": 1646189831470,
    "end": 1646189831470,
    "duration": 0,
    "pid": 14836,
    "index": 45
  },
  {
    "name": "Require(38) node_modules/egg-i18n/app/extend/context.js",
    "start": 1646189831471,
    "end": 1646189831471,
    "duration": 0,
    "pid": 14836,
    "index": 46
  },
  {
    "name": "Require(39) node_modules/egg-multipart/app/extend/context.js",
    "start": 1646189831472,
    "end": 1646189831501,
    "duration": 29,
    "pid": 14836,
    "index": 47
  },
  {
    "name": "Require(40) node_modules/egg-view/app/extend/context.js",
    "start": 1646189831502,
    "end": 1646189831503,
    "duration": 1,
    "pid": 14836,
    "index": 48
  },
  {
    "name": "Require(41) node_modules/egg/app/extend/context.js",
    "start": 1646189831504,
    "end": 1646189831504,
    "duration": 0,
    "pid": 14836,
    "index": 49
  },
  {
    "name": "Load extend/helper.js",
    "start": 1646189831507,
    "end": 1646189831522,
    "duration": 15,
    "pid": 14836,
    "index": 50
  },
  {
    "name": "Require(42) node_modules/egg-security/app/extend/helper.js",
    "start": 1646189831507,
    "end": 1646189831516,
    "duration": 9,
    "pid": 14836,
    "index": 51
  },
  {
    "name": "Require(43) node_modules/egg/app/extend/helper.js",
    "start": 1646189831519,
    "end": 1646189831519,
    "duration": 0,
    "pid": 14836,
    "index": 52
  },
  {
    "name": "Require(44) app/extend/helper.js",
    "start": 1646189831519,
    "end": 1646189831519,
    "duration": 0,
    "pid": 14836,
    "index": 53
  },
  {
    "name": "Load app.js",
    "start": 1646189831522,
    "end": 1646189831571,
    "duration": 49,
    "pid": 14836,
    "index": 54
  },
  {
    "name": "Require(45) node_modules/egg-session/app.js",
    "start": 1646189831522,
    "end": 1646189831522,
    "duration": 0,
    "pid": 14836,
    "index": 55
  },
  {
    "name": "Require(46) node_modules/egg-security/app.js",
    "start": 1646189831523,
    "end": 1646189831524,
    "duration": 1,
    "pid": 14836,
    "index": 56
  },
  {
    "name": "Require(47) node_modules/egg-onerror/app.js",
    "start": 1646189831524,
    "end": 1646189831528,
    "duration": 4,
    "pid": 14836,
    "index": 57
  },
  {
    "name": "Require(48) node_modules/egg-i18n/app.js",
    "start": 1646189831528,
    "end": 1646189831537,
    "duration": 9,
    "pid": 14836,
    "index": 58
  },
  {
    "name": "Require(49) node_modules/egg-watcher/app.js",
    "start": 1646189831538,
    "end": 1646189831540,
    "duration": 2,
    "pid": 14836,
    "index": 59
  },
  {
    "name": "Require(50) node_modules/egg-schedule/app.js",
    "start": 1646189831540,
    "end": 1646189831541,
    "duration": 1,
    "pid": 14836,
    "index": 60
  },
  {
    "name": "Require(51) node_modules/egg-multipart/app.js",
    "start": 1646189831541,
    "end": 1646189831541,
    "duration": 0,
    "pid": 14836,
    "index": 61
  },
  {
    "name": "Require(52) node_modules/egg-development/app.js",
    "start": 1646189831542,
    "end": 1646189831542,
    "duration": 0,
    "pid": 14836,
    "index": 62
  },
  {
    "name": "Require(53) node_modules/egg-logrotator/app.js",
    "start": 1646189831542,
    "end": 1646189831542,
    "duration": 0,
    "pid": 14836,
    "index": 63
  },
  {
    "name": "Require(54) node_modules/egg-static/app.js",
    "start": 1646189831542,
    "end": 1646189831542,
    "duration": 0,
    "pid": 14836,
    "index": 64
  },
  {
    "name": "Require(55) node_modules/egg-sequelize/app.js",
    "start": 1646189831543,
    "end": 1646189831543,
    "duration": 0,
    "pid": 14836,
    "index": 65
  },
  {
    "name": "Require(56) node_modules/egg-view-nunjucks/app.js",
    "start": 1646189831543,
    "end": 1646189831543,
    "duration": 0,
    "pid": 14836,
    "index": 66
  },
  {
    "name": "Require(57) node_modules/egg-cors/app.js",
    "start": 1646189831543,
    "end": 1646189831544,
    "duration": 1,
    "pid": 14836,
    "index": 67
  },
  {
    "name": "Require(58) node_modules/egg-jwt/app.js",
    "start": 1646189831544,
    "end": 1646189831544,
    "duration": 0,
    "pid": 14836,
    "index": 68
  },
  {
    "name": "Require(59) node_modules/egg-socket.io/app.js",
    "start": 1646189831544,
    "end": 1646189831570,
    "duration": 26,
    "pid": 14836,
    "index": 69
  },
  {
    "name": "Require(60) node_modules/egg-etag/app.js",
    "start": 1646189831570,
    "end": 1646189831570,
    "duration": 0,
    "pid": 14836,
    "index": 70
  },
  {
    "name": "Require(61) app.js",
    "start": 1646189831571,
    "end": 1646189831571,
    "duration": 0,
    "pid": 14836,
    "index": 71
  },
  {
    "name": "Before Start in node_modules/egg-watcher/lib/init.js:15:14",
    "start": 1646189831576,
    "end": 1646189831950,
    "duration": 374,
    "pid": 14836,
    "index": 72
  },
  {
    "name": "Load \"Symbol(model)\" to Application",
    "start": 1646189831803,
    "end": 1646189831818,
    "duration": 15,
    "pid": 14836,
    "index": 73
  },
  {
    "name": "Before Start in node_modules/egg-sequelize/lib/loader.js:39:7",
    "start": 1646189831818,
    "end": 1646189831960,
    "duration": 142,
    "pid": 14836,
    "index": 74
  },
  {
    "name": "Load Controller",
    "start": 1646189831826,
    "end": 1646189831899,
    "duration": 73,
    "pid": 14836,
    "index": 75
  },
  {
    "name": "Load \"controller\" to Application",
    "start": 1646189831826,
    "end": 1646189831899,
    "duration": 73,
    "pid": 14836,
    "index": 76
  },
  {
    "name": "Before Start in node_modules/egg-socket.io/lib/io.js:26:7",
    "start": 1646189831831,
    "end": 1646189831936,
    "duration": 105,
    "pid": 14836,
    "index": 77
  },
  {
    "name": "Before Start in app.js:2:7",
    "start": 1646189831831,
    "end": 1646189831980,
    "duration": 149,
    "pid": 14836,
    "index": 78
  },
  {
    "name": "Load Service",
    "start": 1646189831831,
    "end": 1646189831839,
    "duration": 8,
    "pid": 14836,
    "index": 79
  },
  {
    "name": "Load \"service\" to Context",
    "start": 1646189831831,
    "end": 1646189831839,
    "duration": 8,
    "pid": 14836,
    "index": 80
  },
  {
    "name": "Load Middleware",
    "start": 1646189831839,
    "end": 1646189831899,
    "duration": 60,
    "pid": 14836,
    "index": 81
  },
  {
    "name": "Load \"middlewares\" to Application",
    "start": 1646189831839,
    "end": 1646189831891,
    "duration": 52,
    "pid": 14836,
    "index": 82
  },
  {
    "name": "Load Controller",
    "start": 1646189831899,
    "end": 1646189831907,
    "duration": 8,
    "pid": 14836,
    "index": 83
  },
  {
    "name": "Load \"controller\" to Application",
    "start": 1646189831899,
    "end": 1646189831907,
    "duration": 8,
    "pid": 14836,
    "index": 84
  },
  {
    "name": "Load Router",
    "start": 1646189831907,
    "end": 1646189831911,
    "duration": 4,
    "pid": 14836,
    "index": 85
  },
  {
    "name": "Require(62) app/router.js",
    "start": 1646189831907,
    "end": 1646189831908,
    "duration": 1,
    "pid": 14836,
    "index": 86
  },
  {
    "name": "Before Start in node_modules/egg-core/lib/egg.js:303:10",
    "start": 1646189831908,
    "end": 1646189831935,
    "duration": 27,
    "pid": 14836,
    "index": 87
  }
]