[
  {
    "name": "Process Start",
    "start": 1646181772653,
    "end": 1646181773575,
    "duration": 922,
    "pid": 2120,
    "index": 0
  },
  {
    "name": "Application Start",
    "start": 1646181773576,
    "end": 1646181774307,
    "duration": 731,
    "pid": 2120,
    "index": 1
  },
  {
    "name": "Load Plugin",
    "start": 1646181773579,
    "end": 1646181773601,
    "duration": 22,
    "pid": 2120,
    "index": 2
  },
  {
    "name": "Load Config",
    "start": 1646181773601,
    "end": 1646181773625,
    "duration": 24,
    "pid": 2120,
    "index": 3
  },
  {
    "name": "Require(0) config/config.default.js",
    "start": 1646181773601,
    "end": 1646181773602,
    "duration": 1,
    "pid": 2120,
    "index": 4
  },
  {
    "name": "Require(1) node_modules/egg-session/config/config.default.js",
    "start": 1646181773603,
    "end": 1646181773604,
    "duration": 1,
    "pid": 2120,
    "index": 5
  },
  {
    "name": "Require(2) node_modules/egg-security/config/config.default.js",
    "start": 1646181773604,
    "end": 1646181773605,
    "duration": 1,
    "pid": 2120,
    "index": 6
  },
  {
    "name": "Require(3) node_modules/egg-jsonp/config/config.default.js",
    "start": 1646181773608,
    "end": 1646181773608,
    "duration": 0,
    "pid": 2120,
    "index": 7
  },
  {
    "name": "Require(4) node_modules/egg-onerror/config/config.default.js",
    "start": 1646181773608,
    "end": 1646181773609,
    "duration": 1,
    "pid": 2120,
    "index": 8
  },
  {
    "name": "Require(5) node_modules/egg-i18n/config/config.default.js",
    "start": 1646181773609,
    "end": 1646181773610,
    "duration": 1,
    "pid": 2120,
    "index": 9
  },
  {
    "name": "Require(6) node_modules/egg-watcher/config/config.default.js",
    "start": 1646181773610,
    "end": 1646181773610,
    "duration": 0,
    "pid": 2120,
    "index": 10
  },
  {
    "name": "Require(7) node_modules/egg-schedule/config/config.default.js",
    "start": 1646181773611,
    "end": 1646181773611,
    "duration": 0,
    "pid": 2120,
    "index": 11
  },
  {
    "name": "Require(8) node_modules/egg-multipart/config/config.default.js",
    "start": 1646181773611,
    "end": 1646181773612,
    "duration": 1,
    "pid": 2120,
    "index": 12
  },
  {
    "name": "Require(9) node_modules/egg-development/config/config.default.js",
    "start": 1646181773612,
    "end": 1646181773613,
    "duration": 1,
    "pid": 2120,
    "index": 13
  },
  {
    "name": "Require(10) node_modules/egg-logrotator/config/config.default.js",
    "start": 1646181773613,
    "end": 1646181773613,
    "duration": 0,
    "pid": 2120,
    "index": 14
  },
  {
    "name": "Require(11) node_modules/egg-static/config/config.default.js",
    "start": 1646181773614,
    "end": 1646181773614,
    "duration": 0,
    "pid": 2120,
    "index": 15
  },
  {
    "name": "Require(12) node_modules/egg-view/config/config.default.js",
    "start": 1646181773615,
    "end": 1646181773615,
    "duration": 0,
    "pid": 2120,
    "index": 16
  },
  {
    "name": "Require(13) node_modules/egg-sequelize/config/config.default.js",
    "start": 1646181773615,
    "end": 1646181773616,
    "duration": 1,
    "pid": 2120,
    "index": 17
  },
  {
    "name": "Require(14) node_modules/egg-view-nunjucks/config/config.default.js",
    "start": 1646181773616,
    "end": 1646181773617,
    "duration": 1,
    "pid": 2120,
    "index": 18
  },
  {
    "name": "Require(15) node_modules/egg-cors/config/config.default.js",
    "start": 1646181773617,
    "end": 1646181773617,
    "duration": 0,
    "pid": 2120,
    "index": 19
  },
  {
    "name": "Require(16) node_modules/egg-jwt/config/config.default.js",
    "start": 1646181773617,
    "end": 1646181773618,
    "duration": 1,
    "pid": 2120,
    "index": 20
  },
  {
    "name": "Require(17) node_modules/egg-socket.io/config/config.default.js",
    "start": 1646181773618,
    "end": 1646181773618,
    "duration": 0,
    "pid": 2120,
    "index": 21
  },
  {
    "name": "Require(18) node_modules/egg-etag/config/config.default.js",
    "start": 1646181773619,
    "end": 1646181773619,
    "duration": 0,
    "pid": 2120,
    "index": 22
  },
  {
    "name": "Require(19) node_modules/egg/config/config.default.js",
    "start": 1646181773619,
    "end": 1646181773619,
    "duration": 0,
    "pid": 2120,
    "index": 23
  },
  {
    "name": "Require(20) config/config.default.js",
    "start": 1646181773620,
    "end": 1646181773620,
    "duration": 0,
    "pid": 2120,
    "index": 24
  },
  {
    "name": "Require(21) node_modules/egg-security/config/config.local.js",
    "start": 1646181773621,
    "end": 1646181773621,
    "duration": 0,
    "pid": 2120,
    "index": 25
  },
  {
    "name": "Require(22) node_modules/egg-watcher/config/config.local.js",
    "start": 1646181773622,
    "end": 1646181773622,
    "duration": 0,
    "pid": 2120,
    "index": 26
  },
  {
    "name": "Require(23) node_modules/egg-view/config/config.local.js",
    "start": 1646181773623,
    "end": 1646181773623,
    "duration": 0,
    "pid": 2120,
    "index": 27
  },
  {
    "name": "Require(24) node_modules/egg-view-nunjucks/config/config.local.js",
    "start": 1646181773624,
    "end": 1646181773624,
    "duration": 0,
    "pid": 2120,
    "index": 28
  },
  {
    "name": "Require(25) node_modules/egg/config/config.local.js",
    "start": 1646181773625,
    "end": 1646181773625,
    "duration": 0,
    "pid": 2120,
    "index": 29
  },
  {
    "name": "Load extend/application.js",
    "start": 1646181773626,
    "end": 1646181773725,
    "duration": 99,
    "pid": 2120,
    "index": 30
  },
  {
    "name": "Require(26) node_modules/egg-session/app/extend/application.js",
    "start": 1646181773627,
    "end": 1646181773627,
    "duration": 0,
    "pid": 2120,
    "index": 31
  },
  {
    "name": "Require(27) node_modules/egg-security/app/extend/application.js",
    "start": 1646181773627,
    "end": 1646181773628,
    "duration": 1,
    "pid": 2120,
    "index": 32
  },
  {
    "name": "Require(28) node_modules/egg-jsonp/app/extend/application.js",
    "start": 1646181773628,
    "end": 1646181773630,
    "duration": 2,
    "pid": 2120,
    "index": 33
  },
  {
    "name": "Require(29) node_modules/egg-logrotator/app/extend/application.js",
    "start": 1646181773631,
    "end": 1646181773632,
    "duration": 1,
    "pid": 2120,
    "index": 34
  },
  {
    "name": "Require(30) node_modules/egg-view/app/extend/application.js",
    "start": 1646181773633,
    "end": 1646181773634,
    "duration": 1,
    "pid": 2120,
    "index": 35
  },
  {
    "name": "Require(31) node_modules/egg-view-nunjucks/app/extend/application.js",
    "start": 1646181773634,
    "end": 1646181773653,
    "duration": 19,
    "pid": 2120,
    "index": 36
  },
  {
    "name": "Require(32) node_modules/egg-jwt/app/extend/application.js",
    "start": 1646181773654,
    "end": 1646181773684,
    "duration": 30,
    "pid": 2120,
    "index": 37
  },
  {
    "name": "Require(33) node_modules/egg-socket.io/app/extend/application.js",
    "start": 1646181773684,
    "end": 1646181773721,
    "duration": 37,
    "pid": 2120,
    "index": 38
  },
  {
    "name": "Load extend/request.js",
    "start": 1646181773725,
    "end": 1646181773733,
    "duration": 8,
    "pid": 2120,
    "index": 39
  },
  {
    "name": "Require(34) node_modules/egg/app/extend/request.js",
    "start": 1646181773728,
    "end": 1646181773729,
    "duration": 1,
    "pid": 2120,
    "index": 40
  },
  {
    "name": "Load extend/response.js",
    "start": 1646181773733,
    "end": 1646181773743,
    "duration": 10,
    "pid": 2120,
    "index": 41
  },
  {
    "name": "Require(35) node_modules/egg/app/extend/response.js",
    "start": 1646181773736,
    "end": 1646181773737,
    "duration": 1,
    "pid": 2120,
    "index": 42
  },
  {
    "name": "Load extend/context.js",
    "start": 1646181773743,
    "end": 1646181773796,
    "duration": 53,
    "pid": 2120,
    "index": 43
  },
  {
    "name": "Require(36) node_modules/egg-security/app/extend/context.js",
    "start": 1646181773743,
    "end": 1646181773750,
    "duration": 7,
    "pid": 2120,
    "index": 44
  },
  {
    "name": "Require(37) node_modules/egg-jsonp/app/extend/context.js",
    "start": 1646181773750,
    "end": 1646181773751,
    "duration": 1,
    "pid": 2120,
    "index": 45
  },
  {
    "name": "Require(38) node_modules/egg-i18n/app/extend/context.js",
    "start": 1646181773751,
    "end": 1646181773752,
    "duration": 1,
    "pid": 2120,
    "index": 46
  },
  {
    "name": "Require(39) node_modules/egg-multipart/app/extend/context.js",
    "start": 1646181773752,
    "end": 1646181773788,
    "duration": 36,
    "pid": 2120,
    "index": 47
  },
  {
    "name": "Require(40) node_modules/egg-view/app/extend/context.js",
    "start": 1646181773789,
    "end": 1646181773790,
    "duration": 1,
    "pid": 2120,
    "index": 48
  },
  {
    "name": "Require(41) node_modules/egg/app/extend/context.js",
    "start": 1646181773791,
    "end": 1646181773793,
    "duration": 2,
    "pid": 2120,
    "index": 49
  },
  {
    "name": "Load extend/helper.js",
    "start": 1646181773796,
    "end": 1646181773814,
    "duration": 18,
    "pid": 2120,
    "index": 50
  },
  {
    "name": "Require(42) node_modules/egg-security/app/extend/helper.js",
    "start": 1646181773796,
    "end": 1646181773807,
    "duration": 11,
    "pid": 2120,
    "index": 51
  },
  {
    "name": "Require(43) node_modules/egg/app/extend/helper.js",
    "start": 1646181773810,
    "end": 1646181773810,
    "duration": 0,
    "pid": 2120,
    "index": 52
  },
  {
    "name": "Require(44) app/extend/helper.js",
    "start": 1646181773811,
    "end": 1646181773811,
    "duration": 0,
    "pid": 2120,
    "index": 53
  },
  {
    "name": "Load app.js",
    "start": 1646181773814,
    "end": 1646181773870,
    "duration": 56,
    "pid": 2120,
    "index": 54
  },
  {
    "name": "Require(45) node_modules/egg-session/app.js",
    "start": 1646181773815,
    "end": 1646181773815,
    "duration": 0,
    "pid": 2120,
    "index": 55
  },
  {
    "name": "Require(46) node_modules/egg-security/app.js",
    "start": 1646181773815,
    "end": 1646181773817,
    "duration": 2,
    "pid": 2120,
    "index": 56
  },
  {
    "name": "Require(47) node_modules/egg-onerror/app.js",
    "start": 1646181773817,
    "end": 1646181773823,
    "duration": 6,
    "pid": 2120,
    "index": 57
  },
  {
    "name": "Require(48) node_modules/egg-i18n/app.js",
    "start": 1646181773823,
    "end": 1646181773834,
    "duration": 11,
    "pid": 2120,
    "index": 58
  },
  {
    "name": "Require(49) node_modules/egg-watcher/app.js",
    "start": 1646181773834,
    "end": 1646181773836,
    "duration": 2,
    "pid": 2120,
    "index": 59
  },
  {
    "name": "Require(50) node_modules/egg-schedule/app.js",
    "start": 1646181773836,
    "end": 1646181773838,
    "duration": 2,
    "pid": 2120,
    "index": 60
  },
  {
    "name": "Require(51) node_modules/egg-multipart/app.js",
    "start": 1646181773838,
    "end": 1646181773838,
    "duration": 0,
    "pid": 2120,
    "index": 61
  },
  {
    "name": "Require(52) node_modules/egg-development/app.js",
    "start": 1646181773839,
    "end": 1646181773839,
    "duration": 0,
    "pid": 2120,
    "index": 62
  },
  {
    "name": "Require(53) node_modules/egg-logrotator/app.js",
    "start": 1646181773839,
    "end": 1646181773839,
    "duration": 0,
    "pid": 2120,
    "index": 63
  },
  {
    "name": "Require(54) node_modules/egg-static/app.js",
    "start": 1646181773839,
    "end": 1646181773840,
    "duration": 1,
    "pid": 2120,
    "index": 64
  },
  {
    "name": "Require(55) node_modules/egg-sequelize/app.js",
    "start": 1646181773840,
    "end": 1646181773840,
    "duration": 0,
    "pid": 2120,
    "index": 65
  },
  {
    "name": "Require(56) node_modules/egg-view-nunjucks/app.js",
    "start": 1646181773840,
    "end": 1646181773841,
    "duration": 1,
    "pid": 2120,
    "index": 66
  },
  {
    "name": "Require(57) node_modules/egg-cors/app.js",
    "start": 1646181773841,
    "end": 1646181773841,
    "duration": 0,
    "pid": 2120,
    "index": 67
  },
  {
    "name": "Require(58) node_modules/egg-jwt/app.js",
    "start": 1646181773841,
    "end": 1646181773841,
    "duration": 0,
    "pid": 2120,
    "index": 68
  },
  {
    "name": "Require(59) node_modules/egg-socket.io/app.js",
    "start": 1646181773841,
    "end": 1646181773869,
    "duration": 28,
    "pid": 2120,
    "index": 69
  },
  {
    "name": "Require(60) node_modules/egg-etag/app.js",
    "start": 1646181773870,
    "end": 1646181773870,
    "duration": 0,
    "pid": 2120,
    "index": 70
  },
  {
    "name": "Require(61) app.js",
    "start": 1646181773870,
    "end": 1646181773870,
    "duration": 0,
    "pid": 2120,
    "index": 71
  },
  {
    "name": "Before Start in node_modules/egg-watcher/lib/init.js:15:14",
    "start": 1646181773876,
    "end": 1646181774278,
    "duration": 402,
    "pid": 2120,
    "index": 72
  },
  {
    "name": "Load \"Symbol(model)\" to Application",
    "start": 1646181774115,
    "end": 1646181774129,
    "duration": 14,
    "pid": 2120,
    "index": 73
  },
  {
    "name": "Before Start in node_modules/egg-sequelize/lib/loader.js:39:7",
    "start": 1646181774129,
    "end": 1646181774288,
    "duration": 159,
    "pid": 2120,
    "index": 74
  },
  {
    "name": "Load Controller",
    "start": 1646181774138,
    "end": 1646181774223,
    "duration": 85,
    "pid": 2120,
    "index": 75
  },
  {
    "name": "Load \"controller\" to Application",
    "start": 1646181774138,
    "end": 1646181774223,
    "duration": 85,
    "pid": 2120,
    "index": 76
  },
  {
    "name": "Before Start in node_modules/egg-socket.io/lib/io.js:26:7",
    "start": 1646181774144,
    "end": 1646181774262,
    "duration": 118,
    "pid": 2120,
    "index": 77
  },
  {
    "name": "Before Start in app.js:2:7",
    "start": 1646181774144,
    "end": 1646181774307,
    "duration": 163,
    "pid": 2120,
    "index": 78
  },
  {
    "name": "Load Service",
    "start": 1646181774144,
    "end": 1646181774152,
    "duration": 8,
    "pid": 2120,
    "index": 79
  },
  {
    "name": "Load \"service\" to Context",
    "start": 1646181774144,
    "end": 1646181774152,
    "duration": 8,
    "pid": 2120,
    "index": 80
  },
  {
    "name": "Load Middleware",
    "start": 1646181774153,
    "end": 1646181774223,
    "duration": 70,
    "pid": 2120,
    "index": 81
  },
  {
    "name": "Load \"middlewares\" to Application",
    "start": 1646181774153,
    "end": 1646181774215,
    "duration": 62,
    "pid": 2120,
    "index": 82
  },
  {
    "name": "Load Controller",
    "start": 1646181774223,
    "end": 1646181774233,
    "duration": 10,
    "pid": 2120,
    "index": 83
  },
  {
    "name": "Load \"controller\" to Application",
    "start": 1646181774223,
    "end": 1646181774233,
    "duration": 10,
    "pid": 2120,
    "index": 84
  },
  {
    "name": "Load Router",
    "start": 1646181774233,
    "end": 1646181774237,
    "duration": 4,
    "pid": 2120,
    "index": 85
  },
  {
    "name": "Require(62) app/router.js",
    "start": 1646181774233,
    "end": 1646181774233,
    "duration": 0,
    "pid": 2120,
    "index": 86
  },
  {
    "name": "Before Start in node_modules/egg-core/lib/egg.js:303:10",
    "start": 1646181774233,
    "end": 1646181774261,
    "duration": 28,
    "pid": 2120,
    "index": 87
  }
]