[
  {
    "name": "Process Start",
    "start": 1646189826322,
    "end": 1646189827020,
    "duration": 698,
    "pid": 15876,
    "index": 0
  },
  {
    "name": "Application Start",
    "start": 1646189827021,
    "end": 1646189827710,
    "duration": 689,
    "pid": 15876,
    "index": 1
  },
  {
    "name": "Load Plugin",
    "start": 1646189827024,
    "end": 1646189827041,
    "duration": 17,
    "pid": 15876,
    "index": 2
  },
  {
    "name": "Load Config",
    "start": 1646189827041,
    "end": 1646189827062,
    "duration": 21,
    "pid": 15876,
    "index": 3
  },
  {
    "name": "Require(0) config/config.default.js",
    "start": 1646189827042,
    "end": 1646189827042,
    "duration": 0,
    "pid": 15876,
    "index": 4
  },
  {
    "name": "Require(1) node_modules/egg-session/config/config.default.js",
    "start": 1646189827043,
    "end": 1646189827044,
    "duration": 1,
    "pid": 15876,
    "index": 5
  },
  {
    "name": "Require(2) node_modules/egg-security/config/config.default.js",
    "start": 1646189827044,
    "end": 1646189827044,
    "duration": 0,
    "pid": 15876,
    "index": 6
  },
  {
    "name": "Require(3) node_modules/egg-jsonp/config/config.default.js",
    "start": 1646189827045,
    "end": 1646189827045,
    "duration": 0,
    "pid": 15876,
    "index": 7
  },
  {
    "name": "Require(4) node_modules/egg-onerror/config/config.default.js",
    "start": 1646189827046,
    "end": 1646189827046,
    "duration": 0,
    "pid": 15876,
    "index": 8
  },
  {
    "name": "Require(5) node_modules/egg-i18n/config/config.default.js",
    "start": 1646189827046,
    "end": 1646189827047,
    "duration": 1,
    "pid": 15876,
    "index": 9
  },
  {
    "name": "Require(6) node_modules/egg-watcher/config/config.default.js",
    "start": 1646189827048,
    "end": 1646189827049,
    "duration": 1,
    "pid": 15876,
    "index": 10
  },
  {
    "name": "Require(7) node_modules/egg-schedule/config/config.default.js",
    "start": 1646189827049,
    "end": 1646189827050,
    "duration": 1,
    "pid": 15876,
    "index": 11
  },
  {
    "name": "Require(8) node_modules/egg-multipart/config/config.default.js",
    "start": 1646189827050,
    "end": 1646189827050,
    "duration": 0,
    "pid": 15876,
    "index": 12
  },
  {
    "name": "Require(9) node_modules/egg-development/config/config.default.js",
    "start": 1646189827051,
    "end": 1646189827051,
    "duration": 0,
    "pid": 15876,
    "index": 13
  },
  {
    "name": "Require(10) node_modules/egg-logrotator/config/config.default.js",
    "start": 1646189827051,
    "end": 1646189827051,
    "duration": 0,
    "pid": 15876,
    "index": 14
  },
  {
    "name": "Require(11) node_modules/egg-static/config/config.default.js",
    "start": 1646189827052,
    "end": 1646189827052,
    "duration": 0,
    "pid": 15876,
    "index": 15
  },
  {
    "name": "Require(12) node_modules/egg-view/config/config.default.js",
    "start": 1646189827052,
    "end": 1646189827053,
    "duration": 1,
    "pid": 15876,
    "index": 16
  },
  {
    "name": "Require(13) node_modules/egg-sequelize/config/config.default.js",
    "start": 1646189827053,
    "end": 1646189827053,
    "duration": 0,
    "pid": 15876,
    "index": 17
  },
  {
    "name": "Require(14) node_modules/egg-view-nunjucks/config/config.default.js",
    "start": 1646189827054,
    "end": 1646189827054,
    "duration": 0,
    "pid": 15876,
    "index": 18
  },
  {
    "name": "Require(15) node_modules/egg-cors/config/config.default.js",
    "start": 1646189827054,
    "end": 1646189827055,
    "duration": 1,
    "pid": 15876,
    "index": 19
  },
  {
    "name": "Require(16) node_modules/egg-jwt/config/config.default.js",
    "start": 1646189827055,
    "end": 1646189827055,
    "duration": 0,
    "pid": 15876,
    "index": 20
  },
  {
    "name": "Require(17) node_modules/egg-socket.io/config/config.default.js",
    "start": 1646189827055,
    "end": 1646189827056,
    "duration": 1,
    "pid": 15876,
    "index": 21
  },
  {
    "name": "Require(18) node_modules/egg-etag/config/config.default.js",
    "start": 1646189827056,
    "end": 1646189827056,
    "duration": 0,
    "pid": 15876,
    "index": 22
  },
  {
    "name": "Require(19) node_modules/egg/config/config.default.js",
    "start": 1646189827056,
    "end": 1646189827057,
    "duration": 1,
    "pid": 15876,
    "index": 23
  },
  {
    "name": "Require(20) config/config.default.js",
    "start": 1646189827057,
    "end": 1646189827057,
    "duration": 0,
    "pid": 15876,
    "index": 24
  },
  {
    "name": "Require(21) node_modules/egg-security/config/config.local.js",
    "start": 1646189827058,
    "end": 1646189827058,
    "duration": 0,
    "pid": 15876,
    "index": 25
  },
  {
    "name": "Require(22) node_modules/egg-watcher/config/config.local.js",
    "start": 1646189827059,
    "end": 1646189827059,
    "duration": 0,
    "pid": 15876,
    "index": 26
  },
  {
    "name": "Require(23) node_modules/egg-view/config/config.local.js",
    "start": 1646189827060,
    "end": 1646189827060,
    "duration": 0,
    "pid": 15876,
    "index": 27
  },
  {
    "name": "Require(24) node_modules/egg-view-nunjucks/config/config.local.js",
    "start": 1646189827060,
    "end": 1646189827060,
    "duration": 0,
    "pid": 15876,
    "index": 28
  },
  {
    "name": "Require(25) node_modules/egg/config/config.local.js",
    "start": 1646189827061,
    "end": 1646189827062,
    "duration": 1,
    "pid": 15876,
    "index": 29
  },
  {
    "name": "Load extend/application.js",
    "start": 1646189827063,
    "end": 1646189827145,
    "duration": 82,
    "pid": 15876,
    "index": 30
  },
  {
    "name": "Require(26) node_modules/egg-session/app/extend/application.js",
    "start": 1646189827063,
    "end": 1646189827063,
    "duration": 0,
    "pid": 15876,
    "index": 31
  },
  {
    "name": "Require(27) node_modules/egg-security/app/extend/application.js",
    "start": 1646189827064,
    "end": 1646189827064,
    "duration": 0,
    "pid": 15876,
    "index": 32
  },
  {
    "name": "Require(28) node_modules/egg-jsonp/app/extend/application.js",
    "start": 1646189827065,
    "end": 1646189827066,
    "duration": 1,
    "pid": 15876,
    "index": 33
  },
  {
    "name": "Require(29) node_modules/egg-logrotator/app/extend/application.js",
    "start": 1646189827067,
    "end": 1646189827068,
    "duration": 1,
    "pid": 15876,
    "index": 34
  },
  {
    "name": "Require(30) node_modules/egg-view/app/extend/application.js",
    "start": 1646189827069,
    "end": 1646189827070,
    "duration": 1,
    "pid": 15876,
    "index": 35
  },
  {
    "name": "Require(31) node_modules/egg-view-nunjucks/app/extend/application.js",
    "start": 1646189827070,
    "end": 1646189827086,
    "duration": 16,
    "pid": 15876,
    "index": 36
  },
  {
    "name": "Require(32) node_modules/egg-jwt/app/extend/application.js",
    "start": 1646189827087,
    "end": 1646189827112,
    "duration": 25,
    "pid": 15876,
    "index": 37
  },
  {
    "name": "Require(33) node_modules/egg-socket.io/app/extend/application.js",
    "start": 1646189827112,
    "end": 1646189827142,
    "duration": 30,
    "pid": 15876,
    "index": 38
  },
  {
    "name": "Load extend/request.js",
    "start": 1646189827145,
    "end": 1646189827152,
    "duration": 7,
    "pid": 15876,
    "index": 39
  },
  {
    "name": "Require(34) node_modules/egg/app/extend/request.js",
    "start": 1646189827148,
    "end": 1646189827148,
    "duration": 0,
    "pid": 15876,
    "index": 40
  },
  {
    "name": "Load extend/response.js",
    "start": 1646189827152,
    "end": 1646189827158,
    "duration": 6,
    "pid": 15876,
    "index": 41
  },
  {
    "name": "Require(35) node_modules/egg/app/extend/response.js",
    "start": 1646189827154,
    "end": 1646189827155,
    "duration": 1,
    "pid": 15876,
    "index": 42
  },
  {
    "name": "Load extend/context.js",
    "start": 1646189827158,
    "end": 1646189827206,
    "duration": 48,
    "pid": 15876,
    "index": 43
  },
  {
    "name": "Require(36) node_modules/egg-security/app/extend/context.js",
    "start": 1646189827158,
    "end": 1646189827165,
    "duration": 7,
    "pid": 15876,
    "index": 44
  },
  {
    "name": "Require(37) node_modules/egg-jsonp/app/extend/context.js",
    "start": 1646189827165,
    "end": 1646189827166,
    "duration": 1,
    "pid": 15876,
    "index": 45
  },
  {
    "name": "Require(38) node_modules/egg-i18n/app/extend/context.js",
    "start": 1646189827167,
    "end": 1646189827167,
    "duration": 0,
    "pid": 15876,
    "index": 46
  },
  {
    "name": "Require(39) node_modules/egg-multipart/app/extend/context.js",
    "start": 1646189827167,
    "end": 1646189827200,
    "duration": 33,
    "pid": 15876,
    "index": 47
  },
  {
    "name": "Require(40) node_modules/egg-view/app/extend/context.js",
    "start": 1646189827201,
    "end": 1646189827201,
    "duration": 0,
    "pid": 15876,
    "index": 48
  },
  {
    "name": "Require(41) node_modules/egg/app/extend/context.js",
    "start": 1646189827202,
    "end": 1646189827203,
    "duration": 1,
    "pid": 15876,
    "index": 49
  },
  {
    "name": "Load extend/helper.js",
    "start": 1646189827206,
    "end": 1646189827222,
    "duration": 16,
    "pid": 15876,
    "index": 50
  },
  {
    "name": "Require(42) node_modules/egg-security/app/extend/helper.js",
    "start": 1646189827206,
    "end": 1646189827216,
    "duration": 10,
    "pid": 15876,
    "index": 51
  },
  {
    "name": "Require(43) node_modules/egg/app/extend/helper.js",
    "start": 1646189827219,
    "end": 1646189827219,
    "duration": 0,
    "pid": 15876,
    "index": 52
  },
  {
    "name": "Require(44) app/extend/helper.js",
    "start": 1646189827219,
    "end": 1646189827219,
    "duration": 0,
    "pid": 15876,
    "index": 53
  },
  {
    "name": "Load app.js",
    "start": 1646189827222,
    "end": 1646189827274,
    "duration": 52,
    "pid": 15876,
    "index": 54
  },
  {
    "name": "Require(45) node_modules/egg-session/app.js",
    "start": 1646189827222,
    "end": 1646189827222,
    "duration": 0,
    "pid": 15876,
    "index": 55
  },
  {
    "name": "Require(46) node_modules/egg-security/app.js",
    "start": 1646189827222,
    "end": 1646189827223,
    "duration": 1,
    "pid": 15876,
    "index": 56
  },
  {
    "name": "Require(47) node_modules/egg-onerror/app.js",
    "start": 1646189827224,
    "end": 1646189827228,
    "duration": 4,
    "pid": 15876,
    "index": 57
  },
  {
    "name": "Require(48) node_modules/egg-i18n/app.js",
    "start": 1646189827228,
    "end": 1646189827239,
    "duration": 11,
    "pid": 15876,
    "index": 58
  },
  {
    "name": "Require(49) node_modules/egg-watcher/app.js",
    "start": 1646189827239,
    "end": 1646189827241,
    "duration": 2,
    "pid": 15876,
    "index": 59
  },
  {
    "name": "Require(50) node_modules/egg-schedule/app.js",
    "start": 1646189827241,
    "end": 1646189827242,
    "duration": 1,
    "pid": 15876,
    "index": 60
  },
  {
    "name": "Require(51) node_modules/egg-multipart/app.js",
    "start": 1646189827242,
    "end": 1646189827243,
    "duration": 1,
    "pid": 15876,
    "index": 61
  },
  {
    "name": "Require(52) node_modules/egg-development/app.js",
    "start": 1646189827243,
    "end": 1646189827243,
    "duration": 0,
    "pid": 15876,
    "index": 62
  },
  {
    "name": "Require(53) node_modules/egg-logrotator/app.js",
    "start": 1646189827243,
    "end": 1646189827243,
    "duration": 0,
    "pid": 15876,
    "index": 63
  },
  {
    "name": "Require(54) node_modules/egg-static/app.js",
    "start": 1646189827243,
    "end": 1646189827244,
    "duration": 1,
    "pid": 15876,
    "index": 64
  },
  {
    "name": "Require(55) node_modules/egg-sequelize/app.js",
    "start": 1646189827244,
    "end": 1646189827244,
    "duration": 0,
    "pid": 15876,
    "index": 65
  },
  {
    "name": "Require(56) node_modules/egg-view-nunjucks/app.js",
    "start": 1646189827244,
    "end": 1646189827245,
    "duration": 1,
    "pid": 15876,
    "index": 66
  },
  {
    "name": "Require(57) node_modules/egg-cors/app.js",
    "start": 1646189827245,
    "end": 1646189827245,
    "duration": 0,
    "pid": 15876,
    "index": 67
  },
  {
    "name": "Require(58) node_modules/egg-jwt/app.js",
    "start": 1646189827246,
    "end": 1646189827246,
    "duration": 0,
    "pid": 15876,
    "index": 68
  },
  {
    "name": "Require(59) node_modules/egg-socket.io/app.js",
    "start": 1646189827246,
    "end": 1646189827273,
    "duration": 27,
    "pid": 15876,
    "index": 69
  },
  {
    "name": "Require(60) node_modules/egg-etag/app.js",
    "start": 1646189827273,
    "end": 1646189827274,
    "duration": 1,
    "pid": 15876,
    "index": 70
  },
  {
    "name": "Require(61) app.js",
    "start": 1646189827274,
    "end": 1646189827274,
    "duration": 0,
    "pid": 15876,
    "index": 71
  },
  {
    "name": "Before Start in node_modules/egg-watcher/lib/init.js:15:14",
    "start": 1646189827280,
    "end": 1646189827680,
    "duration": 400,
    "pid": 15876,
    "index": 72
  },
  {
    "name": "Load \"Symbol(model)\" to Application",
    "start": 1646189827523,
    "end": 1646189827538,
    "duration": 15,
    "pid": 15876,
    "index": 73
  },
  {
    "name": "Before Start in node_modules/egg-sequelize/lib/loader.js:39:7",
    "start": 1646189827538,
    "end": 1646189827689,
    "duration": 151,
    "pid": 15876,
    "index": 74
  },
  {
    "name": "Load Controller",
    "start": 1646189827548,
    "end": 1646189827628,
    "duration": 80,
    "pid": 15876,
    "index": 75
  },
  {
    "name": "Load \"controller\" to Application",
    "start": 1646189827548,
    "end": 1646189827628,
    "duration": 80,
    "pid": 15876,
    "index": 76
  },
  {
    "name": "Before Start in node_modules/egg-socket.io/lib/io.js:26:7",
    "start": 1646189827553,
    "end": 1646189827663,
    "duration": 110,
    "pid": 15876,
    "index": 77
  },
  {
    "name": "Before Start in app.js:2:7",
    "start": 1646189827553,
    "end": 1646189827710,
    "duration": 157,
    "pid": 15876,
    "index": 78
  },
  {
    "name": "Load Service",
    "start": 1646189827553,
    "end": 1646189827563,
    "duration": 10,
    "pid": 15876,
    "index": 79
  },
  {
    "name": "Load \"service\" to Context",
    "start": 1646189827554,
    "end": 1646189827563,
    "duration": 9,
    "pid": 15876,
    "index": 80
  },
  {
    "name": "Load Middleware",
    "start": 1646189827563,
    "end": 1646189827628,
    "duration": 65,
    "pid": 15876,
    "index": 81
  },
  {
    "name": "Load \"middlewares\" to Application",
    "start": 1646189827563,
    "end": 1646189827620,
    "duration": 57,
    "pid": 15876,
    "index": 82
  },
  {
    "name": "Load Controller",
    "start": 1646189827628,
    "end": 1646189827636,
    "duration": 8,
    "pid": 15876,
    "index": 83
  },
  {
    "name": "Load \"controller\" to Application",
    "start": 1646189827628,
    "end": 1646189827636,
    "duration": 8,
    "pid": 15876,
    "index": 84
  },
  {
    "name": "Load Router",
    "start": 1646189827636,
    "end": 1646189827640,
    "duration": 4,
    "pid": 15876,
    "index": 85
  },
  {
    "name": "Require(62) app/router.js",
    "start": 1646189827636,
    "end": 1646189827637,
    "duration": 1,
    "pid": 15876,
    "index": 86
  },
  {
    "name": "Before Start in node_modules/egg-core/lib/egg.js:303:10",
    "start": 1646189827637,
    "end": 1646189827663,
    "duration": 26,
    "pid": 15876,
    "index": 87
  }
]