[
  {
    "name": "Process Start",
    "start": 1646204599043,
    "end": 1646204599739,
    "duration": 696,
    "pid": 11680,
    "index": 0
  },
  {
    "name": "Application Start",
    "start": 1646204599739,
    "end": 1646204600430,
    "duration": 691,
    "pid": 11680,
    "index": 1
  },
  {
    "name": "Load Plugin",
    "start": 1646204599742,
    "end": 1646204599764,
    "duration": 22,
    "pid": 11680,
    "index": 2
  },
  {
    "name": "Load Config",
    "start": 1646204599764,
    "end": 1646204599785,
    "duration": 21,
    "pid": 11680,
    "index": 3
  },
  {
    "name": "Require(0) config/config.default.js",
    "start": 1646204599764,
    "end": 1646204599765,
    "duration": 1,
    "pid": 11680,
    "index": 4
  },
  {
    "name": "Require(1) node_modules/egg-session/config/config.default.js",
    "start": 1646204599766,
    "end": 1646204599766,
    "duration": 0,
    "pid": 11680,
    "index": 5
  },
  {
    "name": "Require(2) node_modules/egg-security/config/config.default.js",
    "start": 1646204599766,
    "end": 1646204599767,
    "duration": 1,
    "pid": 11680,
    "index": 6
  },
  {
    "name": "Require(3) node_modules/egg-jsonp/config/config.default.js",
    "start": 1646204599767,
    "end": 1646204599768,
    "duration": 1,
    "pid": 11680,
    "index": 7
  },
  {
    "name": "Require(4) node_modules/egg-onerror/config/config.default.js",
    "start": 1646204599768,
    "end": 1646204599768,
    "duration": 0,
    "pid": 11680,
    "index": 8
  },
  {
    "name": "Require(5) node_modules/egg-i18n/config/config.default.js",
    "start": 1646204599769,
    "end": 1646204599769,
    "duration": 0,
    "pid": 11680,
    "index": 9
  },
  {
    "name": "Require(6) node_modules/egg-watcher/config/config.default.js",
    "start": 1646204599769,
    "end": 1646204599769,
    "duration": 0,
    "pid": 11680,
    "index": 10
  },
  {
    "name": "Require(7) node_modules/egg-schedule/config/config.default.js",
    "start": 1646204599770,
    "end": 1646204599770,
    "duration": 0,
    "pid": 11680,
    "index": 11
  },
  {
    "name": "Require(8) node_modules/egg-multipart/config/config.default.js",
    "start": 1646204599770,
    "end": 1646204599772,
    "duration": 2,
    "pid": 11680,
    "index": 12
  },
  {
    "name": "Require(9) node_modules/egg-development/config/config.default.js",
    "start": 1646204599772,
    "end": 1646204599773,
    "duration": 1,
    "pid": 11680,
    "index": 13
  },
  {
    "name": "Require(10) node_modules/egg-logrotator/config/config.default.js",
    "start": 1646204599773,
    "end": 1646204599773,
    "duration": 0,
    "pid": 11680,
    "index": 14
  },
  {
    "name": "Require(11) node_modules/egg-static/config/config.default.js",
    "start": 1646204599774,
    "end": 1646204599774,
    "duration": 0,
    "pid": 11680,
    "index": 15
  },
  {
    "name": "Require(12) node_modules/egg-view/config/config.default.js",
    "start": 1646204599774,
    "end": 1646204599775,
    "duration": 1,
    "pid": 11680,
    "index": 16
  },
  {
    "name": "Require(13) node_modules/egg-sequelize/config/config.default.js",
    "start": 1646204599775,
    "end": 1646204599775,
    "duration": 0,
    "pid": 11680,
    "index": 17
  },
  {
    "name": "Require(14) node_modules/egg-view-nunjucks/config/config.default.js",
    "start": 1646204599776,
    "end": 1646204599776,
    "duration": 0,
    "pid": 11680,
    "index": 18
  },
  {
    "name": "Require(15) node_modules/egg-cors/config/config.default.js",
    "start": 1646204599776,
    "end": 1646204599777,
    "duration": 1,
    "pid": 11680,
    "index": 19
  },
  {
    "name": "Require(16) node_modules/egg-jwt/config/config.default.js",
    "start": 1646204599777,
    "end": 1646204599777,
    "duration": 0,
    "pid": 11680,
    "index": 20
  },
  {
    "name": "Require(17) node_modules/egg-socket.io/config/config.default.js",
    "start": 1646204599777,
    "end": 1646204599778,
    "duration": 1,
    "pid": 11680,
    "index": 21
  },
  {
    "name": "Require(18) node_modules/egg-etag/config/config.default.js",
    "start": 1646204599778,
    "end": 1646204599778,
    "duration": 0,
    "pid": 11680,
    "index": 22
  },
  {
    "name": "Require(19) node_modules/egg/config/config.default.js",
    "start": 1646204599779,
    "end": 1646204599779,
    "duration": 0,
    "pid": 11680,
    "index": 23
  },
  {
    "name": "Require(20) config/config.default.js",
    "start": 1646204599780,
    "end": 1646204599780,
    "duration": 0,
    "pid": 11680,
    "index": 24
  },
  {
    "name": "Require(21) node_modules/egg-security/config/config.local.js",
    "start": 1646204599780,
    "end": 1646204599781,
    "duration": 1,
    "pid": 11680,
    "index": 25
  },
  {
    "name": "Require(22) node_modules/egg-watcher/config/config.local.js",
    "start": 1646204599781,
    "end": 1646204599782,
    "duration": 1,
    "pid": 11680,
    "index": 26
  },
  {
    "name": "Require(23) node_modules/egg-view/config/config.local.js",
    "start": 1646204599783,
    "end": 1646204599783,
    "duration": 0,
    "pid": 11680,
    "index": 27
  },
  {
    "name": "Require(24) node_modules/egg-view-nunjucks/config/config.local.js",
    "start": 1646204599783,
    "end": 1646204599783,
    "duration": 0,
    "pid": 11680,
    "index": 28
  },
  {
    "name": "Require(25) node_modules/egg/config/config.local.js",
    "start": 1646204599784,
    "end": 1646204599784,
    "duration": 0,
    "pid": 11680,
    "index": 29
  },
  {
    "name": "Load extend/application.js",
    "start": 1646204599785,
    "end": 1646204599872,
    "duration": 87,
    "pid": 11680,
    "index": 30
  },
  {
    "name": "Require(26) node_modules/egg-session/app/extend/application.js",
    "start": 1646204599786,
    "end": 1646204599786,
    "duration": 0,
    "pid": 11680,
    "index": 31
  },
  {
    "name": "Require(27) node_modules/egg-security/app/extend/application.js",
    "start": 1646204599786,
    "end": 1646204599787,
    "duration": 1,
    "pid": 11680,
    "index": 32
  },
  {
    "name": "Require(28) node_modules/egg-jsonp/app/extend/application.js",
    "start": 1646204599787,
    "end": 1646204599789,
    "duration": 2,
    "pid": 11680,
    "index": 33
  },
  {
    "name": "Require(29) node_modules/egg-logrotator/app/extend/application.js",
    "start": 1646204599790,
    "end": 1646204599792,
    "duration": 2,
    "pid": 11680,
    "index": 34
  },
  {
    "name": "Require(30) node_modules/egg-view/app/extend/application.js",
    "start": 1646204599792,
    "end": 1646204599793,
    "duration": 1,
    "pid": 11680,
    "index": 35
  },
  {
    "name": "Require(31) node_modules/egg-view-nunjucks/app/extend/application.js",
    "start": 1646204599794,
    "end": 1646204599811,
    "duration": 17,
    "pid": 11680,
    "index": 36
  },
  {
    "name": "Require(32) node_modules/egg-jwt/app/extend/application.js",
    "start": 1646204599811,
    "end": 1646204599838,
    "duration": 27,
    "pid": 11680,
    "index": 37
  },
  {
    "name": "Require(33) node_modules/egg-socket.io/app/extend/application.js",
    "start": 1646204599838,
    "end": 1646204599869,
    "duration": 31,
    "pid": 11680,
    "index": 38
  },
  {
    "name": "Load extend/request.js",
    "start": 1646204599872,
    "end": 1646204599879,
    "duration": 7,
    "pid": 11680,
    "index": 39
  },
  {
    "name": "Require(34) node_modules/egg/app/extend/request.js",
    "start": 1646204599875,
    "end": 1646204599876,
    "duration": 1,
    "pid": 11680,
    "index": 40
  },
  {
    "name": "Load extend/response.js",
    "start": 1646204599879,
    "end": 1646204599886,
    "duration": 7,
    "pid": 11680,
    "index": 41
  },
  {
    "name": "Require(35) node_modules/egg/app/extend/response.js",
    "start": 1646204599882,
    "end": 1646204599883,
    "duration": 1,
    "pid": 11680,
    "index": 42
  },
  {
    "name": "Load extend/context.js",
    "start": 1646204599886,
    "end": 1646204599935,
    "duration": 49,
    "pid": 11680,
    "index": 43
  },
  {
    "name": "Require(36) node_modules/egg-security/app/extend/context.js",
    "start": 1646204599887,
    "end": 1646204599893,
    "duration": 6,
    "pid": 11680,
    "index": 44
  },
  {
    "name": "Require(37) node_modules/egg-jsonp/app/extend/context.js",
    "start": 1646204599893,
    "end": 1646204599894,
    "duration": 1,
    "pid": 11680,
    "index": 45
  },
  {
    "name": "Require(38) node_modules/egg-i18n/app/extend/context.js",
    "start": 1646204599894,
    "end": 1646204599895,
    "duration": 1,
    "pid": 11680,
    "index": 46
  },
  {
    "name": "Require(39) node_modules/egg-multipart/app/extend/context.js",
    "start": 1646204599895,
    "end": 1646204599929,
    "duration": 34,
    "pid": 11680,
    "index": 47
  },
  {
    "name": "Require(40) node_modules/egg-view/app/extend/context.js",
    "start": 1646204599930,
    "end": 1646204599931,
    "duration": 1,
    "pid": 11680,
    "index": 48
  },
  {
    "name": "Require(41) node_modules/egg/app/extend/context.js",
    "start": 1646204599932,
    "end": 1646204599933,
    "duration": 1,
    "pid": 11680,
    "index": 49
  },
  {
    "name": "Load extend/helper.js",
    "start": 1646204599936,
    "end": 1646204599952,
    "duration": 16,
    "pid": 11680,
    "index": 50
  },
  {
    "name": "Require(42) node_modules/egg-security/app/extend/helper.js",
    "start": 1646204599936,
    "end": 1646204599946,
    "duration": 10,
    "pid": 11680,
    "index": 51
  },
  {
    "name": "Require(43) node_modules/egg/app/extend/helper.js",
    "start": 1646204599948,
    "end": 1646204599948,
    "duration": 0,
    "pid": 11680,
    "index": 52
  },
  {
    "name": "Require(44) app/extend/helper.js",
    "start": 1646204599949,
    "end": 1646204599949,
    "duration": 0,
    "pid": 11680,
    "index": 53
  },
  {
    "name": "Load app.js",
    "start": 1646204599952,
    "end": 1646204600006,
    "duration": 54,
    "pid": 11680,
    "index": 54
  },
  {
    "name": "Require(45) node_modules/egg-session/app.js",
    "start": 1646204599952,
    "end": 1646204599952,
    "duration": 0,
    "pid": 11680,
    "index": 55
  },
  {
    "name": "Require(46) node_modules/egg-security/app.js",
    "start": 1646204599952,
    "end": 1646204599953,
    "duration": 1,
    "pid": 11680,
    "index": 56
  },
  {
    "name": "Require(47) node_modules/egg-onerror/app.js",
    "start": 1646204599954,
    "end": 1646204599959,
    "duration": 5,
    "pid": 11680,
    "index": 57
  },
  {
    "name": "Require(48) node_modules/egg-i18n/app.js",
    "start": 1646204599959,
    "end": 1646204599969,
    "duration": 10,
    "pid": 11680,
    "index": 58
  },
  {
    "name": "Require(49) node_modules/egg-watcher/app.js",
    "start": 1646204599969,
    "end": 1646204599971,
    "duration": 2,
    "pid": 11680,
    "index": 59
  },
  {
    "name": "Require(50) node_modules/egg-schedule/app.js",
    "start": 1646204599972,
    "end": 1646204599973,
    "duration": 1,
    "pid": 11680,
    "index": 60
  },
  {
    "name": "Require(51) node_modules/egg-multipart/app.js",
    "start": 1646204599973,
    "end": 1646204599973,
    "duration": 0,
    "pid": 11680,
    "index": 61
  },
  {
    "name": "Require(52) node_modules/egg-development/app.js",
    "start": 1646204599973,
    "end": 1646204599974,
    "duration": 1,
    "pid": 11680,
    "index": 62
  },
  {
    "name": "Require(53) node_modules/egg-logrotator/app.js",
    "start": 1646204599974,
    "end": 1646204599974,
    "duration": 0,
    "pid": 11680,
    "index": 63
  },
  {
    "name": "Require(54) node_modules/egg-static/app.js",
    "start": 1646204599974,
    "end": 1646204599974,
    "duration": 0,
    "pid": 11680,
    "index": 64
  },
  {
    "name": "Require(55) node_modules/egg-sequelize/app.js",
    "start": 1646204599975,
    "end": 1646204599975,
    "duration": 0,
    "pid": 11680,
    "index": 65
  },
  {
    "name": "Require(56) node_modules/egg-view-nunjucks/app.js",
    "start": 1646204599975,
    "end": 1646204599975,
    "duration": 0,
    "pid": 11680,
    "index": 66
  },
  {
    "name": "Require(57) node_modules/egg-cors/app.js",
    "start": 1646204599976,
    "end": 1646204599976,
    "duration": 0,
    "pid": 11680,
    "index": 67
  },
  {
    "name": "Require(58) node_modules/egg-jwt/app.js",
    "start": 1646204599976,
    "end": 1646204599976,
    "duration": 0,
    "pid": 11680,
    "index": 68
  },
  {
    "name": "Require(59) node_modules/egg-socket.io/app.js",
    "start": 1646204599976,
    "end": 1646204600005,
    "duration": 29,
    "pid": 11680,
    "index": 69
  },
  {
    "name": "Require(60) node_modules/egg-etag/app.js",
    "start": 1646204600005,
    "end": 1646204600006,
    "duration": 1,
    "pid": 11680,
    "index": 70
  },
  {
    "name": "Require(61) app.js",
    "start": 1646204600006,
    "end": 1646204600006,
    "duration": 0,
    "pid": 11680,
    "index": 71
  },
  {
    "name": "Before Start in node_modules/egg-watcher/lib/init.js:15:14",
    "start": 1646204600011,
    "end": 1646204600402,
    "duration": 391,
    "pid": 11680,
    "index": 72
  },
  {
    "name": "Load \"Symbol(model)\" to Application",
    "start": 1646204600254,
    "end": 1646204600269,
    "duration": 15,
    "pid": 11680,
    "index": 73
  },
  {
    "name": "Before Start in node_modules/egg-sequelize/lib/loader.js:39:7",
    "start": 1646204600269,
    "end": 1646204600410,
    "duration": 141,
    "pid": 11680,
    "index": 74
  },
  {
    "name": "Load Controller",
    "start": 1646204600277,
    "end": 1646204600353,
    "duration": 76,
    "pid": 11680,
    "index": 75
  },
  {
    "name": "Load \"controller\" to Application",
    "start": 1646204600277,
    "end": 1646204600353,
    "duration": 76,
    "pid": 11680,
    "index": 76
  },
  {
    "name": "Before Start in node_modules/egg-socket.io/lib/io.js:26:7",
    "start": 1646204600282,
    "end": 1646204600387,
    "duration": 105,
    "pid": 11680,
    "index": 77
  },
  {
    "name": "Before Start in app.js:2:7",
    "start": 1646204600283,
    "end": 1646204600430,
    "duration": 147,
    "pid": 11680,
    "index": 78
  },
  {
    "name": "Load Service",
    "start": 1646204600283,
    "end": 1646204600291,
    "duration": 8,
    "pid": 11680,
    "index": 79
  },
  {
    "name": "Load \"service\" to Context",
    "start": 1646204600283,
    "end": 1646204600291,
    "duration": 8,
    "pid": 11680,
    "index": 80
  },
  {
    "name": "Load Middleware",
    "start": 1646204600291,
    "end": 1646204600353,
    "duration": 62,
    "pid": 11680,
    "index": 81
  },
  {
    "name": "Load \"middlewares\" to Application",
    "start": 1646204600291,
    "end": 1646204600345,
    "duration": 54,
    "pid": 11680,
    "index": 82
  },
  {
    "name": "Load Controller",
    "start": 1646204600353,
    "end": 1646204600361,
    "duration": 8,
    "pid": 11680,
    "index": 83
  },
  {
    "name": "Load \"controller\" to Application",
    "start": 1646204600353,
    "end": 1646204600361,
    "duration": 8,
    "pid": 11680,
    "index": 84
  },
  {
    "name": "Load Router",
    "start": 1646204600361,
    "end": 1646204600365,
    "duration": 4,
    "pid": 11680,
    "index": 85
  },
  {
    "name": "Require(62) app/router.js",
    "start": 1646204600361,
    "end": 1646204600361,
    "duration": 0,
    "pid": 11680,
    "index": 86
  },
  {
    "name": "Before Start in node_modules/egg-core/lib/egg.js:303:10",
    "start": 1646204600362,
    "end": 1646204600387,
    "duration": 25,
    "pid": 11680,
    "index": 87
  }
]