[
  {
    "name": "Process Start",
    "start": 1646189798433,
    "end": 1646189799110,
    "duration": 677,
    "pid": 13408,
    "index": 0
  },
  {
    "name": "Application Start",
    "start": 1646189799110,
    "end": 1646189799774,
    "duration": 664,
    "pid": 13408,
    "index": 1
  },
  {
    "name": "Load Plugin",
    "start": 1646189799113,
    "end": 1646189799131,
    "duration": 18,
    "pid": 13408,
    "index": 2
  },
  {
    "name": "Load Config",
    "start": 1646189799131,
    "end": 1646189799152,
    "duration": 21,
    "pid": 13408,
    "index": 3
  },
  {
    "name": "Require(0) config/config.default.js",
    "start": 1646189799131,
    "end": 1646189799132,
    "duration": 1,
    "pid": 13408,
    "index": 4
  },
  {
    "name": "Require(1) node_modules/egg-session/config/config.default.js",
    "start": 1646189799133,
    "end": 1646189799133,
    "duration": 0,
    "pid": 13408,
    "index": 5
  },
  {
    "name": "Require(2) node_modules/egg-security/config/config.default.js",
    "start": 1646189799134,
    "end": 1646189799134,
    "duration": 0,
    "pid": 13408,
    "index": 6
  },
  {
    "name": "Require(3) node_modules/egg-jsonp/config/config.default.js",
    "start": 1646189799135,
    "end": 1646189799135,
    "duration": 0,
    "pid": 13408,
    "index": 7
  },
  {
    "name": "Require(4) node_modules/egg-onerror/config/config.default.js",
    "start": 1646189799135,
    "end": 1646189799136,
    "duration": 1,
    "pid": 13408,
    "index": 8
  },
  {
    "name": "Require(5) node_modules/egg-i18n/config/config.default.js",
    "start": 1646189799136,
    "end": 1646189799138,
    "duration": 2,
    "pid": 13408,
    "index": 9
  },
  {
    "name": "Require(6) node_modules/egg-watcher/config/config.default.js",
    "start": 1646189799138,
    "end": 1646189799139,
    "duration": 1,
    "pid": 13408,
    "index": 10
  },
  {
    "name": "Require(7) node_modules/egg-schedule/config/config.default.js",
    "start": 1646189799139,
    "end": 1646189799139,
    "duration": 0,
    "pid": 13408,
    "index": 11
  },
  {
    "name": "Require(8) node_modules/egg-multipart/config/config.default.js",
    "start": 1646189799139,
    "end": 1646189799140,
    "duration": 1,
    "pid": 13408,
    "index": 12
  },
  {
    "name": "Require(9) node_modules/egg-development/config/config.default.js",
    "start": 1646189799140,
    "end": 1646189799140,
    "duration": 0,
    "pid": 13408,
    "index": 13
  },
  {
    "name": "Require(10) node_modules/egg-logrotator/config/config.default.js",
    "start": 1646189799141,
    "end": 1646189799141,
    "duration": 0,
    "pid": 13408,
    "index": 14
  },
  {
    "name": "Require(11) node_modules/egg-static/config/config.default.js",
    "start": 1646189799141,
    "end": 1646189799141,
    "duration": 0,
    "pid": 13408,
    "index": 15
  },
  {
    "name": "Require(12) node_modules/egg-view/config/config.default.js",
    "start": 1646189799142,
    "end": 1646189799142,
    "duration": 0,
    "pid": 13408,
    "index": 16
  },
  {
    "name": "Require(13) node_modules/egg-sequelize/config/config.default.js",
    "start": 1646189799143,
    "end": 1646189799143,
    "duration": 0,
    "pid": 13408,
    "index": 17
  },
  {
    "name": "Require(14) node_modules/egg-view-nunjucks/config/config.default.js",
    "start": 1646189799143,
    "end": 1646189799144,
    "duration": 1,
    "pid": 13408,
    "index": 18
  },
  {
    "name": "Require(15) node_modules/egg-cors/config/config.default.js",
    "start": 1646189799144,
    "end": 1646189799145,
    "duration": 1,
    "pid": 13408,
    "index": 19
  },
  {
    "name": "Require(16) node_modules/egg-jwt/config/config.default.js",
    "start": 1646189799145,
    "end": 1646189799145,
    "duration": 0,
    "pid": 13408,
    "index": 20
  },
  {
    "name": "Require(17) node_modules/egg-socket.io/config/config.default.js",
    "start": 1646189799145,
    "end": 1646189799145,
    "duration": 0,
    "pid": 13408,
    "index": 21
  },
  {
    "name": "Require(18) node_modules/egg-etag/config/config.default.js",
    "start": 1646189799146,
    "end": 1646189799146,
    "duration": 0,
    "pid": 13408,
    "index": 22
  },
  {
    "name": "Require(19) node_modules/egg/config/config.default.js",
    "start": 1646189799146,
    "end": 1646189799146,
    "duration": 0,
    "pid": 13408,
    "index": 23
  },
  {
    "name": "Require(20) config/config.default.js",
    "start": 1646189799147,
    "end": 1646189799147,
    "duration": 0,
    "pid": 13408,
    "index": 24
  },
  {
    "name": "Require(21) node_modules/egg-security/config/config.local.js",
    "start": 1646189799148,
    "end": 1646189799148,
    "duration": 0,
    "pid": 13408,
    "index": 25
  },
  {
    "name": "Require(22) node_modules/egg-watcher/config/config.local.js",
    "start": 1646189799149,
    "end": 1646189799149,
    "duration": 0,
    "pid": 13408,
    "index": 26
  },
  {
    "name": "Require(23) node_modules/egg-view/config/config.local.js",
    "start": 1646189799150,
    "end": 1646189799150,
    "duration": 0,
    "pid": 13408,
    "index": 27
  },
  {
    "name": "Require(24) node_modules/egg-view-nunjucks/config/config.local.js",
    "start": 1646189799151,
    "end": 1646189799151,
    "duration": 0,
    "pid": 13408,
    "index": 28
  },
  {
    "name": "Require(25) node_modules/egg/config/config.local.js",
    "start": 1646189799152,
    "end": 1646189799152,
    "duration": 0,
    "pid": 13408,
    "index": 29
  },
  {
    "name": "Load extend/application.js",
    "start": 1646189799153,
    "end": 1646189799235,
    "duration": 82,
    "pid": 13408,
    "index": 30
  },
  {
    "name": "Require(26) node_modules/egg-session/app/extend/application.js",
    "start": 1646189799153,
    "end": 1646189799153,
    "duration": 0,
    "pid": 13408,
    "index": 31
  },
  {
    "name": "Require(27) node_modules/egg-security/app/extend/application.js",
    "start": 1646189799154,
    "end": 1646189799154,
    "duration": 0,
    "pid": 13408,
    "index": 32
  },
  {
    "name": "Require(28) node_modules/egg-jsonp/app/extend/application.js",
    "start": 1646189799154,
    "end": 1646189799156,
    "duration": 2,
    "pid": 13408,
    "index": 33
  },
  {
    "name": "Require(29) node_modules/egg-logrotator/app/extend/application.js",
    "start": 1646189799157,
    "end": 1646189799158,
    "duration": 1,
    "pid": 13408,
    "index": 34
  },
  {
    "name": "Require(30) node_modules/egg-view/app/extend/application.js",
    "start": 1646189799159,
    "end": 1646189799160,
    "duration": 1,
    "pid": 13408,
    "index": 35
  },
  {
    "name": "Require(31) node_modules/egg-view-nunjucks/app/extend/application.js",
    "start": 1646189799161,
    "end": 1646189799177,
    "duration": 16,
    "pid": 13408,
    "index": 36
  },
  {
    "name": "Require(32) node_modules/egg-jwt/app/extend/application.js",
    "start": 1646189799177,
    "end": 1646189799201,
    "duration": 24,
    "pid": 13408,
    "index": 37
  },
  {
    "name": "Require(33) node_modules/egg-socket.io/app/extend/application.js",
    "start": 1646189799202,
    "end": 1646189799232,
    "duration": 30,
    "pid": 13408,
    "index": 38
  },
  {
    "name": "Load extend/request.js",
    "start": 1646189799235,
    "end": 1646189799241,
    "duration": 6,
    "pid": 13408,
    "index": 39
  },
  {
    "name": "Require(34) node_modules/egg/app/extend/request.js",
    "start": 1646189799238,
    "end": 1646189799239,
    "duration": 1,
    "pid": 13408,
    "index": 40
  },
  {
    "name": "Load extend/response.js",
    "start": 1646189799241,
    "end": 1646189799249,
    "duration": 8,
    "pid": 13408,
    "index": 41
  },
  {
    "name": "Require(35) node_modules/egg/app/extend/response.js",
    "start": 1646189799245,
    "end": 1646189799246,
    "duration": 1,
    "pid": 13408,
    "index": 42
  },
  {
    "name": "Load extend/context.js",
    "start": 1646189799249,
    "end": 1646189799294,
    "duration": 45,
    "pid": 13408,
    "index": 43
  },
  {
    "name": "Require(36) node_modules/egg-security/app/extend/context.js",
    "start": 1646189799249,
    "end": 1646189799255,
    "duration": 6,
    "pid": 13408,
    "index": 44
  },
  {
    "name": "Require(37) node_modules/egg-jsonp/app/extend/context.js",
    "start": 1646189799255,
    "end": 1646189799256,
    "duration": 1,
    "pid": 13408,
    "index": 45
  },
  {
    "name": "Require(38) node_modules/egg-i18n/app/extend/context.js",
    "start": 1646189799256,
    "end": 1646189799257,
    "duration": 1,
    "pid": 13408,
    "index": 46
  },
  {
    "name": "Require(39) node_modules/egg-multipart/app/extend/context.js",
    "start": 1646189799257,
    "end": 1646189799288,
    "duration": 31,
    "pid": 13408,
    "index": 47
  },
  {
    "name": "Require(40) node_modules/egg-view/app/extend/context.js",
    "start": 1646189799289,
    "end": 1646189799289,
    "duration": 0,
    "pid": 13408,
    "index": 48
  },
  {
    "name": "Require(41) node_modules/egg/app/extend/context.js",
    "start": 1646189799291,
    "end": 1646189799291,
    "duration": 0,
    "pid": 13408,
    "index": 49
  },
  {
    "name": "Load extend/helper.js",
    "start": 1646189799294,
    "end": 1646189799310,
    "duration": 16,
    "pid": 13408,
    "index": 50
  },
  {
    "name": "Require(42) node_modules/egg-security/app/extend/helper.js",
    "start": 1646189799295,
    "end": 1646189799304,
    "duration": 9,
    "pid": 13408,
    "index": 51
  },
  {
    "name": "Require(43) node_modules/egg/app/extend/helper.js",
    "start": 1646189799306,
    "end": 1646189799306,
    "duration": 0,
    "pid": 13408,
    "index": 52
  },
  {
    "name": "Require(44) app/extend/helper.js",
    "start": 1646189799307,
    "end": 1646189799307,
    "duration": 0,
    "pid": 13408,
    "index": 53
  },
  {
    "name": "Load app.js",
    "start": 1646189799310,
    "end": 1646189799361,
    "duration": 51,
    "pid": 13408,
    "index": 54
  },
  {
    "name": "Require(45) node_modules/egg-session/app.js",
    "start": 1646189799310,
    "end": 1646189799310,
    "duration": 0,
    "pid": 13408,
    "index": 55
  },
  {
    "name": "Require(46) node_modules/egg-security/app.js",
    "start": 1646189799311,
    "end": 1646189799312,
    "duration": 1,
    "pid": 13408,
    "index": 56
  },
  {
    "name": "Require(47) node_modules/egg-onerror/app.js",
    "start": 1646189799312,
    "end": 1646189799316,
    "duration": 4,
    "pid": 13408,
    "index": 57
  },
  {
    "name": "Require(48) node_modules/egg-i18n/app.js",
    "start": 1646189799317,
    "end": 1646189799326,
    "duration": 9,
    "pid": 13408,
    "index": 58
  },
  {
    "name": "Require(49) node_modules/egg-watcher/app.js",
    "start": 1646189799326,
    "end": 1646189799328,
    "duration": 2,
    "pid": 13408,
    "index": 59
  },
  {
    "name": "Require(50) node_modules/egg-schedule/app.js",
    "start": 1646189799328,
    "end": 1646189799329,
    "duration": 1,
    "pid": 13408,
    "index": 60
  },
  {
    "name": "Require(51) node_modules/egg-multipart/app.js",
    "start": 1646189799329,
    "end": 1646189799330,
    "duration": 1,
    "pid": 13408,
    "index": 61
  },
  {
    "name": "Require(52) node_modules/egg-development/app.js",
    "start": 1646189799330,
    "end": 1646189799330,
    "duration": 0,
    "pid": 13408,
    "index": 62
  },
  {
    "name": "Require(53) node_modules/egg-logrotator/app.js",
    "start": 1646189799330,
    "end": 1646189799330,
    "duration": 0,
    "pid": 13408,
    "index": 63
  },
  {
    "name": "Require(54) node_modules/egg-static/app.js",
    "start": 1646189799331,
    "end": 1646189799331,
    "duration": 0,
    "pid": 13408,
    "index": 64
  },
  {
    "name": "Require(55) node_modules/egg-sequelize/app.js",
    "start": 1646189799331,
    "end": 1646189799331,
    "duration": 0,
    "pid": 13408,
    "index": 65
  },
  {
    "name": "Require(56) node_modules/egg-view-nunjucks/app.js",
    "start": 1646189799331,
    "end": 1646189799332,
    "duration": 1,
    "pid": 13408,
    "index": 66
  },
  {
    "name": "Require(57) node_modules/egg-cors/app.js",
    "start": 1646189799332,
    "end": 1646189799332,
    "duration": 0,
    "pid": 13408,
    "index": 67
  },
  {
    "name": "Require(58) node_modules/egg-jwt/app.js",
    "start": 1646189799332,
    "end": 1646189799332,
    "duration": 0,
    "pid": 13408,
    "index": 68
  },
  {
    "name": "Require(59) node_modules/egg-socket.io/app.js",
    "start": 1646189799332,
    "end": 1646189799360,
    "duration": 28,
    "pid": 13408,
    "index": 69
  },
  {
    "name": "Require(60) node_modules/egg-etag/app.js",
    "start": 1646189799360,
    "end": 1646189799361,
    "duration": 1,
    "pid": 13408,
    "index": 70
  },
  {
    "name": "Require(61) app.js",
    "start": 1646189799361,
    "end": 1646189799361,
    "duration": 0,
    "pid": 13408,
    "index": 71
  },
  {
    "name": "Before Start in node_modules/egg-watcher/lib/init.js:15:14",
    "start": 1646189799367,
    "end": 1646189799741,
    "duration": 374,
    "pid": 13408,
    "index": 72
  },
  {
    "name": "Load \"Symbol(model)\" to Application",
    "start": 1646189799596,
    "end": 1646189799611,
    "duration": 15,
    "pid": 13408,
    "index": 73
  },
  {
    "name": "Before Start in node_modules/egg-sequelize/lib/loader.js:39:7",
    "start": 1646189799611,
    "end": 1646189799751,
    "duration": 140,
    "pid": 13408,
    "index": 74
  },
  {
    "name": "Load Controller",
    "start": 1646189799619,
    "end": 1646189799692,
    "duration": 73,
    "pid": 13408,
    "index": 75
  },
  {
    "name": "Load \"controller\" to Application",
    "start": 1646189799619,
    "end": 1646189799692,
    "duration": 73,
    "pid": 13408,
    "index": 76
  },
  {
    "name": "Before Start in node_modules/egg-socket.io/lib/io.js:26:7",
    "start": 1646189799624,
    "end": 1646189799726,
    "duration": 102,
    "pid": 13408,
    "index": 77
  },
  {
    "name": "Before Start in app.js:2:7",
    "start": 1646189799624,
    "end": 1646189799773,
    "duration": 149,
    "pid": 13408,
    "index": 78
  },
  {
    "name": "Load Service",
    "start": 1646189799624,
    "end": 1646189799633,
    "duration": 9,
    "pid": 13408,
    "index": 79
  },
  {
    "name": "Load \"service\" to Context",
    "start": 1646189799624,
    "end": 1646189799633,
    "duration": 9,
    "pid": 13408,
    "index": 80
  },
  {
    "name": "Load Middleware",
    "start": 1646189799633,
    "end": 1646189799692,
    "duration": 59,
    "pid": 13408,
    "index": 81
  },
  {
    "name": "Load \"middlewares\" to Application",
    "start": 1646189799633,
    "end": 1646189799684,
    "duration": 51,
    "pid": 13408,
    "index": 82
  },
  {
    "name": "Load Controller",
    "start": 1646189799692,
    "end": 1646189799699,
    "duration": 7,
    "pid": 13408,
    "index": 83
  },
  {
    "name": "Load \"controller\" to Application",
    "start": 1646189799692,
    "end": 1646189799699,
    "duration": 7,
    "pid": 13408,
    "index": 84
  },
  {
    "name": "Load Router",
    "start": 1646189799699,
    "end": 1646189799703,
    "duration": 4,
    "pid": 13408,
    "index": 85
  },
  {
    "name": "Require(62) app/router.js",
    "start": 1646189799699,
    "end": 1646189799700,
    "duration": 1,
    "pid": 13408,
    "index": 86
  },
  {
    "name": "Before Start in node_modules/egg-core/lib/egg.js:303:10",
    "start": 1646189799700,
    "end": 1646189799726,
    "duration": 26,
    "pid": 13408,
    "index": 87
  }
]