[
  {
    "name": "Process Start",
    "start": 1646189785836,
    "end": 1646189786533,
    "duration": 697,
    "pid": 13424,
    "index": 0
  },
  {
    "name": "Application Start",
    "start": 1646189786533,
    "end": 1646189787187,
    "duration": 654,
    "pid": 13424,
    "index": 1
  },
  {
    "name": "Load Plugin",
    "start": 1646189786536,
    "end": 1646189786553,
    "duration": 17,
    "pid": 13424,
    "index": 2
  },
  {
    "name": "Load Config",
    "start": 1646189786553,
    "end": 1646189786573,
    "duration": 20,
    "pid": 13424,
    "index": 3
  },
  {
    "name": "Require(0) config/config.default.js",
    "start": 1646189786553,
    "end": 1646189786554,
    "duration": 1,
    "pid": 13424,
    "index": 4
  },
  {
    "name": "Require(1) node_modules/egg-session/config/config.default.js",
    "start": 1646189786555,
    "end": 1646189786556,
    "duration": 1,
    "pid": 13424,
    "index": 5
  },
  {
    "name": "Require(2) node_modules/egg-security/config/config.default.js",
    "start": 1646189786556,
    "end": 1646189786556,
    "duration": 0,
    "pid": 13424,
    "index": 6
  },
  {
    "name": "Require(3) node_modules/egg-jsonp/config/config.default.js",
    "start": 1646189786557,
    "end": 1646189786557,
    "duration": 0,
    "pid": 13424,
    "index": 7
  },
  {
    "name": "Require(4) node_modules/egg-onerror/config/config.default.js",
    "start": 1646189786557,
    "end": 1646189786558,
    "duration": 1,
    "pid": 13424,
    "index": 8
  },
  {
    "name": "Require(5) node_modules/egg-i18n/config/config.default.js",
    "start": 1646189786558,
    "end": 1646189786560,
    "duration": 2,
    "pid": 13424,
    "index": 9
  },
  {
    "name": "Require(6) node_modules/egg-watcher/config/config.default.js",
    "start": 1646189786560,
    "end": 1646189786560,
    "duration": 0,
    "pid": 13424,
    "index": 10
  },
  {
    "name": "Require(7) node_modules/egg-schedule/config/config.default.js",
    "start": 1646189786561,
    "end": 1646189786561,
    "duration": 0,
    "pid": 13424,
    "index": 11
  },
  {
    "name": "Require(8) node_modules/egg-multipart/config/config.default.js",
    "start": 1646189786561,
    "end": 1646189786562,
    "duration": 1,
    "pid": 13424,
    "index": 12
  },
  {
    "name": "Require(9) node_modules/egg-development/config/config.default.js",
    "start": 1646189786562,
    "end": 1646189786563,
    "duration": 1,
    "pid": 13424,
    "index": 13
  },
  {
    "name": "Require(10) node_modules/egg-logrotator/config/config.default.js",
    "start": 1646189786563,
    "end": 1646189786563,
    "duration": 0,
    "pid": 13424,
    "index": 14
  },
  {
    "name": "Require(11) node_modules/egg-static/config/config.default.js",
    "start": 1646189786563,
    "end": 1646189786564,
    "duration": 1,
    "pid": 13424,
    "index": 15
  },
  {
    "name": "Require(12) node_modules/egg-view/config/config.default.js",
    "start": 1646189786564,
    "end": 1646189786564,
    "duration": 0,
    "pid": 13424,
    "index": 16
  },
  {
    "name": "Require(13) node_modules/egg-sequelize/config/config.default.js",
    "start": 1646189786565,
    "end": 1646189786565,
    "duration": 0,
    "pid": 13424,
    "index": 17
  },
  {
    "name": "Require(14) node_modules/egg-view-nunjucks/config/config.default.js",
    "start": 1646189786565,
    "end": 1646189786566,
    "duration": 1,
    "pid": 13424,
    "index": 18
  },
  {
    "name": "Require(15) node_modules/egg-cors/config/config.default.js",
    "start": 1646189786566,
    "end": 1646189786566,
    "duration": 0,
    "pid": 13424,
    "index": 19
  },
  {
    "name": "Require(16) node_modules/egg-jwt/config/config.default.js",
    "start": 1646189786566,
    "end": 1646189786567,
    "duration": 1,
    "pid": 13424,
    "index": 20
  },
  {
    "name": "Require(17) node_modules/egg-socket.io/config/config.default.js",
    "start": 1646189786567,
    "end": 1646189786567,
    "duration": 0,
    "pid": 13424,
    "index": 21
  },
  {
    "name": "Require(18) node_modules/egg-etag/config/config.default.js",
    "start": 1646189786567,
    "end": 1646189786567,
    "duration": 0,
    "pid": 13424,
    "index": 22
  },
  {
    "name": "Require(19) node_modules/egg/config/config.default.js",
    "start": 1646189786568,
    "end": 1646189786568,
    "duration": 0,
    "pid": 13424,
    "index": 23
  },
  {
    "name": "Require(20) config/config.default.js",
    "start": 1646189786569,
    "end": 1646189786569,
    "duration": 0,
    "pid": 13424,
    "index": 24
  },
  {
    "name": "Require(21) node_modules/egg-security/config/config.local.js",
    "start": 1646189786569,
    "end": 1646189786569,
    "duration": 0,
    "pid": 13424,
    "index": 25
  },
  {
    "name": "Require(22) node_modules/egg-watcher/config/config.local.js",
    "start": 1646189786570,
    "end": 1646189786570,
    "duration": 0,
    "pid": 13424,
    "index": 26
  },
  {
    "name": "Require(23) node_modules/egg-view/config/config.local.js",
    "start": 1646189786571,
    "end": 1646189786571,
    "duration": 0,
    "pid": 13424,
    "index": 27
  },
  {
    "name": "Require(24) node_modules/egg-view-nunjucks/config/config.local.js",
    "start": 1646189786571,
    "end": 1646189786572,
    "duration": 1,
    "pid": 13424,
    "index": 28
  },
  {
    "name": "Require(25) node_modules/egg/config/config.local.js",
    "start": 1646189786572,
    "end": 1646189786572,
    "duration": 0,
    "pid": 13424,
    "index": 29
  },
  {
    "name": "Load extend/application.js",
    "start": 1646189786573,
    "end": 1646189786656,
    "duration": 83,
    "pid": 13424,
    "index": 30
  },
  {
    "name": "Require(26) node_modules/egg-session/app/extend/application.js",
    "start": 1646189786574,
    "end": 1646189786574,
    "duration": 0,
    "pid": 13424,
    "index": 31
  },
  {
    "name": "Require(27) node_modules/egg-security/app/extend/application.js",
    "start": 1646189786574,
    "end": 1646189786575,
    "duration": 1,
    "pid": 13424,
    "index": 32
  },
  {
    "name": "Require(28) node_modules/egg-jsonp/app/extend/application.js",
    "start": 1646189786575,
    "end": 1646189786576,
    "duration": 1,
    "pid": 13424,
    "index": 33
  },
  {
    "name": "Require(29) node_modules/egg-logrotator/app/extend/application.js",
    "start": 1646189786577,
    "end": 1646189786579,
    "duration": 2,
    "pid": 13424,
    "index": 34
  },
  {
    "name": "Require(30) node_modules/egg-view/app/extend/application.js",
    "start": 1646189786579,
    "end": 1646189786580,
    "duration": 1,
    "pid": 13424,
    "index": 35
  },
  {
    "name": "Require(31) node_modules/egg-view-nunjucks/app/extend/application.js",
    "start": 1646189786581,
    "end": 1646189786596,
    "duration": 15,
    "pid": 13424,
    "index": 36
  },
  {
    "name": "Require(32) node_modules/egg-jwt/app/extend/application.js",
    "start": 1646189786597,
    "end": 1646189786621,
    "duration": 24,
    "pid": 13424,
    "index": 37
  },
  {
    "name": "Require(33) node_modules/egg-socket.io/app/extend/application.js",
    "start": 1646189786621,
    "end": 1646189786653,
    "duration": 32,
    "pid": 13424,
    "index": 38
  },
  {
    "name": "Load extend/request.js",
    "start": 1646189786656,
    "end": 1646189786661,
    "duration": 5,
    "pid": 13424,
    "index": 39
  },
  {
    "name": "Require(34) node_modules/egg/app/extend/request.js",
    "start": 1646189786658,
    "end": 1646189786659,
    "duration": 1,
    "pid": 13424,
    "index": 40
  },
  {
    "name": "Load extend/response.js",
    "start": 1646189786661,
    "end": 1646189786667,
    "duration": 6,
    "pid": 13424,
    "index": 41
  },
  {
    "name": "Require(35) node_modules/egg/app/extend/response.js",
    "start": 1646189786664,
    "end": 1646189786664,
    "duration": 0,
    "pid": 13424,
    "index": 42
  },
  {
    "name": "Load extend/context.js",
    "start": 1646189786668,
    "end": 1646189786711,
    "duration": 43,
    "pid": 13424,
    "index": 43
  },
  {
    "name": "Require(36) node_modules/egg-security/app/extend/context.js",
    "start": 1646189786668,
    "end": 1646189786674,
    "duration": 6,
    "pid": 13424,
    "index": 44
  },
  {
    "name": "Require(37) node_modules/egg-jsonp/app/extend/context.js",
    "start": 1646189786674,
    "end": 1646189786674,
    "duration": 0,
    "pid": 13424,
    "index": 45
  },
  {
    "name": "Require(38) node_modules/egg-i18n/app/extend/context.js",
    "start": 1646189786675,
    "end": 1646189786675,
    "duration": 0,
    "pid": 13424,
    "index": 46
  },
  {
    "name": "Require(39) node_modules/egg-multipart/app/extend/context.js",
    "start": 1646189786676,
    "end": 1646189786706,
    "duration": 30,
    "pid": 13424,
    "index": 47
  },
  {
    "name": "Require(40) node_modules/egg-view/app/extend/context.js",
    "start": 1646189786706,
    "end": 1646189786707,
    "duration": 1,
    "pid": 13424,
    "index": 48
  },
  {
    "name": "Require(41) node_modules/egg/app/extend/context.js",
    "start": 1646189786708,
    "end": 1646189786709,
    "duration": 1,
    "pid": 13424,
    "index": 49
  },
  {
    "name": "Load extend/helper.js",
    "start": 1646189786711,
    "end": 1646189786726,
    "duration": 15,
    "pid": 13424,
    "index": 50
  },
  {
    "name": "Require(42) node_modules/egg-security/app/extend/helper.js",
    "start": 1646189786712,
    "end": 1646189786721,
    "duration": 9,
    "pid": 13424,
    "index": 51
  },
  {
    "name": "Require(43) node_modules/egg/app/extend/helper.js",
    "start": 1646189786723,
    "end": 1646189786723,
    "duration": 0,
    "pid": 13424,
    "index": 52
  },
  {
    "name": "Require(44) app/extend/helper.js",
    "start": 1646189786723,
    "end": 1646189786723,
    "duration": 0,
    "pid": 13424,
    "index": 53
  },
  {
    "name": "Load app.js",
    "start": 1646189786726,
    "end": 1646189786776,
    "duration": 50,
    "pid": 13424,
    "index": 54
  },
  {
    "name": "Require(45) node_modules/egg-session/app.js",
    "start": 1646189786726,
    "end": 1646189786726,
    "duration": 0,
    "pid": 13424,
    "index": 55
  },
  {
    "name": "Require(46) node_modules/egg-security/app.js",
    "start": 1646189786727,
    "end": 1646189786727,
    "duration": 0,
    "pid": 13424,
    "index": 56
  },
  {
    "name": "Require(47) node_modules/egg-onerror/app.js",
    "start": 1646189786728,
    "end": 1646189786733,
    "duration": 5,
    "pid": 13424,
    "index": 57
  },
  {
    "name": "Require(48) node_modules/egg-i18n/app.js",
    "start": 1646189786733,
    "end": 1646189786742,
    "duration": 9,
    "pid": 13424,
    "index": 58
  },
  {
    "name": "Require(49) node_modules/egg-watcher/app.js",
    "start": 1646189786742,
    "end": 1646189786744,
    "duration": 2,
    "pid": 13424,
    "index": 59
  },
  {
    "name": "Require(50) node_modules/egg-schedule/app.js",
    "start": 1646189786744,
    "end": 1646189786745,
    "duration": 1,
    "pid": 13424,
    "index": 60
  },
  {
    "name": "Require(51) node_modules/egg-multipart/app.js",
    "start": 1646189786746,
    "end": 1646189786746,
    "duration": 0,
    "pid": 13424,
    "index": 61
  },
  {
    "name": "Require(52) node_modules/egg-development/app.js",
    "start": 1646189786746,
    "end": 1646189786746,
    "duration": 0,
    "pid": 13424,
    "index": 62
  },
  {
    "name": "Require(53) node_modules/egg-logrotator/app.js",
    "start": 1646189786747,
    "end": 1646189786747,
    "duration": 0,
    "pid": 13424,
    "index": 63
  },
  {
    "name": "Require(54) node_modules/egg-static/app.js",
    "start": 1646189786747,
    "end": 1646189786747,
    "duration": 0,
    "pid": 13424,
    "index": 64
  },
  {
    "name": "Require(55) node_modules/egg-sequelize/app.js",
    "start": 1646189786748,
    "end": 1646189786748,
    "duration": 0,
    "pid": 13424,
    "index": 65
  },
  {
    "name": "Require(56) node_modules/egg-view-nunjucks/app.js",
    "start": 1646189786748,
    "end": 1646189786748,
    "duration": 0,
    "pid": 13424,
    "index": 66
  },
  {
    "name": "Require(57) node_modules/egg-cors/app.js",
    "start": 1646189786748,
    "end": 1646189786748,
    "duration": 0,
    "pid": 13424,
    "index": 67
  },
  {
    "name": "Require(58) node_modules/egg-jwt/app.js",
    "start": 1646189786749,
    "end": 1646189786749,
    "duration": 0,
    "pid": 13424,
    "index": 68
  },
  {
    "name": "Require(59) node_modules/egg-socket.io/app.js",
    "start": 1646189786749,
    "end": 1646189786775,
    "duration": 26,
    "pid": 13424,
    "index": 69
  },
  {
    "name": "Require(60) node_modules/egg-etag/app.js",
    "start": 1646189786775,
    "end": 1646189786776,
    "duration": 1,
    "pid": 13424,
    "index": 70
  },
  {
    "name": "Require(61) app.js",
    "start": 1646189786776,
    "end": 1646189786776,
    "duration": 0,
    "pid": 13424,
    "index": 71
  },
  {
    "name": "Before Start in node_modules/egg-watcher/lib/init.js:15:14",
    "start": 1646189786782,
    "end": 1646189787155,
    "duration": 373,
    "pid": 13424,
    "index": 72
  },
  {
    "name": "Load \"Symbol(model)\" to Application",
    "start": 1646189787009,
    "end": 1646189787023,
    "duration": 14,
    "pid": 13424,
    "index": 73
  },
  {
    "name": "Before Start in node_modules/egg-sequelize/lib/loader.js:39:7",
    "start": 1646189787024,
    "end": 1646189787165,
    "duration": 141,
    "pid": 13424,
    "index": 74
  },
  {
    "name": "Load Controller",
    "start": 1646189787033,
    "end": 1646189787103,
    "duration": 70,
    "pid": 13424,
    "index": 75
  },
  {
    "name": "Load \"controller\" to Application",
    "start": 1646189787033,
    "end": 1646189787103,
    "duration": 70,
    "pid": 13424,
    "index": 76
  },
  {
    "name": "Before Start in node_modules/egg-socket.io/lib/io.js:26:7",
    "start": 1646189787038,
    "end": 1646189787140,
    "duration": 102,
    "pid": 13424,
    "index": 77
  },
  {
    "name": "Before Start in app.js:2:7",
    "start": 1646189787038,
    "end": 1646189787187,
    "duration": 149,
    "pid": 13424,
    "index": 78
  },
  {
    "name": "Load Service",
    "start": 1646189787038,
    "end": 1646189787046,
    "duration": 8,
    "pid": 13424,
    "index": 79
  },
  {
    "name": "Load \"service\" to Context",
    "start": 1646189787038,
    "end": 1646189787046,
    "duration": 8,
    "pid": 13424,
    "index": 80
  },
  {
    "name": "Load Middleware",
    "start": 1646189787046,
    "end": 1646189787103,
    "duration": 57,
    "pid": 13424,
    "index": 81
  },
  {
    "name": "Load \"middlewares\" to Application",
    "start": 1646189787046,
    "end": 1646189787096,
    "duration": 50,
    "pid": 13424,
    "index": 82
  },
  {
    "name": "Load Controller",
    "start": 1646189787103,
    "end": 1646189787110,
    "duration": 7,
    "pid": 13424,
    "index": 83
  },
  {
    "name": "Load \"controller\" to Application",
    "start": 1646189787103,
    "end": 1646189787110,
    "duration": 7,
    "pid": 13424,
    "index": 84
  },
  {
    "name": "Load Router",
    "start": 1646189787110,
    "end": 1646189787114,
    "duration": 4,
    "pid": 13424,
    "index": 85
  },
  {
    "name": "Require(62) app/router.js",
    "start": 1646189787110,
    "end": 1646189787111,
    "duration": 1,
    "pid": 13424,
    "index": 86
  },
  {
    "name": "Before Start in node_modules/egg-core/lib/egg.js:303:10",
    "start": 1646189787111,
    "end": 1646189787140,
    "duration": 29,
    "pid": 13424,
    "index": 87
  }
]