[
  {
    "name": "Process Start",
    "start": 1646203970813,
    "end": 1646203971483,
    "duration": 670,
    "pid": 16868,
    "index": 0
  },
  {
    "name": "Application Start",
    "start": 1646203971484,
    "end": 1646203972147,
    "duration": 663,
    "pid": 16868,
    "index": 1
  },
  {
    "name": "Load Plugin",
    "start": 1646203971487,
    "end": 1646203971505,
    "duration": 18,
    "pid": 16868,
    "index": 2
  },
  {
    "name": "Load Config",
    "start": 1646203971505,
    "end": 1646203971525,
    "duration": 20,
    "pid": 16868,
    "index": 3
  },
  {
    "name": "Require(0) config/config.default.js",
    "start": 1646203971505,
    "end": 1646203971506,
    "duration": 1,
    "pid": 16868,
    "index": 4
  },
  {
    "name": "Require(1) node_modules/egg-session/config/config.default.js",
    "start": 1646203971507,
    "end": 1646203971507,
    "duration": 0,
    "pid": 16868,
    "index": 5
  },
  {
    "name": "Require(2) node_modules/egg-security/config/config.default.js",
    "start": 1646203971508,
    "end": 1646203971508,
    "duration": 0,
    "pid": 16868,
    "index": 6
  },
  {
    "name": "Require(3) node_modules/egg-jsonp/config/config.default.js",
    "start": 1646203971508,
    "end": 1646203971509,
    "duration": 1,
    "pid": 16868,
    "index": 7
  },
  {
    "name": "Require(4) node_modules/egg-onerror/config/config.default.js",
    "start": 1646203971509,
    "end": 1646203971509,
    "duration": 0,
    "pid": 16868,
    "index": 8
  },
  {
    "name": "Require(5) node_modules/egg-i18n/config/config.default.js",
    "start": 1646203971510,
    "end": 1646203971510,
    "duration": 0,
    "pid": 16868,
    "index": 9
  },
  {
    "name": "Require(6) node_modules/egg-watcher/config/config.default.js",
    "start": 1646203971510,
    "end": 1646203971510,
    "duration": 0,
    "pid": 16868,
    "index": 10
  },
  {
    "name": "Require(7) node_modules/egg-schedule/config/config.default.js",
    "start": 1646203971512,
    "end": 1646203971512,
    "duration": 0,
    "pid": 16868,
    "index": 11
  },
  {
    "name": "Require(8) node_modules/egg-multipart/config/config.default.js",
    "start": 1646203971513,
    "end": 1646203971513,
    "duration": 0,
    "pid": 16868,
    "index": 12
  },
  {
    "name": "Require(9) node_modules/egg-development/config/config.default.js",
    "start": 1646203971513,
    "end": 1646203971514,
    "duration": 1,
    "pid": 16868,
    "index": 13
  },
  {
    "name": "Require(10) node_modules/egg-logrotator/config/config.default.js",
    "start": 1646203971514,
    "end": 1646203971514,
    "duration": 0,
    "pid": 16868,
    "index": 14
  },
  {
    "name": "Require(11) node_modules/egg-static/config/config.default.js",
    "start": 1646203971514,
    "end": 1646203971515,
    "duration": 1,
    "pid": 16868,
    "index": 15
  },
  {
    "name": "Require(12) node_modules/egg-view/config/config.default.js",
    "start": 1646203971515,
    "end": 1646203971515,
    "duration": 0,
    "pid": 16868,
    "index": 16
  },
  {
    "name": "Require(13) node_modules/egg-sequelize/config/config.default.js",
    "start": 1646203971516,
    "end": 1646203971516,
    "duration": 0,
    "pid": 16868,
    "index": 17
  },
  {
    "name": "Require(14) node_modules/egg-view-nunjucks/config/config.default.js",
    "start": 1646203971517,
    "end": 1646203971517,
    "duration": 0,
    "pid": 16868,
    "index": 18
  },
  {
    "name": "Require(15) node_modules/egg-cors/config/config.default.js",
    "start": 1646203971517,
    "end": 1646203971518,
    "duration": 1,
    "pid": 16868,
    "index": 19
  },
  {
    "name": "Require(16) node_modules/egg-jwt/config/config.default.js",
    "start": 1646203971518,
    "end": 1646203971518,
    "duration": 0,
    "pid": 16868,
    "index": 20
  },
  {
    "name": "Require(17) node_modules/egg-socket.io/config/config.default.js",
    "start": 1646203971518,
    "end": 1646203971519,
    "duration": 1,
    "pid": 16868,
    "index": 21
  },
  {
    "name": "Require(18) node_modules/egg-etag/config/config.default.js",
    "start": 1646203971519,
    "end": 1646203971519,
    "duration": 0,
    "pid": 16868,
    "index": 22
  },
  {
    "name": "Require(19) node_modules/egg/config/config.default.js",
    "start": 1646203971519,
    "end": 1646203971520,
    "duration": 1,
    "pid": 16868,
    "index": 23
  },
  {
    "name": "Require(20) config/config.default.js",
    "start": 1646203971521,
    "end": 1646203971521,
    "duration": 0,
    "pid": 16868,
    "index": 24
  },
  {
    "name": "Require(21) node_modules/egg-security/config/config.local.js",
    "start": 1646203971521,
    "end": 1646203971521,
    "duration": 0,
    "pid": 16868,
    "index": 25
  },
  {
    "name": "Require(22) node_modules/egg-watcher/config/config.local.js",
    "start": 1646203971522,
    "end": 1646203971522,
    "duration": 0,
    "pid": 16868,
    "index": 26
  },
  {
    "name": "Require(23) node_modules/egg-view/config/config.local.js",
    "start": 1646203971523,
    "end": 1646203971523,
    "duration": 0,
    "pid": 16868,
    "index": 27
  },
  {
    "name": "Require(24) node_modules/egg-view-nunjucks/config/config.local.js",
    "start": 1646203971524,
    "end": 1646203971524,
    "duration": 0,
    "pid": 16868,
    "index": 28
  },
  {
    "name": "Require(25) node_modules/egg/config/config.local.js",
    "start": 1646203971525,
    "end": 1646203971525,
    "duration": 0,
    "pid": 16868,
    "index": 29
  },
  {
    "name": "Load extend/application.js",
    "start": 1646203971526,
    "end": 1646203971607,
    "duration": 81,
    "pid": 16868,
    "index": 30
  },
  {
    "name": "Require(26) node_modules/egg-session/app/extend/application.js",
    "start": 1646203971526,
    "end": 1646203971527,
    "duration": 1,
    "pid": 16868,
    "index": 31
  },
  {
    "name": "Require(27) node_modules/egg-security/app/extend/application.js",
    "start": 1646203971527,
    "end": 1646203971528,
    "duration": 1,
    "pid": 16868,
    "index": 32
  },
  {
    "name": "Require(28) node_modules/egg-jsonp/app/extend/application.js",
    "start": 1646203971528,
    "end": 1646203971529,
    "duration": 1,
    "pid": 16868,
    "index": 33
  },
  {
    "name": "Require(29) node_modules/egg-logrotator/app/extend/application.js",
    "start": 1646203971530,
    "end": 1646203971531,
    "duration": 1,
    "pid": 16868,
    "index": 34
  },
  {
    "name": "Require(30) node_modules/egg-view/app/extend/application.js",
    "start": 1646203971532,
    "end": 1646203971533,
    "duration": 1,
    "pid": 16868,
    "index": 35
  },
  {
    "name": "Require(31) node_modules/egg-view-nunjucks/app/extend/application.js",
    "start": 1646203971533,
    "end": 1646203971550,
    "duration": 17,
    "pid": 16868,
    "index": 36
  },
  {
    "name": "Require(32) node_modules/egg-jwt/app/extend/application.js",
    "start": 1646203971550,
    "end": 1646203971575,
    "duration": 25,
    "pid": 16868,
    "index": 37
  },
  {
    "name": "Require(33) node_modules/egg-socket.io/app/extend/application.js",
    "start": 1646203971575,
    "end": 1646203971605,
    "duration": 30,
    "pid": 16868,
    "index": 38
  },
  {
    "name": "Load extend/request.js",
    "start": 1646203971608,
    "end": 1646203971614,
    "duration": 6,
    "pid": 16868,
    "index": 39
  },
  {
    "name": "Require(34) node_modules/egg/app/extend/request.js",
    "start": 1646203971610,
    "end": 1646203971611,
    "duration": 1,
    "pid": 16868,
    "index": 40
  },
  {
    "name": "Load extend/response.js",
    "start": 1646203971614,
    "end": 1646203971620,
    "duration": 6,
    "pid": 16868,
    "index": 41
  },
  {
    "name": "Require(35) node_modules/egg/app/extend/response.js",
    "start": 1646203971616,
    "end": 1646203971617,
    "duration": 1,
    "pid": 16868,
    "index": 42
  },
  {
    "name": "Load extend/context.js",
    "start": 1646203971620,
    "end": 1646203971664,
    "duration": 44,
    "pid": 16868,
    "index": 43
  },
  {
    "name": "Require(36) node_modules/egg-security/app/extend/context.js",
    "start": 1646203971620,
    "end": 1646203971626,
    "duration": 6,
    "pid": 16868,
    "index": 44
  },
  {
    "name": "Require(37) node_modules/egg-jsonp/app/extend/context.js",
    "start": 1646203971626,
    "end": 1646203971627,
    "duration": 1,
    "pid": 16868,
    "index": 45
  },
  {
    "name": "Require(38) node_modules/egg-i18n/app/extend/context.js",
    "start": 1646203971627,
    "end": 1646203971627,
    "duration": 0,
    "pid": 16868,
    "index": 46
  },
  {
    "name": "Require(39) node_modules/egg-multipart/app/extend/context.js",
    "start": 1646203971628,
    "end": 1646203971658,
    "duration": 30,
    "pid": 16868,
    "index": 47
  },
  {
    "name": "Require(40) node_modules/egg-view/app/extend/context.js",
    "start": 1646203971659,
    "end": 1646203971659,
    "duration": 0,
    "pid": 16868,
    "index": 48
  },
  {
    "name": "Require(41) node_modules/egg/app/extend/context.js",
    "start": 1646203971660,
    "end": 1646203971661,
    "duration": 1,
    "pid": 16868,
    "index": 49
  },
  {
    "name": "Load extend/helper.js",
    "start": 1646203971664,
    "end": 1646203971681,
    "duration": 17,
    "pid": 16868,
    "index": 50
  },
  {
    "name": "Require(42) node_modules/egg-security/app/extend/helper.js",
    "start": 1646203971664,
    "end": 1646203971675,
    "duration": 11,
    "pid": 16868,
    "index": 51
  },
  {
    "name": "Require(43) node_modules/egg/app/extend/helper.js",
    "start": 1646203971677,
    "end": 1646203971678,
    "duration": 1,
    "pid": 16868,
    "index": 52
  },
  {
    "name": "Require(44) app/extend/helper.js",
    "start": 1646203971678,
    "end": 1646203971678,
    "duration": 0,
    "pid": 16868,
    "index": 53
  },
  {
    "name": "Load app.js",
    "start": 1646203971681,
    "end": 1646203971733,
    "duration": 52,
    "pid": 16868,
    "index": 54
  },
  {
    "name": "Require(45) node_modules/egg-session/app.js",
    "start": 1646203971681,
    "end": 1646203971681,
    "duration": 0,
    "pid": 16868,
    "index": 55
  },
  {
    "name": "Require(46) node_modules/egg-security/app.js",
    "start": 1646203971682,
    "end": 1646203971683,
    "duration": 1,
    "pid": 16868,
    "index": 56
  },
  {
    "name": "Require(47) node_modules/egg-onerror/app.js",
    "start": 1646203971683,
    "end": 1646203971688,
    "duration": 5,
    "pid": 16868,
    "index": 57
  },
  {
    "name": "Require(48) node_modules/egg-i18n/app.js",
    "start": 1646203971688,
    "end": 1646203971698,
    "duration": 10,
    "pid": 16868,
    "index": 58
  },
  {
    "name": "Require(49) node_modules/egg-watcher/app.js",
    "start": 1646203971699,
    "end": 1646203971701,
    "duration": 2,
    "pid": 16868,
    "index": 59
  },
  {
    "name": "Require(50) node_modules/egg-schedule/app.js",
    "start": 1646203971701,
    "end": 1646203971702,
    "duration": 1,
    "pid": 16868,
    "index": 60
  },
  {
    "name": "Require(51) node_modules/egg-multipart/app.js",
    "start": 1646203971702,
    "end": 1646203971702,
    "duration": 0,
    "pid": 16868,
    "index": 61
  },
  {
    "name": "Require(52) node_modules/egg-development/app.js",
    "start": 1646203971703,
    "end": 1646203971703,
    "duration": 0,
    "pid": 16868,
    "index": 62
  },
  {
    "name": "Require(53) node_modules/egg-logrotator/app.js",
    "start": 1646203971703,
    "end": 1646203971703,
    "duration": 0,
    "pid": 16868,
    "index": 63
  },
  {
    "name": "Require(54) node_modules/egg-static/app.js",
    "start": 1646203971703,
    "end": 1646203971704,
    "duration": 1,
    "pid": 16868,
    "index": 64
  },
  {
    "name": "Require(55) node_modules/egg-sequelize/app.js",
    "start": 1646203971704,
    "end": 1646203971704,
    "duration": 0,
    "pid": 16868,
    "index": 65
  },
  {
    "name": "Require(56) node_modules/egg-view-nunjucks/app.js",
    "start": 1646203971704,
    "end": 1646203971705,
    "duration": 1,
    "pid": 16868,
    "index": 66
  },
  {
    "name": "Require(57) node_modules/egg-cors/app.js",
    "start": 1646203971705,
    "end": 1646203971705,
    "duration": 0,
    "pid": 16868,
    "index": 67
  },
  {
    "name": "Require(58) node_modules/egg-jwt/app.js",
    "start": 1646203971705,
    "end": 1646203971705,
    "duration": 0,
    "pid": 16868,
    "index": 68
  },
  {
    "name": "Require(59) node_modules/egg-socket.io/app.js",
    "start": 1646203971706,
    "end": 1646203971732,
    "duration": 26,
    "pid": 16868,
    "index": 69
  },
  {
    "name": "Require(60) node_modules/egg-etag/app.js",
    "start": 1646203971733,
    "end": 1646203971733,
    "duration": 0,
    "pid": 16868,
    "index": 70
  },
  {
    "name": "Require(61) app.js",
    "start": 1646203971733,
    "end": 1646203971733,
    "duration": 0,
    "pid": 16868,
    "index": 71
  },
  {
    "name": "Before Start in node_modules/egg-watcher/lib/init.js:15:14",
    "start": 1646203971738,
    "end": 1646203972117,
    "duration": 379,
    "pid": 16868,
    "index": 72
  },
  {
    "name": "Load \"Symbol(model)\" to Application",
    "start": 1646203971967,
    "end": 1646203971981,
    "duration": 14,
    "pid": 16868,
    "index": 73
  },
  {
    "name": "Before Start in node_modules/egg-sequelize/lib/loader.js:39:7",
    "start": 1646203971981,
    "end": 1646203972127,
    "duration": 146,
    "pid": 16868,
    "index": 74
  },
  {
    "name": "Load Controller",
    "start": 1646203971989,
    "end": 1646203972067,
    "duration": 78,
    "pid": 16868,
    "index": 75
  },
  {
    "name": "Load \"controller\" to Application",
    "start": 1646203971989,
    "end": 1646203972067,
    "duration": 78,
    "pid": 16868,
    "index": 76
  },
  {
    "name": "Before Start in node_modules/egg-socket.io/lib/io.js:26:7",
    "start": 1646203971995,
    "end": 1646203972102,
    "duration": 107,
    "pid": 16868,
    "index": 77
  },
  {
    "name": "Before Start in app.js:2:7",
    "start": 1646203971995,
    "end": 1646203972147,
    "duration": 152,
    "pid": 16868,
    "index": 78
  },
  {
    "name": "Load Service",
    "start": 1646203971995,
    "end": 1646203972003,
    "duration": 8,
    "pid": 16868,
    "index": 79
  },
  {
    "name": "Load \"service\" to Context",
    "start": 1646203971995,
    "end": 1646203972003,
    "duration": 8,
    "pid": 16868,
    "index": 80
  },
  {
    "name": "Load Middleware",
    "start": 1646203972003,
    "end": 1646203972067,
    "duration": 64,
    "pid": 16868,
    "index": 81
  },
  {
    "name": "Load \"middlewares\" to Application",
    "start": 1646203972003,
    "end": 1646203972059,
    "duration": 56,
    "pid": 16868,
    "index": 82
  },
  {
    "name": "Load Controller",
    "start": 1646203972067,
    "end": 1646203972075,
    "duration": 8,
    "pid": 16868,
    "index": 83
  },
  {
    "name": "Load \"controller\" to Application",
    "start": 1646203972067,
    "end": 1646203972075,
    "duration": 8,
    "pid": 16868,
    "index": 84
  },
  {
    "name": "Load Router",
    "start": 1646203972075,
    "end": 1646203972079,
    "duration": 4,
    "pid": 16868,
    "index": 85
  },
  {
    "name": "Require(62) app/router.js",
    "start": 1646203972076,
    "end": 1646203972076,
    "duration": 0,
    "pid": 16868,
    "index": 86
  },
  {
    "name": "Before Start in node_modules/egg-core/lib/egg.js:303:10",
    "start": 1646203972076,
    "end": 1646203972102,
    "duration": 26,
    "pid": 16868,
    "index": 87
  }
]