[
  {
    "name": "Process Start",
    "start": 1646181771082,
    "end": 1646181771844,
    "duration": 762,
    "pid": 10024,
    "index": 0
  },
  {
    "name": "Application Start",
    "start": 1646181771844,
    "end": 1646181772615,
    "duration": 771,
    "pid": 10024,
    "index": 1
  },
  {
    "name": "Load Plugin",
    "start": 1646181771848,
    "end": 1646181771867,
    "duration": 19,
    "pid": 10024,
    "index": 2
  },
  {
    "name": "Load Config",
    "start": 1646181771867,
    "end": 1646181771889,
    "duration": 22,
    "pid": 10024,
    "index": 3
  },
  {
    "name": "Require(0) config/config.default.js",
    "start": 1646181771867,
    "end": 1646181771868,
    "duration": 1,
    "pid": 10024,
    "index": 4
  },
  {
    "name": "Require(1) node_modules/egg-session/config/config.default.js",
    "start": 1646181771869,
    "end": 1646181771869,
    "duration": 0,
    "pid": 10024,
    "index": 5
  },
  {
    "name": "Require(2) node_modules/egg-security/config/config.default.js",
    "start": 1646181771869,
    "end": 1646181771870,
    "duration": 1,
    "pid": 10024,
    "index": 6
  },
  {
    "name": "Require(3) node_modules/egg-jsonp/config/config.default.js",
    "start": 1646181771870,
    "end": 1646181771871,
    "duration": 1,
    "pid": 10024,
    "index": 7
  },
  {
    "name": "Require(4) node_modules/egg-onerror/config/config.default.js",
    "start": 1646181771871,
    "end": 1646181771871,
    "duration": 0,
    "pid": 10024,
    "index": 8
  },
  {
    "name": "Require(5) node_modules/egg-i18n/config/config.default.js",
    "start": 1646181771871,
    "end": 1646181771872,
    "duration": 1,
    "pid": 10024,
    "index": 9
  },
  {
    "name": "Require(6) node_modules/egg-watcher/config/config.default.js",
    "start": 1646181771874,
    "end": 1646181771874,
    "duration": 0,
    "pid": 10024,
    "index": 10
  },
  {
    "name": "Require(7) node_modules/egg-schedule/config/config.default.js",
    "start": 1646181771875,
    "end": 1646181771875,
    "duration": 0,
    "pid": 10024,
    "index": 11
  },
  {
    "name": "Require(8) node_modules/egg-multipart/config/config.default.js",
    "start": 1646181771875,
    "end": 1646181771876,
    "duration": 1,
    "pid": 10024,
    "index": 12
  },
  {
    "name": "Require(9) node_modules/egg-development/config/config.default.js",
    "start": 1646181771876,
    "end": 1646181771876,
    "duration": 0,
    "pid": 10024,
    "index": 13
  },
  {
    "name": "Require(10) node_modules/egg-logrotator/config/config.default.js",
    "start": 1646181771877,
    "end": 1646181771877,
    "duration": 0,
    "pid": 10024,
    "index": 14
  },
  {
    "name": "Require(11) node_modules/egg-static/config/config.default.js",
    "start": 1646181771877,
    "end": 1646181771878,
    "duration": 1,
    "pid": 10024,
    "index": 15
  },
  {
    "name": "Require(12) node_modules/egg-view/config/config.default.js",
    "start": 1646181771878,
    "end": 1646181771878,
    "duration": 0,
    "pid": 10024,
    "index": 16
  },
  {
    "name": "Require(13) node_modules/egg-sequelize/config/config.default.js",
    "start": 1646181771879,
    "end": 1646181771879,
    "duration": 0,
    "pid": 10024,
    "index": 17
  },
  {
    "name": "Require(14) node_modules/egg-view-nunjucks/config/config.default.js",
    "start": 1646181771880,
    "end": 1646181771880,
    "duration": 0,
    "pid": 10024,
    "index": 18
  },
  {
    "name": "Require(15) node_modules/egg-cors/config/config.default.js",
    "start": 1646181771880,
    "end": 1646181771880,
    "duration": 0,
    "pid": 10024,
    "index": 19
  },
  {
    "name": "Require(16) node_modules/egg-jwt/config/config.default.js",
    "start": 1646181771881,
    "end": 1646181771881,
    "duration": 0,
    "pid": 10024,
    "index": 20
  },
  {
    "name": "Require(17) node_modules/egg-socket.io/config/config.default.js",
    "start": 1646181771881,
    "end": 1646181771881,
    "duration": 0,
    "pid": 10024,
    "index": 21
  },
  {
    "name": "Require(18) node_modules/egg-etag/config/config.default.js",
    "start": 1646181771882,
    "end": 1646181771882,
    "duration": 0,
    "pid": 10024,
    "index": 22
  },
  {
    "name": "Require(19) node_modules/egg/config/config.default.js",
    "start": 1646181771882,
    "end": 1646181771883,
    "duration": 1,
    "pid": 10024,
    "index": 23
  },
  {
    "name": "Require(20) config/config.default.js",
    "start": 1646181771883,
    "end": 1646181771883,
    "duration": 0,
    "pid": 10024,
    "index": 24
  },
  {
    "name": "Require(21) node_modules/egg-security/config/config.local.js",
    "start": 1646181771884,
    "end": 1646181771884,
    "duration": 0,
    "pid": 10024,
    "index": 25
  },
  {
    "name": "Require(22) node_modules/egg-watcher/config/config.local.js",
    "start": 1646181771885,
    "end": 1646181771886,
    "duration": 1,
    "pid": 10024,
    "index": 26
  },
  {
    "name": "Require(23) node_modules/egg-view/config/config.local.js",
    "start": 1646181771887,
    "end": 1646181771887,
    "duration": 0,
    "pid": 10024,
    "index": 27
  },
  {
    "name": "Require(24) node_modules/egg-view-nunjucks/config/config.local.js",
    "start": 1646181771887,
    "end": 1646181771887,
    "duration": 0,
    "pid": 10024,
    "index": 28
  },
  {
    "name": "Require(25) node_modules/egg/config/config.local.js",
    "start": 1646181771888,
    "end": 1646181771889,
    "duration": 1,
    "pid": 10024,
    "index": 29
  },
  {
    "name": "Load extend/application.js",
    "start": 1646181771889,
    "end": 1646181771975,
    "duration": 86,
    "pid": 10024,
    "index": 30
  },
  {
    "name": "Require(26) node_modules/egg-session/app/extend/application.js",
    "start": 1646181771890,
    "end": 1646181771890,
    "duration": 0,
    "pid": 10024,
    "index": 31
  },
  {
    "name": "Require(27) node_modules/egg-security/app/extend/application.js",
    "start": 1646181771890,
    "end": 1646181771891,
    "duration": 1,
    "pid": 10024,
    "index": 32
  },
  {
    "name": "Require(28) node_modules/egg-jsonp/app/extend/application.js",
    "start": 1646181771891,
    "end": 1646181771893,
    "duration": 2,
    "pid": 10024,
    "index": 33
  },
  {
    "name": "Require(29) node_modules/egg-logrotator/app/extend/application.js",
    "start": 1646181771894,
    "end": 1646181771895,
    "duration": 1,
    "pid": 10024,
    "index": 34
  },
  {
    "name": "Require(30) node_modules/egg-view/app/extend/application.js",
    "start": 1646181771896,
    "end": 1646181771897,
    "duration": 1,
    "pid": 10024,
    "index": 35
  },
  {
    "name": "Require(31) node_modules/egg-view-nunjucks/app/extend/application.js",
    "start": 1646181771897,
    "end": 1646181771914,
    "duration": 17,
    "pid": 10024,
    "index": 36
  },
  {
    "name": "Require(32) node_modules/egg-jwt/app/extend/application.js",
    "start": 1646181771914,
    "end": 1646181771940,
    "duration": 26,
    "pid": 10024,
    "index": 37
  },
  {
    "name": "Require(33) node_modules/egg-socket.io/app/extend/application.js",
    "start": 1646181771941,
    "end": 1646181771972,
    "duration": 31,
    "pid": 10024,
    "index": 38
  },
  {
    "name": "Load extend/request.js",
    "start": 1646181771975,
    "end": 1646181771981,
    "duration": 6,
    "pid": 10024,
    "index": 39
  },
  {
    "name": "Require(34) node_modules/egg/app/extend/request.js",
    "start": 1646181771978,
    "end": 1646181771978,
    "duration": 0,
    "pid": 10024,
    "index": 40
  },
  {
    "name": "Load extend/response.js",
    "start": 1646181771981,
    "end": 1646181771988,
    "duration": 7,
    "pid": 10024,
    "index": 41
  },
  {
    "name": "Require(35) node_modules/egg/app/extend/response.js",
    "start": 1646181771984,
    "end": 1646181771985,
    "duration": 1,
    "pid": 10024,
    "index": 42
  },
  {
    "name": "Load extend/context.js",
    "start": 1646181771988,
    "end": 1646181772038,
    "duration": 50,
    "pid": 10024,
    "index": 43
  },
  {
    "name": "Require(36) node_modules/egg-security/app/extend/context.js",
    "start": 1646181771989,
    "end": 1646181771995,
    "duration": 6,
    "pid": 10024,
    "index": 44
  },
  {
    "name": "Require(37) node_modules/egg-jsonp/app/extend/context.js",
    "start": 1646181771995,
    "end": 1646181771996,
    "duration": 1,
    "pid": 10024,
    "index": 45
  },
  {
    "name": "Require(38) node_modules/egg-i18n/app/extend/context.js",
    "start": 1646181771996,
    "end": 1646181771997,
    "duration": 1,
    "pid": 10024,
    "index": 46
  },
  {
    "name": "Require(39) node_modules/egg-multipart/app/extend/context.js",
    "start": 1646181771997,
    "end": 1646181772030,
    "duration": 33,
    "pid": 10024,
    "index": 47
  },
  {
    "name": "Require(40) node_modules/egg-view/app/extend/context.js",
    "start": 1646181772031,
    "end": 1646181772031,
    "duration": 0,
    "pid": 10024,
    "index": 48
  },
  {
    "name": "Require(41) node_modules/egg/app/extend/context.js",
    "start": 1646181772032,
    "end": 1646181772033,
    "duration": 1,
    "pid": 10024,
    "index": 49
  },
  {
    "name": "Load extend/helper.js",
    "start": 1646181772038,
    "end": 1646181772055,
    "duration": 17,
    "pid": 10024,
    "index": 50
  },
  {
    "name": "Require(42) node_modules/egg-security/app/extend/helper.js",
    "start": 1646181772038,
    "end": 1646181772049,
    "duration": 11,
    "pid": 10024,
    "index": 51
  },
  {
    "name": "Require(43) node_modules/egg/app/extend/helper.js",
    "start": 1646181772052,
    "end": 1646181772052,
    "duration": 0,
    "pid": 10024,
    "index": 52
  },
  {
    "name": "Require(44) app/extend/helper.js",
    "start": 1646181772052,
    "end": 1646181772053,
    "duration": 1,
    "pid": 10024,
    "index": 53
  },
  {
    "name": "Load app.js",
    "start": 1646181772056,
    "end": 1646181772110,
    "duration": 54,
    "pid": 10024,
    "index": 54
  },
  {
    "name": "Require(45) node_modules/egg-session/app.js",
    "start": 1646181772056,
    "end": 1646181772056,
    "duration": 0,
    "pid": 10024,
    "index": 55
  },
  {
    "name": "Require(46) node_modules/egg-security/app.js",
    "start": 1646181772056,
    "end": 1646181772057,
    "duration": 1,
    "pid": 10024,
    "index": 56
  },
  {
    "name": "Require(47) node_modules/egg-onerror/app.js",
    "start": 1646181772058,
    "end": 1646181772063,
    "duration": 5,
    "pid": 10024,
    "index": 57
  },
  {
    "name": "Require(48) node_modules/egg-i18n/app.js",
    "start": 1646181772063,
    "end": 1646181772074,
    "duration": 11,
    "pid": 10024,
    "index": 58
  },
  {
    "name": "Require(49) node_modules/egg-watcher/app.js",
    "start": 1646181772074,
    "end": 1646181772076,
    "duration": 2,
    "pid": 10024,
    "index": 59
  },
  {
    "name": "Require(50) node_modules/egg-schedule/app.js",
    "start": 1646181772076,
    "end": 1646181772077,
    "duration": 1,
    "pid": 10024,
    "index": 60
  },
  {
    "name": "Require(51) node_modules/egg-multipart/app.js",
    "start": 1646181772078,
    "end": 1646181772078,
    "duration": 0,
    "pid": 10024,
    "index": 61
  },
  {
    "name": "Require(52) node_modules/egg-development/app.js",
    "start": 1646181772078,
    "end": 1646181772078,
    "duration": 0,
    "pid": 10024,
    "index": 62
  },
  {
    "name": "Require(53) node_modules/egg-logrotator/app.js",
    "start": 1646181772079,
    "end": 1646181772079,
    "duration": 0,
    "pid": 10024,
    "index": 63
  },
  {
    "name": "Require(54) node_modules/egg-static/app.js",
    "start": 1646181772079,
    "end": 1646181772079,
    "duration": 0,
    "pid": 10024,
    "index": 64
  },
  {
    "name": "Require(55) node_modules/egg-sequelize/app.js",
    "start": 1646181772080,
    "end": 1646181772080,
    "duration": 0,
    "pid": 10024,
    "index": 65
  },
  {
    "name": "Require(56) node_modules/egg-view-nunjucks/app.js",
    "start": 1646181772080,
    "end": 1646181772080,
    "duration": 0,
    "pid": 10024,
    "index": 66
  },
  {
    "name": "Require(57) node_modules/egg-cors/app.js",
    "start": 1646181772080,
    "end": 1646181772080,
    "duration": 0,
    "pid": 10024,
    "index": 67
  },
  {
    "name": "Require(58) node_modules/egg-jwt/app.js",
    "start": 1646181772081,
    "end": 1646181772081,
    "duration": 0,
    "pid": 10024,
    "index": 68
  },
  {
    "name": "Require(59) node_modules/egg-socket.io/app.js",
    "start": 1646181772081,
    "end": 1646181772109,
    "duration": 28,
    "pid": 10024,
    "index": 69
  },
  {
    "name": "Require(60) node_modules/egg-etag/app.js",
    "start": 1646181772109,
    "end": 1646181772109,
    "duration": 0,
    "pid": 10024,
    "index": 70
  },
  {
    "name": "Require(61) app.js",
    "start": 1646181772110,
    "end": 1646181772110,
    "duration": 0,
    "pid": 10024,
    "index": 71
  },
  {
    "name": "Before Start in node_modules/egg-watcher/lib/init.js:15:14",
    "start": 1646181772115,
    "end": 1646181772579,
    "duration": 464,
    "pid": 10024,
    "index": 72
  },
  {
    "name": "Load \"Symbol(model)\" to Application",
    "start": 1646181772374,
    "end": 1646181772393,
    "duration": 19,
    "pid": 10024,
    "index": 73
  },
  {
    "name": "Before Start in node_modules/egg-sequelize/lib/loader.js:39:7",
    "start": 1646181772393,
    "end": 1646181772588,
    "duration": 195,
    "pid": 10024,
    "index": 74
  },
  {
    "name": "Load Controller",
    "start": 1646181772402,
    "end": 1646181772520,
    "duration": 118,
    "pid": 10024,
    "index": 75
  },
  {
    "name": "Load \"controller\" to Application",
    "start": 1646181772402,
    "end": 1646181772520,
    "duration": 118,
    "pid": 10024,
    "index": 76
  },
  {
    "name": "Before Start in node_modules/egg-socket.io/lib/io.js:26:7",
    "start": 1646181772408,
    "end": 1646181772561,
    "duration": 153,
    "pid": 10024,
    "index": 77
  },
  {
    "name": "Before Start in app.js:2:7",
    "start": 1646181772408,
    "end": 1646181772614,
    "duration": 206,
    "pid": 10024,
    "index": 78
  },
  {
    "name": "Load Service",
    "start": 1646181772408,
    "end": 1646181772421,
    "duration": 13,
    "pid": 10024,
    "index": 79
  },
  {
    "name": "Load \"service\" to Context",
    "start": 1646181772408,
    "end": 1646181772421,
    "duration": 13,
    "pid": 10024,
    "index": 80
  },
  {
    "name": "Load Middleware",
    "start": 1646181772421,
    "end": 1646181772520,
    "duration": 99,
    "pid": 10024,
    "index": 81
  },
  {
    "name": "Load \"middlewares\" to Application",
    "start": 1646181772421,
    "end": 1646181772508,
    "duration": 87,
    "pid": 10024,
    "index": 82
  },
  {
    "name": "Load Controller",
    "start": 1646181772520,
    "end": 1646181772530,
    "duration": 10,
    "pid": 10024,
    "index": 83
  },
  {
    "name": "Load \"controller\" to Application",
    "start": 1646181772520,
    "end": 1646181772530,
    "duration": 10,
    "pid": 10024,
    "index": 84
  },
  {
    "name": "Load Router",
    "start": 1646181772530,
    "end": 1646181772534,
    "duration": 4,
    "pid": 10024,
    "index": 85
  },
  {
    "name": "Require(62) app/router.js",
    "start": 1646181772530,
    "end": 1646181772531,
    "duration": 1,
    "pid": 10024,
    "index": 86
  },
  {
    "name": "Before Start in node_modules/egg-core/lib/egg.js:303:10",
    "start": 1646181772531,
    "end": 1646181772561,
    "duration": 30,
    "pid": 10024,
    "index": 87
  }
]