[
  {
    "name": "Process Start",
    "start": 1646204622545,
    "end": 1646204623253,
    "duration": 708,
    "pid": 16372,
    "index": 0
  },
  {
    "name": "Application Start",
    "start": 1646204623253,
    "end": 1646204623961,
    "duration": 708,
    "pid": 16372,
    "index": 1
  },
  {
    "name": "Load Plugin",
    "start": 1646204623256,
    "end": 1646204623276,
    "duration": 20,
    "pid": 16372,
    "index": 2
  },
  {
    "name": "Load Config",
    "start": 1646204623277,
    "end": 1646204623300,
    "duration": 23,
    "pid": 16372,
    "index": 3
  },
  {
    "name": "Require(0) config/config.default.js",
    "start": 1646204623277,
    "end": 1646204623277,
    "duration": 0,
    "pid": 16372,
    "index": 4
  },
  {
    "name": "Require(1) node_modules/egg-session/config/config.default.js",
    "start": 1646204623279,
    "end": 1646204623279,
    "duration": 0,
    "pid": 16372,
    "index": 5
  },
  {
    "name": "Require(2) node_modules/egg-security/config/config.default.js",
    "start": 1646204623279,
    "end": 1646204623280,
    "duration": 1,
    "pid": 16372,
    "index": 6
  },
  {
    "name": "Require(3) node_modules/egg-jsonp/config/config.default.js",
    "start": 1646204623281,
    "end": 1646204623281,
    "duration": 0,
    "pid": 16372,
    "index": 7
  },
  {
    "name": "Require(4) node_modules/egg-onerror/config/config.default.js",
    "start": 1646204623281,
    "end": 1646204623282,
    "duration": 1,
    "pid": 16372,
    "index": 8
  },
  {
    "name": "Require(5) node_modules/egg-i18n/config/config.default.js",
    "start": 1646204623283,
    "end": 1646204623284,
    "duration": 1,
    "pid": 16372,
    "index": 9
  },
  {
    "name": "Require(6) node_modules/egg-watcher/config/config.default.js",
    "start": 1646204623284,
    "end": 1646204623285,
    "duration": 1,
    "pid": 16372,
    "index": 10
  },
  {
    "name": "Require(7) node_modules/egg-schedule/config/config.default.js",
    "start": 1646204623285,
    "end": 1646204623285,
    "duration": 0,
    "pid": 16372,
    "index": 11
  },
  {
    "name": "Require(8) node_modules/egg-multipart/config/config.default.js",
    "start": 1646204623286,
    "end": 1646204623286,
    "duration": 0,
    "pid": 16372,
    "index": 12
  },
  {
    "name": "Require(9) node_modules/egg-development/config/config.default.js",
    "start": 1646204623286,
    "end": 1646204623287,
    "duration": 1,
    "pid": 16372,
    "index": 13
  },
  {
    "name": "Require(10) node_modules/egg-logrotator/config/config.default.js",
    "start": 1646204623287,
    "end": 1646204623288,
    "duration": 1,
    "pid": 16372,
    "index": 14
  },
  {
    "name": "Require(11) node_modules/egg-static/config/config.default.js",
    "start": 1646204623288,
    "end": 1646204623289,
    "duration": 1,
    "pid": 16372,
    "index": 15
  },
  {
    "name": "Require(12) node_modules/egg-view/config/config.default.js",
    "start": 1646204623289,
    "end": 1646204623290,
    "duration": 1,
    "pid": 16372,
    "index": 16
  },
  {
    "name": "Require(13) node_modules/egg-sequelize/config/config.default.js",
    "start": 1646204623290,
    "end": 1646204623290,
    "duration": 0,
    "pid": 16372,
    "index": 17
  },
  {
    "name": "Require(14) node_modules/egg-view-nunjucks/config/config.default.js",
    "start": 1646204623291,
    "end": 1646204623291,
    "duration": 0,
    "pid": 16372,
    "index": 18
  },
  {
    "name": "Require(15) node_modules/egg-cors/config/config.default.js",
    "start": 1646204623292,
    "end": 1646204623292,
    "duration": 0,
    "pid": 16372,
    "index": 19
  },
  {
    "name": "Require(16) node_modules/egg-jwt/config/config.default.js",
    "start": 1646204623292,
    "end": 1646204623292,
    "duration": 0,
    "pid": 16372,
    "index": 20
  },
  {
    "name": "Require(17) node_modules/egg-socket.io/config/config.default.js",
    "start": 1646204623293,
    "end": 1646204623293,
    "duration": 0,
    "pid": 16372,
    "index": 21
  },
  {
    "name": "Require(18) node_modules/egg-etag/config/config.default.js",
    "start": 1646204623293,
    "end": 1646204623294,
    "duration": 1,
    "pid": 16372,
    "index": 22
  },
  {
    "name": "Require(19) node_modules/egg/config/config.default.js",
    "start": 1646204623294,
    "end": 1646204623294,
    "duration": 0,
    "pid": 16372,
    "index": 23
  },
  {
    "name": "Require(20) config/config.default.js",
    "start": 1646204623295,
    "end": 1646204623295,
    "duration": 0,
    "pid": 16372,
    "index": 24
  },
  {
    "name": "Require(21) node_modules/egg-security/config/config.local.js",
    "start": 1646204623295,
    "end": 1646204623296,
    "duration": 1,
    "pid": 16372,
    "index": 25
  },
  {
    "name": "Require(22) node_modules/egg-watcher/config/config.local.js",
    "start": 1646204623296,
    "end": 1646204623297,
    "duration": 1,
    "pid": 16372,
    "index": 26
  },
  {
    "name": "Require(23) node_modules/egg-view/config/config.local.js",
    "start": 1646204623298,
    "end": 1646204623298,
    "duration": 0,
    "pid": 16372,
    "index": 27
  },
  {
    "name": "Require(24) node_modules/egg-view-nunjucks/config/config.local.js",
    "start": 1646204623298,
    "end": 1646204623299,
    "duration": 1,
    "pid": 16372,
    "index": 28
  },
  {
    "name": "Require(25) node_modules/egg/config/config.local.js",
    "start": 1646204623300,
    "end": 1646204623300,
    "duration": 0,
    "pid": 16372,
    "index": 29
  },
  {
    "name": "Load extend/application.js",
    "start": 1646204623301,
    "end": 1646204623392,
    "duration": 91,
    "pid": 16372,
    "index": 30
  },
  {
    "name": "Require(26) node_modules/egg-session/app/extend/application.js",
    "start": 1646204623301,
    "end": 1646204623301,
    "duration": 0,
    "pid": 16372,
    "index": 31
  },
  {
    "name": "Require(27) node_modules/egg-security/app/extend/application.js",
    "start": 1646204623302,
    "end": 1646204623303,
    "duration": 1,
    "pid": 16372,
    "index": 32
  },
  {
    "name": "Require(28) node_modules/egg-jsonp/app/extend/application.js",
    "start": 1646204623303,
    "end": 1646204623305,
    "duration": 2,
    "pid": 16372,
    "index": 33
  },
  {
    "name": "Require(29) node_modules/egg-logrotator/app/extend/application.js",
    "start": 1646204623306,
    "end": 1646204623308,
    "duration": 2,
    "pid": 16372,
    "index": 34
  },
  {
    "name": "Require(30) node_modules/egg-view/app/extend/application.js",
    "start": 1646204623308,
    "end": 1646204623309,
    "duration": 1,
    "pid": 16372,
    "index": 35
  },
  {
    "name": "Require(31) node_modules/egg-view-nunjucks/app/extend/application.js",
    "start": 1646204623310,
    "end": 1646204623328,
    "duration": 18,
    "pid": 16372,
    "index": 36
  },
  {
    "name": "Require(32) node_modules/egg-jwt/app/extend/application.js",
    "start": 1646204623329,
    "end": 1646204623357,
    "duration": 28,
    "pid": 16372,
    "index": 37
  },
  {
    "name": "Require(33) node_modules/egg-socket.io/app/extend/application.js",
    "start": 1646204623358,
    "end": 1646204623389,
    "duration": 31,
    "pid": 16372,
    "index": 38
  },
  {
    "name": "Load extend/request.js",
    "start": 1646204623393,
    "end": 1646204623399,
    "duration": 6,
    "pid": 16372,
    "index": 39
  },
  {
    "name": "Require(34) node_modules/egg/app/extend/request.js",
    "start": 1646204623396,
    "end": 1646204623396,
    "duration": 0,
    "pid": 16372,
    "index": 40
  },
  {
    "name": "Load extend/response.js",
    "start": 1646204623399,
    "end": 1646204623407,
    "duration": 8,
    "pid": 16372,
    "index": 41
  },
  {
    "name": "Require(35) node_modules/egg/app/extend/response.js",
    "start": 1646204623402,
    "end": 1646204623403,
    "duration": 1,
    "pid": 16372,
    "index": 42
  },
  {
    "name": "Load extend/context.js",
    "start": 1646204623407,
    "end": 1646204623455,
    "duration": 48,
    "pid": 16372,
    "index": 43
  },
  {
    "name": "Require(36) node_modules/egg-security/app/extend/context.js",
    "start": 1646204623407,
    "end": 1646204623414,
    "duration": 7,
    "pid": 16372,
    "index": 44
  },
  {
    "name": "Require(37) node_modules/egg-jsonp/app/extend/context.js",
    "start": 1646204623414,
    "end": 1646204623415,
    "duration": 1,
    "pid": 16372,
    "index": 45
  },
  {
    "name": "Require(38) node_modules/egg-i18n/app/extend/context.js",
    "start": 1646204623416,
    "end": 1646204623416,
    "duration": 0,
    "pid": 16372,
    "index": 46
  },
  {
    "name": "Require(39) node_modules/egg-multipart/app/extend/context.js",
    "start": 1646204623416,
    "end": 1646204623448,
    "duration": 32,
    "pid": 16372,
    "index": 47
  },
  {
    "name": "Require(40) node_modules/egg-view/app/extend/context.js",
    "start": 1646204623449,
    "end": 1646204623449,
    "duration": 0,
    "pid": 16372,
    "index": 48
  },
  {
    "name": "Require(41) node_modules/egg/app/extend/context.js",
    "start": 1646204623451,
    "end": 1646204623451,
    "duration": 0,
    "pid": 16372,
    "index": 49
  },
  {
    "name": "Load extend/helper.js",
    "start": 1646204623455,
    "end": 1646204623472,
    "duration": 17,
    "pid": 16372,
    "index": 50
  },
  {
    "name": "Require(42) node_modules/egg-security/app/extend/helper.js",
    "start": 1646204623455,
    "end": 1646204623466,
    "duration": 11,
    "pid": 16372,
    "index": 51
  },
  {
    "name": "Require(43) node_modules/egg/app/extend/helper.js",
    "start": 1646204623468,
    "end": 1646204623469,
    "duration": 1,
    "pid": 16372,
    "index": 52
  },
  {
    "name": "Require(44) app/extend/helper.js",
    "start": 1646204623469,
    "end": 1646204623469,
    "duration": 0,
    "pid": 16372,
    "index": 53
  },
  {
    "name": "Load app.js",
    "start": 1646204623472,
    "end": 1646204623527,
    "duration": 55,
    "pid": 16372,
    "index": 54
  },
  {
    "name": "Require(45) node_modules/egg-session/app.js",
    "start": 1646204623473,
    "end": 1646204623473,
    "duration": 0,
    "pid": 16372,
    "index": 55
  },
  {
    "name": "Require(46) node_modules/egg-security/app.js",
    "start": 1646204623473,
    "end": 1646204623474,
    "duration": 1,
    "pid": 16372,
    "index": 56
  },
  {
    "name": "Require(47) node_modules/egg-onerror/app.js",
    "start": 1646204623474,
    "end": 1646204623479,
    "duration": 5,
    "pid": 16372,
    "index": 57
  },
  {
    "name": "Require(48) node_modules/egg-i18n/app.js",
    "start": 1646204623480,
    "end": 1646204623490,
    "duration": 10,
    "pid": 16372,
    "index": 58
  },
  {
    "name": "Require(49) node_modules/egg-watcher/app.js",
    "start": 1646204623490,
    "end": 1646204623492,
    "duration": 2,
    "pid": 16372,
    "index": 59
  },
  {
    "name": "Require(50) node_modules/egg-schedule/app.js",
    "start": 1646204623492,
    "end": 1646204623493,
    "duration": 1,
    "pid": 16372,
    "index": 60
  },
  {
    "name": "Require(51) node_modules/egg-multipart/app.js",
    "start": 1646204623494,
    "end": 1646204623494,
    "duration": 0,
    "pid": 16372,
    "index": 61
  },
  {
    "name": "Require(52) node_modules/egg-development/app.js",
    "start": 1646204623494,
    "end": 1646204623495,
    "duration": 1,
    "pid": 16372,
    "index": 62
  },
  {
    "name": "Require(53) node_modules/egg-logrotator/app.js",
    "start": 1646204623495,
    "end": 1646204623495,
    "duration": 0,
    "pid": 16372,
    "index": 63
  },
  {
    "name": "Require(54) node_modules/egg-static/app.js",
    "start": 1646204623495,
    "end": 1646204623495,
    "duration": 0,
    "pid": 16372,
    "index": 64
  },
  {
    "name": "Require(55) node_modules/egg-sequelize/app.js",
    "start": 1646204623496,
    "end": 1646204623496,
    "duration": 0,
    "pid": 16372,
    "index": 65
  },
  {
    "name": "Require(56) node_modules/egg-view-nunjucks/app.js",
    "start": 1646204623496,
    "end": 1646204623496,
    "duration": 0,
    "pid": 16372,
    "index": 66
  },
  {
    "name": "Require(57) node_modules/egg-cors/app.js",
    "start": 1646204623497,
    "end": 1646204623497,
    "duration": 0,
    "pid": 16372,
    "index": 67
  },
  {
    "name": "Require(58) node_modules/egg-jwt/app.js",
    "start": 1646204623497,
    "end": 1646204623497,
    "duration": 0,
    "pid": 16372,
    "index": 68
  },
  {
    "name": "Require(59) node_modules/egg-socket.io/app.js",
    "start": 1646204623497,
    "end": 1646204623525,
    "duration": 28,
    "pid": 16372,
    "index": 69
  },
  {
    "name": "Require(60) node_modules/egg-etag/app.js",
    "start": 1646204623526,
    "end": 1646204623526,
    "duration": 0,
    "pid": 16372,
    "index": 70
  },
  {
    "name": "Require(61) app.js",
    "start": 1646204623526,
    "end": 1646204623526,
    "duration": 0,
    "pid": 16372,
    "index": 71
  },
  {
    "name": "Before Start in node_modules/egg-watcher/lib/init.js:15:14",
    "start": 1646204623532,
    "end": 1646204623931,
    "duration": 399,
    "pid": 16372,
    "index": 72
  },
  {
    "name": "Load \"Symbol(model)\" to Application",
    "start": 1646204623781,
    "end": 1646204623795,
    "duration": 14,
    "pid": 16372,
    "index": 73
  },
  {
    "name": "Before Start in node_modules/egg-sequelize/lib/loader.js:39:7",
    "start": 1646204623795,
    "end": 1646204623941,
    "duration": 146,
    "pid": 16372,
    "index": 74
  },
  {
    "name": "Load Controller",
    "start": 1646204623804,
    "end": 1646204623880,
    "duration": 76,
    "pid": 16372,
    "index": 75
  },
  {
    "name": "Load \"controller\" to Application",
    "start": 1646204623804,
    "end": 1646204623880,
    "duration": 76,
    "pid": 16372,
    "index": 76
  },
  {
    "name": "Before Start in node_modules/egg-socket.io/lib/io.js:26:7",
    "start": 1646204623809,
    "end": 1646204623916,
    "duration": 107,
    "pid": 16372,
    "index": 77
  },
  {
    "name": "Before Start in app.js:2:7",
    "start": 1646204623809,
    "end": 1646204623961,
    "duration": 152,
    "pid": 16372,
    "index": 78
  },
  {
    "name": "Load Service",
    "start": 1646204623809,
    "end": 1646204623818,
    "duration": 9,
    "pid": 16372,
    "index": 79
  },
  {
    "name": "Load \"service\" to Context",
    "start": 1646204623809,
    "end": 1646204623818,
    "duration": 9,
    "pid": 16372,
    "index": 80
  },
  {
    "name": "Load Middleware",
    "start": 1646204623818,
    "end": 1646204623880,
    "duration": 62,
    "pid": 16372,
    "index": 81
  },
  {
    "name": "Load \"middlewares\" to Application",
    "start": 1646204623818,
    "end": 1646204623872,
    "duration": 54,
    "pid": 16372,
    "index": 82
  },
  {
    "name": "Load Controller",
    "start": 1646204623880,
    "end": 1646204623888,
    "duration": 8,
    "pid": 16372,
    "index": 83
  },
  {
    "name": "Load \"controller\" to Application",
    "start": 1646204623880,
    "end": 1646204623888,
    "duration": 8,
    "pid": 16372,
    "index": 84
  },
  {
    "name": "Load Router",
    "start": 1646204623888,
    "end": 1646204623892,
    "duration": 4,
    "pid": 16372,
    "index": 85
  },
  {
    "name": "Require(62) app/router.js",
    "start": 1646204623888,
    "end": 1646204623888,
    "duration": 0,
    "pid": 16372,
    "index": 86
  },
  {
    "name": "Before Start in node_modules/egg-core/lib/egg.js:303:10",
    "start": 1646204623889,
    "end": 1646204623915,
    "duration": 26,
    "pid": 16372,
    "index": 87
  }
]