[
  {
    "name": "Process Start",
    "start": 1646189791114,
    "end": 1646189791801,
    "duration": 687,
    "pid": 4908,
    "index": 0
  },
  {
    "name": "Application Start",
    "start": 1646189791801,
    "end": 1646189792453,
    "duration": 652,
    "pid": 4908,
    "index": 1
  },
  {
    "name": "Load Plugin",
    "start": 1646189791804,
    "end": 1646189791822,
    "duration": 18,
    "pid": 4908,
    "index": 2
  },
  {
    "name": "Load Config",
    "start": 1646189791822,
    "end": 1646189791842,
    "duration": 20,
    "pid": 4908,
    "index": 3
  },
  {
    "name": "Require(0) config/config.default.js",
    "start": 1646189791822,
    "end": 1646189791822,
    "duration": 0,
    "pid": 4908,
    "index": 4
  },
  {
    "name": "Require(1) node_modules/egg-session/config/config.default.js",
    "start": 1646189791824,
    "end": 1646189791824,
    "duration": 0,
    "pid": 4908,
    "index": 5
  },
  {
    "name": "Require(2) node_modules/egg-security/config/config.default.js",
    "start": 1646189791825,
    "end": 1646189791825,
    "duration": 0,
    "pid": 4908,
    "index": 6
  },
  {
    "name": "Require(3) node_modules/egg-jsonp/config/config.default.js",
    "start": 1646189791826,
    "end": 1646189791826,
    "duration": 0,
    "pid": 4908,
    "index": 7
  },
  {
    "name": "Require(4) node_modules/egg-onerror/config/config.default.js",
    "start": 1646189791826,
    "end": 1646189791826,
    "duration": 0,
    "pid": 4908,
    "index": 8
  },
  {
    "name": "Require(5) node_modules/egg-i18n/config/config.default.js",
    "start": 1646189791827,
    "end": 1646189791827,
    "duration": 0,
    "pid": 4908,
    "index": 9
  },
  {
    "name": "Require(6) node_modules/egg-watcher/config/config.default.js",
    "start": 1646189791827,
    "end": 1646189791829,
    "duration": 2,
    "pid": 4908,
    "index": 10
  },
  {
    "name": "Require(7) node_modules/egg-schedule/config/config.default.js",
    "start": 1646189791830,
    "end": 1646189791830,
    "duration": 0,
    "pid": 4908,
    "index": 11
  },
  {
    "name": "Require(8) node_modules/egg-multipart/config/config.default.js",
    "start": 1646189791830,
    "end": 1646189791831,
    "duration": 1,
    "pid": 4908,
    "index": 12
  },
  {
    "name": "Require(9) node_modules/egg-development/config/config.default.js",
    "start": 1646189791831,
    "end": 1646189791831,
    "duration": 0,
    "pid": 4908,
    "index": 13
  },
  {
    "name": "Require(10) node_modules/egg-logrotator/config/config.default.js",
    "start": 1646189791832,
    "end": 1646189791832,
    "duration": 0,
    "pid": 4908,
    "index": 14
  },
  {
    "name": "Require(11) node_modules/egg-static/config/config.default.js",
    "start": 1646189791832,
    "end": 1646189791832,
    "duration": 0,
    "pid": 4908,
    "index": 15
  },
  {
    "name": "Require(12) node_modules/egg-view/config/config.default.js",
    "start": 1646189791833,
    "end": 1646189791833,
    "duration": 0,
    "pid": 4908,
    "index": 16
  },
  {
    "name": "Require(13) node_modules/egg-sequelize/config/config.default.js",
    "start": 1646189791833,
    "end": 1646189791833,
    "duration": 0,
    "pid": 4908,
    "index": 17
  },
  {
    "name": "Require(14) node_modules/egg-view-nunjucks/config/config.default.js",
    "start": 1646189791834,
    "end": 1646189791834,
    "duration": 0,
    "pid": 4908,
    "index": 18
  },
  {
    "name": "Require(15) node_modules/egg-cors/config/config.default.js",
    "start": 1646189791834,
    "end": 1646189791835,
    "duration": 1,
    "pid": 4908,
    "index": 19
  },
  {
    "name": "Require(16) node_modules/egg-jwt/config/config.default.js",
    "start": 1646189791835,
    "end": 1646189791835,
    "duration": 0,
    "pid": 4908,
    "index": 20
  },
  {
    "name": "Require(17) node_modules/egg-socket.io/config/config.default.js",
    "start": 1646189791835,
    "end": 1646189791836,
    "duration": 1,
    "pid": 4908,
    "index": 21
  },
  {
    "name": "Require(18) node_modules/egg-etag/config/config.default.js",
    "start": 1646189791836,
    "end": 1646189791836,
    "duration": 0,
    "pid": 4908,
    "index": 22
  },
  {
    "name": "Require(19) node_modules/egg/config/config.default.js",
    "start": 1646189791836,
    "end": 1646189791837,
    "duration": 1,
    "pid": 4908,
    "index": 23
  },
  {
    "name": "Require(20) config/config.default.js",
    "start": 1646189791837,
    "end": 1646189791837,
    "duration": 0,
    "pid": 4908,
    "index": 24
  },
  {
    "name": "Require(21) node_modules/egg-security/config/config.local.js",
    "start": 1646189791838,
    "end": 1646189791838,
    "duration": 0,
    "pid": 4908,
    "index": 25
  },
  {
    "name": "Require(22) node_modules/egg-watcher/config/config.local.js",
    "start": 1646189791838,
    "end": 1646189791839,
    "duration": 1,
    "pid": 4908,
    "index": 26
  },
  {
    "name": "Require(23) node_modules/egg-view/config/config.local.js",
    "start": 1646189791839,
    "end": 1646189791840,
    "duration": 1,
    "pid": 4908,
    "index": 27
  },
  {
    "name": "Require(24) node_modules/egg-view-nunjucks/config/config.local.js",
    "start": 1646189791840,
    "end": 1646189791840,
    "duration": 0,
    "pid": 4908,
    "index": 28
  },
  {
    "name": "Require(25) node_modules/egg/config/config.local.js",
    "start": 1646189791841,
    "end": 1646189791841,
    "duration": 0,
    "pid": 4908,
    "index": 29
  },
  {
    "name": "Load extend/application.js",
    "start": 1646189791842,
    "end": 1646189791920,
    "duration": 78,
    "pid": 4908,
    "index": 30
  },
  {
    "name": "Require(26) node_modules/egg-session/app/extend/application.js",
    "start": 1646189791843,
    "end": 1646189791843,
    "duration": 0,
    "pid": 4908,
    "index": 31
  },
  {
    "name": "Require(27) node_modules/egg-security/app/extend/application.js",
    "start": 1646189791843,
    "end": 1646189791844,
    "duration": 1,
    "pid": 4908,
    "index": 32
  },
  {
    "name": "Require(28) node_modules/egg-jsonp/app/extend/application.js",
    "start": 1646189791845,
    "end": 1646189791846,
    "duration": 1,
    "pid": 4908,
    "index": 33
  },
  {
    "name": "Require(29) node_modules/egg-logrotator/app/extend/application.js",
    "start": 1646189791847,
    "end": 1646189791848,
    "duration": 1,
    "pid": 4908,
    "index": 34
  },
  {
    "name": "Require(30) node_modules/egg-view/app/extend/application.js",
    "start": 1646189791849,
    "end": 1646189791850,
    "duration": 1,
    "pid": 4908,
    "index": 35
  },
  {
    "name": "Require(31) node_modules/egg-view-nunjucks/app/extend/application.js",
    "start": 1646189791850,
    "end": 1646189791865,
    "duration": 15,
    "pid": 4908,
    "index": 36
  },
  {
    "name": "Require(32) node_modules/egg-jwt/app/extend/application.js",
    "start": 1646189791866,
    "end": 1646189791889,
    "duration": 23,
    "pid": 4908,
    "index": 37
  },
  {
    "name": "Require(33) node_modules/egg-socket.io/app/extend/application.js",
    "start": 1646189791889,
    "end": 1646189791917,
    "duration": 28,
    "pid": 4908,
    "index": 38
  },
  {
    "name": "Load extend/request.js",
    "start": 1646189791920,
    "end": 1646189791926,
    "duration": 6,
    "pid": 4908,
    "index": 39
  },
  {
    "name": "Require(34) node_modules/egg/app/extend/request.js",
    "start": 1646189791923,
    "end": 1646189791923,
    "duration": 0,
    "pid": 4908,
    "index": 40
  },
  {
    "name": "Load extend/response.js",
    "start": 1646189791926,
    "end": 1646189791931,
    "duration": 5,
    "pid": 4908,
    "index": 41
  },
  {
    "name": "Require(35) node_modules/egg/app/extend/response.js",
    "start": 1646189791928,
    "end": 1646189791929,
    "duration": 1,
    "pid": 4908,
    "index": 42
  },
  {
    "name": "Load extend/context.js",
    "start": 1646189791931,
    "end": 1646189791977,
    "duration": 46,
    "pid": 4908,
    "index": 43
  },
  {
    "name": "Require(36) node_modules/egg-security/app/extend/context.js",
    "start": 1646189791932,
    "end": 1646189791937,
    "duration": 5,
    "pid": 4908,
    "index": 44
  },
  {
    "name": "Require(37) node_modules/egg-jsonp/app/extend/context.js",
    "start": 1646189791937,
    "end": 1646189791938,
    "duration": 1,
    "pid": 4908,
    "index": 45
  },
  {
    "name": "Require(38) node_modules/egg-i18n/app/extend/context.js",
    "start": 1646189791938,
    "end": 1646189791938,
    "duration": 0,
    "pid": 4908,
    "index": 46
  },
  {
    "name": "Require(39) node_modules/egg-multipart/app/extend/context.js",
    "start": 1646189791939,
    "end": 1646189791969,
    "duration": 30,
    "pid": 4908,
    "index": 47
  },
  {
    "name": "Require(40) node_modules/egg-view/app/extend/context.js",
    "start": 1646189791970,
    "end": 1646189791970,
    "duration": 0,
    "pid": 4908,
    "index": 48
  },
  {
    "name": "Require(41) node_modules/egg/app/extend/context.js",
    "start": 1646189791972,
    "end": 1646189791973,
    "duration": 1,
    "pid": 4908,
    "index": 49
  },
  {
    "name": "Load extend/helper.js",
    "start": 1646189791977,
    "end": 1646189791993,
    "duration": 16,
    "pid": 4908,
    "index": 50
  },
  {
    "name": "Require(42) node_modules/egg-security/app/extend/helper.js",
    "start": 1646189791977,
    "end": 1646189791987,
    "duration": 10,
    "pid": 4908,
    "index": 51
  },
  {
    "name": "Require(43) node_modules/egg/app/extend/helper.js",
    "start": 1646189791989,
    "end": 1646189791990,
    "duration": 1,
    "pid": 4908,
    "index": 52
  },
  {
    "name": "Require(44) app/extend/helper.js",
    "start": 1646189791990,
    "end": 1646189791990,
    "duration": 0,
    "pid": 4908,
    "index": 53
  },
  {
    "name": "Load app.js",
    "start": 1646189791993,
    "end": 1646189792044,
    "duration": 51,
    "pid": 4908,
    "index": 54
  },
  {
    "name": "Require(45) node_modules/egg-session/app.js",
    "start": 1646189791993,
    "end": 1646189791993,
    "duration": 0,
    "pid": 4908,
    "index": 55
  },
  {
    "name": "Require(46) node_modules/egg-security/app.js",
    "start": 1646189791994,
    "end": 1646189791994,
    "duration": 0,
    "pid": 4908,
    "index": 56
  },
  {
    "name": "Require(47) node_modules/egg-onerror/app.js",
    "start": 1646189791995,
    "end": 1646189791999,
    "duration": 4,
    "pid": 4908,
    "index": 57
  },
  {
    "name": "Require(48) node_modules/egg-i18n/app.js",
    "start": 1646189792000,
    "end": 1646189792010,
    "duration": 10,
    "pid": 4908,
    "index": 58
  },
  {
    "name": "Require(49) node_modules/egg-watcher/app.js",
    "start": 1646189792010,
    "end": 1646189792012,
    "duration": 2,
    "pid": 4908,
    "index": 59
  },
  {
    "name": "Require(50) node_modules/egg-schedule/app.js",
    "start": 1646189792012,
    "end": 1646189792013,
    "duration": 1,
    "pid": 4908,
    "index": 60
  },
  {
    "name": "Require(51) node_modules/egg-multipart/app.js",
    "start": 1646189792013,
    "end": 1646189792014,
    "duration": 1,
    "pid": 4908,
    "index": 61
  },
  {
    "name": "Require(52) node_modules/egg-development/app.js",
    "start": 1646189792014,
    "end": 1646189792014,
    "duration": 0,
    "pid": 4908,
    "index": 62
  },
  {
    "name": "Require(53) node_modules/egg-logrotator/app.js",
    "start": 1646189792014,
    "end": 1646189792014,
    "duration": 0,
    "pid": 4908,
    "index": 63
  },
  {
    "name": "Require(54) node_modules/egg-static/app.js",
    "start": 1646189792014,
    "end": 1646189792015,
    "duration": 1,
    "pid": 4908,
    "index": 64
  },
  {
    "name": "Require(55) node_modules/egg-sequelize/app.js",
    "start": 1646189792015,
    "end": 1646189792015,
    "duration": 0,
    "pid": 4908,
    "index": 65
  },
  {
    "name": "Require(56) node_modules/egg-view-nunjucks/app.js",
    "start": 1646189792015,
    "end": 1646189792015,
    "duration": 0,
    "pid": 4908,
    "index": 66
  },
  {
    "name": "Require(57) node_modules/egg-cors/app.js",
    "start": 1646189792016,
    "end": 1646189792016,
    "duration": 0,
    "pid": 4908,
    "index": 67
  },
  {
    "name": "Require(58) node_modules/egg-jwt/app.js",
    "start": 1646189792016,
    "end": 1646189792016,
    "duration": 0,
    "pid": 4908,
    "index": 68
  },
  {
    "name": "Require(59) node_modules/egg-socket.io/app.js",
    "start": 1646189792016,
    "end": 1646189792043,
    "duration": 27,
    "pid": 4908,
    "index": 69
  },
  {
    "name": "Require(60) node_modules/egg-etag/app.js",
    "start": 1646189792043,
    "end": 1646189792043,
    "duration": 0,
    "pid": 4908,
    "index": 70
  },
  {
    "name": "Require(61) app.js",
    "start": 1646189792044,
    "end": 1646189792044,
    "duration": 0,
    "pid": 4908,
    "index": 71
  },
  {
    "name": "Before Start in node_modules/egg-watcher/lib/init.js:15:14",
    "start": 1646189792049,
    "end": 1646189792425,
    "duration": 376,
    "pid": 4908,
    "index": 72
  },
  {
    "name": "Load \"Symbol(model)\" to Application",
    "start": 1646189792278,
    "end": 1646189792292,
    "duration": 14,
    "pid": 4908,
    "index": 73
  },
  {
    "name": "Before Start in node_modules/egg-sequelize/lib/loader.js:39:7",
    "start": 1646189792292,
    "end": 1646189792434,
    "duration": 142,
    "pid": 4908,
    "index": 74
  },
  {
    "name": "Load Controller",
    "start": 1646189792301,
    "end": 1646189792375,
    "duration": 74,
    "pid": 4908,
    "index": 75
  },
  {
    "name": "Load \"controller\" to Application",
    "start": 1646189792301,
    "end": 1646189792375,
    "duration": 74,
    "pid": 4908,
    "index": 76
  },
  {
    "name": "Before Start in node_modules/egg-socket.io/lib/io.js:26:7",
    "start": 1646189792306,
    "end": 1646189792410,
    "duration": 104,
    "pid": 4908,
    "index": 77
  },
  {
    "name": "Before Start in app.js:2:7",
    "start": 1646189792306,
    "end": 1646189792453,
    "duration": 147,
    "pid": 4908,
    "index": 78
  },
  {
    "name": "Load Service",
    "start": 1646189792306,
    "end": 1646189792314,
    "duration": 8,
    "pid": 4908,
    "index": 79
  },
  {
    "name": "Load \"service\" to Context",
    "start": 1646189792306,
    "end": 1646189792314,
    "duration": 8,
    "pid": 4908,
    "index": 80
  },
  {
    "name": "Load Middleware",
    "start": 1646189792314,
    "end": 1646189792375,
    "duration": 61,
    "pid": 4908,
    "index": 81
  },
  {
    "name": "Load \"middlewares\" to Application",
    "start": 1646189792314,
    "end": 1646189792368,
    "duration": 54,
    "pid": 4908,
    "index": 82
  },
  {
    "name": "Load Controller",
    "start": 1646189792375,
    "end": 1646189792383,
    "duration": 8,
    "pid": 4908,
    "index": 83
  },
  {
    "name": "Load \"controller\" to Application",
    "start": 1646189792375,
    "end": 1646189792383,
    "duration": 8,
    "pid": 4908,
    "index": 84
  },
  {
    "name": "Load Router",
    "start": 1646189792383,
    "end": 1646189792387,
    "duration": 4,
    "pid": 4908,
    "index": 85
  },
  {
    "name": "Require(62) app/router.js",
    "start": 1646189792383,
    "end": 1646189792383,
    "duration": 0,
    "pid": 4908,
    "index": 86
  },
  {
    "name": "Before Start in node_modules/egg-core/lib/egg.js:303:10",
    "start": 1646189792384,
    "end": 1646189792410,
    "duration": 26,
    "pid": 4908,
    "index": 87
  }
]