[
  {
    "name": "Process Start",
    "start": 1646189832473,
    "end": 1646189833170,
    "duration": 697,
    "pid": 8348,
    "index": 0
  },
  {
    "name": "Application Start",
    "start": 1646189833171,
    "end": 1646189833828,
    "duration": 657,
    "pid": 8348,
    "index": 1
  },
  {
    "name": "Load Plugin",
    "start": 1646189833173,
    "end": 1646189833191,
    "duration": 18,
    "pid": 8348,
    "index": 2
  },
  {
    "name": "Load Config",
    "start": 1646189833191,
    "end": 1646189833211,
    "duration": 20,
    "pid": 8348,
    "index": 3
  },
  {
    "name": "Require(0) config/config.default.js",
    "start": 1646189833191,
    "end": 1646189833192,
    "duration": 1,
    "pid": 8348,
    "index": 4
  },
  {
    "name": "Require(1) node_modules/egg-session/config/config.default.js",
    "start": 1646189833193,
    "end": 1646189833193,
    "duration": 0,
    "pid": 8348,
    "index": 5
  },
  {
    "name": "Require(2) node_modules/egg-security/config/config.default.js",
    "start": 1646189833194,
    "end": 1646189833194,
    "duration": 0,
    "pid": 8348,
    "index": 6
  },
  {
    "name": "Require(3) node_modules/egg-jsonp/config/config.default.js",
    "start": 1646189833195,
    "end": 1646189833195,
    "duration": 0,
    "pid": 8348,
    "index": 7
  },
  {
    "name": "Require(4) node_modules/egg-onerror/config/config.default.js",
    "start": 1646189833196,
    "end": 1646189833196,
    "duration": 0,
    "pid": 8348,
    "index": 8
  },
  {
    "name": "Require(5) node_modules/egg-i18n/config/config.default.js",
    "start": 1646189833196,
    "end": 1646189833198,
    "duration": 2,
    "pid": 8348,
    "index": 9
  },
  {
    "name": "Require(6) node_modules/egg-watcher/config/config.default.js",
    "start": 1646189833198,
    "end": 1646189833198,
    "duration": 0,
    "pid": 8348,
    "index": 10
  },
  {
    "name": "Require(7) node_modules/egg-schedule/config/config.default.js",
    "start": 1646189833199,
    "end": 1646189833199,
    "duration": 0,
    "pid": 8348,
    "index": 11
  },
  {
    "name": "Require(8) node_modules/egg-multipart/config/config.default.js",
    "start": 1646189833199,
    "end": 1646189833200,
    "duration": 1,
    "pid": 8348,
    "index": 12
  },
  {
    "name": "Require(9) node_modules/egg-development/config/config.default.js",
    "start": 1646189833200,
    "end": 1646189833200,
    "duration": 0,
    "pid": 8348,
    "index": 13
  },
  {
    "name": "Require(10) node_modules/egg-logrotator/config/config.default.js",
    "start": 1646189833200,
    "end": 1646189833201,
    "duration": 1,
    "pid": 8348,
    "index": 14
  },
  {
    "name": "Require(11) node_modules/egg-static/config/config.default.js",
    "start": 1646189833201,
    "end": 1646189833201,
    "duration": 0,
    "pid": 8348,
    "index": 15
  },
  {
    "name": "Require(12) node_modules/egg-view/config/config.default.js",
    "start": 1646189833202,
    "end": 1646189833202,
    "duration": 0,
    "pid": 8348,
    "index": 16
  },
  {
    "name": "Require(13) node_modules/egg-sequelize/config/config.default.js",
    "start": 1646189833202,
    "end": 1646189833202,
    "duration": 0,
    "pid": 8348,
    "index": 17
  },
  {
    "name": "Require(14) node_modules/egg-view-nunjucks/config/config.default.js",
    "start": 1646189833203,
    "end": 1646189833203,
    "duration": 0,
    "pid": 8348,
    "index": 18
  },
  {
    "name": "Require(15) node_modules/egg-cors/config/config.default.js",
    "start": 1646189833203,
    "end": 1646189833204,
    "duration": 1,
    "pid": 8348,
    "index": 19
  },
  {
    "name": "Require(16) node_modules/egg-jwt/config/config.default.js",
    "start": 1646189833204,
    "end": 1646189833204,
    "duration": 0,
    "pid": 8348,
    "index": 20
  },
  {
    "name": "Require(17) node_modules/egg-socket.io/config/config.default.js",
    "start": 1646189833204,
    "end": 1646189833204,
    "duration": 0,
    "pid": 8348,
    "index": 21
  },
  {
    "name": "Require(18) node_modules/egg-etag/config/config.default.js",
    "start": 1646189833205,
    "end": 1646189833205,
    "duration": 0,
    "pid": 8348,
    "index": 22
  },
  {
    "name": "Require(19) node_modules/egg/config/config.default.js",
    "start": 1646189833205,
    "end": 1646189833205,
    "duration": 0,
    "pid": 8348,
    "index": 23
  },
  {
    "name": "Require(20) config/config.default.js",
    "start": 1646189833206,
    "end": 1646189833206,
    "duration": 0,
    "pid": 8348,
    "index": 24
  },
  {
    "name": "Require(21) node_modules/egg-security/config/config.local.js",
    "start": 1646189833207,
    "end": 1646189833207,
    "duration": 0,
    "pid": 8348,
    "index": 25
  },
  {
    "name": "Require(22) node_modules/egg-watcher/config/config.local.js",
    "start": 1646189833208,
    "end": 1646189833208,
    "duration": 0,
    "pid": 8348,
    "index": 26
  },
  {
    "name": "Require(23) node_modules/egg-view/config/config.local.js",
    "start": 1646189833209,
    "end": 1646189833209,
    "duration": 0,
    "pid": 8348,
    "index": 27
  },
  {
    "name": "Require(24) node_modules/egg-view-nunjucks/config/config.local.js",
    "start": 1646189833210,
    "end": 1646189833210,
    "duration": 0,
    "pid": 8348,
    "index": 28
  },
  {
    "name": "Require(25) node_modules/egg/config/config.local.js",
    "start": 1646189833211,
    "end": 1646189833211,
    "duration": 0,
    "pid": 8348,
    "index": 29
  },
  {
    "name": "Load extend/application.js",
    "start": 1646189833212,
    "end": 1646189833293,
    "duration": 81,
    "pid": 8348,
    "index": 30
  },
  {
    "name": "Require(26) node_modules/egg-session/app/extend/application.js",
    "start": 1646189833212,
    "end": 1646189833212,
    "duration": 0,
    "pid": 8348,
    "index": 31
  },
  {
    "name": "Require(27) node_modules/egg-security/app/extend/application.js",
    "start": 1646189833213,
    "end": 1646189833213,
    "duration": 0,
    "pid": 8348,
    "index": 32
  },
  {
    "name": "Require(28) node_modules/egg-jsonp/app/extend/application.js",
    "start": 1646189833214,
    "end": 1646189833215,
    "duration": 1,
    "pid": 8348,
    "index": 33
  },
  {
    "name": "Require(29) node_modules/egg-logrotator/app/extend/application.js",
    "start": 1646189833216,
    "end": 1646189833217,
    "duration": 1,
    "pid": 8348,
    "index": 34
  },
  {
    "name": "Require(30) node_modules/egg-view/app/extend/application.js",
    "start": 1646189833218,
    "end": 1646189833218,
    "duration": 0,
    "pid": 8348,
    "index": 35
  },
  {
    "name": "Require(31) node_modules/egg-view-nunjucks/app/extend/application.js",
    "start": 1646189833219,
    "end": 1646189833234,
    "duration": 15,
    "pid": 8348,
    "index": 36
  },
  {
    "name": "Require(32) node_modules/egg-jwt/app/extend/application.js",
    "start": 1646189833235,
    "end": 1646189833260,
    "duration": 25,
    "pid": 8348,
    "index": 37
  },
  {
    "name": "Require(33) node_modules/egg-socket.io/app/extend/application.js",
    "start": 1646189833261,
    "end": 1646189833290,
    "duration": 29,
    "pid": 8348,
    "index": 38
  },
  {
    "name": "Load extend/request.js",
    "start": 1646189833293,
    "end": 1646189833298,
    "duration": 5,
    "pid": 8348,
    "index": 39
  },
  {
    "name": "Require(34) node_modules/egg/app/extend/request.js",
    "start": 1646189833295,
    "end": 1646189833296,
    "duration": 1,
    "pid": 8348,
    "index": 40
  },
  {
    "name": "Load extend/response.js",
    "start": 1646189833299,
    "end": 1646189833305,
    "duration": 6,
    "pid": 8348,
    "index": 41
  },
  {
    "name": "Require(35) node_modules/egg/app/extend/response.js",
    "start": 1646189833301,
    "end": 1646189833302,
    "duration": 1,
    "pid": 8348,
    "index": 42
  },
  {
    "name": "Load extend/context.js",
    "start": 1646189833305,
    "end": 1646189833350,
    "duration": 45,
    "pid": 8348,
    "index": 43
  },
  {
    "name": "Require(36) node_modules/egg-security/app/extend/context.js",
    "start": 1646189833305,
    "end": 1646189833310,
    "duration": 5,
    "pid": 8348,
    "index": 44
  },
  {
    "name": "Require(37) node_modules/egg-jsonp/app/extend/context.js",
    "start": 1646189833311,
    "end": 1646189833311,
    "duration": 0,
    "pid": 8348,
    "index": 45
  },
  {
    "name": "Require(38) node_modules/egg-i18n/app/extend/context.js",
    "start": 1646189833312,
    "end": 1646189833312,
    "duration": 0,
    "pid": 8348,
    "index": 46
  },
  {
    "name": "Require(39) node_modules/egg-multipart/app/extend/context.js",
    "start": 1646189833312,
    "end": 1646189833344,
    "duration": 32,
    "pid": 8348,
    "index": 47
  },
  {
    "name": "Require(40) node_modules/egg-view/app/extend/context.js",
    "start": 1646189833345,
    "end": 1646189833345,
    "duration": 0,
    "pid": 8348,
    "index": 48
  },
  {
    "name": "Require(41) node_modules/egg/app/extend/context.js",
    "start": 1646189833347,
    "end": 1646189833347,
    "duration": 0,
    "pid": 8348,
    "index": 49
  },
  {
    "name": "Load extend/helper.js",
    "start": 1646189833350,
    "end": 1646189833365,
    "duration": 15,
    "pid": 8348,
    "index": 50
  },
  {
    "name": "Require(42) node_modules/egg-security/app/extend/helper.js",
    "start": 1646189833351,
    "end": 1646189833360,
    "duration": 9,
    "pid": 8348,
    "index": 51
  },
  {
    "name": "Require(43) node_modules/egg/app/extend/helper.js",
    "start": 1646189833362,
    "end": 1646189833362,
    "duration": 0,
    "pid": 8348,
    "index": 52
  },
  {
    "name": "Require(44) app/extend/helper.js",
    "start": 1646189833363,
    "end": 1646189833363,
    "duration": 0,
    "pid": 8348,
    "index": 53
  },
  {
    "name": "Load app.js",
    "start": 1646189833366,
    "end": 1646189833418,
    "duration": 52,
    "pid": 8348,
    "index": 54
  },
  {
    "name": "Require(45) node_modules/egg-session/app.js",
    "start": 1646189833366,
    "end": 1646189833366,
    "duration": 0,
    "pid": 8348,
    "index": 55
  },
  {
    "name": "Require(46) node_modules/egg-security/app.js",
    "start": 1646189833366,
    "end": 1646189833367,
    "duration": 1,
    "pid": 8348,
    "index": 56
  },
  {
    "name": "Require(47) node_modules/egg-onerror/app.js",
    "start": 1646189833368,
    "end": 1646189833372,
    "duration": 4,
    "pid": 8348,
    "index": 57
  },
  {
    "name": "Require(48) node_modules/egg-i18n/app.js",
    "start": 1646189833373,
    "end": 1646189833382,
    "duration": 9,
    "pid": 8348,
    "index": 58
  },
  {
    "name": "Require(49) node_modules/egg-watcher/app.js",
    "start": 1646189833383,
    "end": 1646189833384,
    "duration": 1,
    "pid": 8348,
    "index": 59
  },
  {
    "name": "Require(50) node_modules/egg-schedule/app.js",
    "start": 1646189833385,
    "end": 1646189833386,
    "duration": 1,
    "pid": 8348,
    "index": 60
  },
  {
    "name": "Require(51) node_modules/egg-multipart/app.js",
    "start": 1646189833386,
    "end": 1646189833386,
    "duration": 0,
    "pid": 8348,
    "index": 61
  },
  {
    "name": "Require(52) node_modules/egg-development/app.js",
    "start": 1646189833386,
    "end": 1646189833386,
    "duration": 0,
    "pid": 8348,
    "index": 62
  },
  {
    "name": "Require(53) node_modules/egg-logrotator/app.js",
    "start": 1646189833387,
    "end": 1646189833387,
    "duration": 0,
    "pid": 8348,
    "index": 63
  },
  {
    "name": "Require(54) node_modules/egg-static/app.js",
    "start": 1646189833387,
    "end": 1646189833387,
    "duration": 0,
    "pid": 8348,
    "index": 64
  },
  {
    "name": "Require(55) node_modules/egg-sequelize/app.js",
    "start": 1646189833387,
    "end": 1646189833388,
    "duration": 1,
    "pid": 8348,
    "index": 65
  },
  {
    "name": "Require(56) node_modules/egg-view-nunjucks/app.js",
    "start": 1646189833388,
    "end": 1646189833388,
    "duration": 0,
    "pid": 8348,
    "index": 66
  },
  {
    "name": "Require(57) node_modules/egg-cors/app.js",
    "start": 1646189833388,
    "end": 1646189833388,
    "duration": 0,
    "pid": 8348,
    "index": 67
  },
  {
    "name": "Require(58) node_modules/egg-jwt/app.js",
    "start": 1646189833388,
    "end": 1646189833389,
    "duration": 1,
    "pid": 8348,
    "index": 68
  },
  {
    "name": "Require(59) node_modules/egg-socket.io/app.js",
    "start": 1646189833389,
    "end": 1646189833417,
    "duration": 28,
    "pid": 8348,
    "index": 69
  },
  {
    "name": "Require(60) node_modules/egg-etag/app.js",
    "start": 1646189833417,
    "end": 1646189833417,
    "duration": 0,
    "pid": 8348,
    "index": 70
  },
  {
    "name": "Require(61) app.js",
    "start": 1646189833417,
    "end": 1646189833417,
    "duration": 0,
    "pid": 8348,
    "index": 71
  },
  {
    "name": "Before Start in node_modules/egg-watcher/lib/init.js:15:14",
    "start": 1646189833422,
    "end": 1646189833798,
    "duration": 376,
    "pid": 8348,
    "index": 72
  },
  {
    "name": "Load \"Symbol(model)\" to Application",
    "start": 1646189833646,
    "end": 1646189833663,
    "duration": 17,
    "pid": 8348,
    "index": 73
  },
  {
    "name": "Before Start in node_modules/egg-sequelize/lib/loader.js:39:7",
    "start": 1646189833663,
    "end": 1646189833806,
    "duration": 143,
    "pid": 8348,
    "index": 74
  },
  {
    "name": "Load Controller",
    "start": 1646189833672,
    "end": 1646189833747,
    "duration": 75,
    "pid": 8348,
    "index": 75
  },
  {
    "name": "Load \"controller\" to Application",
    "start": 1646189833672,
    "end": 1646189833747,
    "duration": 75,
    "pid": 8348,
    "index": 76
  },
  {
    "name": "Before Start in node_modules/egg-socket.io/lib/io.js:26:7",
    "start": 1646189833677,
    "end": 1646189833782,
    "duration": 105,
    "pid": 8348,
    "index": 77
  },
  {
    "name": "Before Start in app.js:2:7",
    "start": 1646189833677,
    "end": 1646189833828,
    "duration": 151,
    "pid": 8348,
    "index": 78
  },
  {
    "name": "Load Service",
    "start": 1646189833677,
    "end": 1646189833686,
    "duration": 9,
    "pid": 8348,
    "index": 79
  },
  {
    "name": "Load \"service\" to Context",
    "start": 1646189833678,
    "end": 1646189833686,
    "duration": 8,
    "pid": 8348,
    "index": 80
  },
  {
    "name": "Load Middleware",
    "start": 1646189833686,
    "end": 1646189833747,
    "duration": 61,
    "pid": 8348,
    "index": 81
  },
  {
    "name": "Load \"middlewares\" to Application",
    "start": 1646189833687,
    "end": 1646189833739,
    "duration": 52,
    "pid": 8348,
    "index": 82
  },
  {
    "name": "Load Controller",
    "start": 1646189833747,
    "end": 1646189833755,
    "duration": 8,
    "pid": 8348,
    "index": 83
  },
  {
    "name": "Load \"controller\" to Application",
    "start": 1646189833747,
    "end": 1646189833755,
    "duration": 8,
    "pid": 8348,
    "index": 84
  },
  {
    "name": "Load Router",
    "start": 1646189833755,
    "end": 1646189833759,
    "duration": 4,
    "pid": 8348,
    "index": 85
  },
  {
    "name": "Require(62) app/router.js",
    "start": 1646189833755,
    "end": 1646189833756,
    "duration": 1,
    "pid": 8348,
    "index": 86
  },
  {
    "name": "Before Start in node_modules/egg-core/lib/egg.js:303:10",
    "start": 1646189833756,
    "end": 1646189833782,
    "duration": 26,
    "pid": 8348,
    "index": 87
  }
]