[
  {
    "name": "Process Start",
    "start": 1646189813552,
    "end": 1646189814243,
    "duration": 691,
    "pid": 8444,
    "index": 0
  },
  {
    "name": "Application Start",
    "start": 1646189814243,
    "end": 1646189814910,
    "duration": 667,
    "pid": 8444,
    "index": 1
  },
  {
    "name": "Load Plugin",
    "start": 1646189814246,
    "end": 1646189814264,
    "duration": 18,
    "pid": 8444,
    "index": 2
  },
  {
    "name": "Load Config",
    "start": 1646189814264,
    "end": 1646189814284,
    "duration": 20,
    "pid": 8444,
    "index": 3
  },
  {
    "name": "Require(0) config/config.default.js",
    "start": 1646189814265,
    "end": 1646189814265,
    "duration": 0,
    "pid": 8444,
    "index": 4
  },
  {
    "name": "Require(1) node_modules/egg-session/config/config.default.js",
    "start": 1646189814266,
    "end": 1646189814266,
    "duration": 0,
    "pid": 8444,
    "index": 5
  },
  {
    "name": "Require(2) node_modules/egg-security/config/config.default.js",
    "start": 1646189814267,
    "end": 1646189814267,
    "duration": 0,
    "pid": 8444,
    "index": 6
  },
  {
    "name": "Require(3) node_modules/egg-jsonp/config/config.default.js",
    "start": 1646189814268,
    "end": 1646189814268,
    "duration": 0,
    "pid": 8444,
    "index": 7
  },
  {
    "name": "Require(4) node_modules/egg-onerror/config/config.default.js",
    "start": 1646189814268,
    "end": 1646189814268,
    "duration": 0,
    "pid": 8444,
    "index": 8
  },
  {
    "name": "Require(5) node_modules/egg-i18n/config/config.default.js",
    "start": 1646189814269,
    "end": 1646189814269,
    "duration": 0,
    "pid": 8444,
    "index": 9
  },
  {
    "name": "Require(6) node_modules/egg-watcher/config/config.default.js",
    "start": 1646189814271,
    "end": 1646189814271,
    "duration": 0,
    "pid": 8444,
    "index": 10
  },
  {
    "name": "Require(7) node_modules/egg-schedule/config/config.default.js",
    "start": 1646189814272,
    "end": 1646189814272,
    "duration": 0,
    "pid": 8444,
    "index": 11
  },
  {
    "name": "Require(8) node_modules/egg-multipart/config/config.default.js",
    "start": 1646189814272,
    "end": 1646189814272,
    "duration": 0,
    "pid": 8444,
    "index": 12
  },
  {
    "name": "Require(9) node_modules/egg-development/config/config.default.js",
    "start": 1646189814273,
    "end": 1646189814273,
    "duration": 0,
    "pid": 8444,
    "index": 13
  },
  {
    "name": "Require(10) node_modules/egg-logrotator/config/config.default.js",
    "start": 1646189814273,
    "end": 1646189814274,
    "duration": 1,
    "pid": 8444,
    "index": 14
  },
  {
    "name": "Require(11) node_modules/egg-static/config/config.default.js",
    "start": 1646189814274,
    "end": 1646189814274,
    "duration": 0,
    "pid": 8444,
    "index": 15
  },
  {
    "name": "Require(12) node_modules/egg-view/config/config.default.js",
    "start": 1646189814274,
    "end": 1646189814275,
    "duration": 1,
    "pid": 8444,
    "index": 16
  },
  {
    "name": "Require(13) node_modules/egg-sequelize/config/config.default.js",
    "start": 1646189814275,
    "end": 1646189814275,
    "duration": 0,
    "pid": 8444,
    "index": 17
  },
  {
    "name": "Require(14) node_modules/egg-view-nunjucks/config/config.default.js",
    "start": 1646189814276,
    "end": 1646189814276,
    "duration": 0,
    "pid": 8444,
    "index": 18
  },
  {
    "name": "Require(15) node_modules/egg-cors/config/config.default.js",
    "start": 1646189814276,
    "end": 1646189814277,
    "duration": 1,
    "pid": 8444,
    "index": 19
  },
  {
    "name": "Require(16) node_modules/egg-jwt/config/config.default.js",
    "start": 1646189814277,
    "end": 1646189814277,
    "duration": 0,
    "pid": 8444,
    "index": 20
  },
  {
    "name": "Require(17) node_modules/egg-socket.io/config/config.default.js",
    "start": 1646189814277,
    "end": 1646189814277,
    "duration": 0,
    "pid": 8444,
    "index": 21
  },
  {
    "name": "Require(18) node_modules/egg-etag/config/config.default.js",
    "start": 1646189814278,
    "end": 1646189814278,
    "duration": 0,
    "pid": 8444,
    "index": 22
  },
  {
    "name": "Require(19) node_modules/egg/config/config.default.js",
    "start": 1646189814278,
    "end": 1646189814279,
    "duration": 1,
    "pid": 8444,
    "index": 23
  },
  {
    "name": "Require(20) config/config.default.js",
    "start": 1646189814279,
    "end": 1646189814279,
    "duration": 0,
    "pid": 8444,
    "index": 24
  },
  {
    "name": "Require(21) node_modules/egg-security/config/config.local.js",
    "start": 1646189814280,
    "end": 1646189814280,
    "duration": 0,
    "pid": 8444,
    "index": 25
  },
  {
    "name": "Require(22) node_modules/egg-watcher/config/config.local.js",
    "start": 1646189814281,
    "end": 1646189814281,
    "duration": 0,
    "pid": 8444,
    "index": 26
  },
  {
    "name": "Require(23) node_modules/egg-view/config/config.local.js",
    "start": 1646189814282,
    "end": 1646189814282,
    "duration": 0,
    "pid": 8444,
    "index": 27
  },
  {
    "name": "Require(24) node_modules/egg-view-nunjucks/config/config.local.js",
    "start": 1646189814283,
    "end": 1646189814283,
    "duration": 0,
    "pid": 8444,
    "index": 28
  },
  {
    "name": "Require(25) node_modules/egg/config/config.local.js",
    "start": 1646189814284,
    "end": 1646189814284,
    "duration": 0,
    "pid": 8444,
    "index": 29
  },
  {
    "name": "Load extend/application.js",
    "start": 1646189814285,
    "end": 1646189814364,
    "duration": 79,
    "pid": 8444,
    "index": 30
  },
  {
    "name": "Require(26) node_modules/egg-session/app/extend/application.js",
    "start": 1646189814285,
    "end": 1646189814286,
    "duration": 1,
    "pid": 8444,
    "index": 31
  },
  {
    "name": "Require(27) node_modules/egg-security/app/extend/application.js",
    "start": 1646189814286,
    "end": 1646189814287,
    "duration": 1,
    "pid": 8444,
    "index": 32
  },
  {
    "name": "Require(28) node_modules/egg-jsonp/app/extend/application.js",
    "start": 1646189814287,
    "end": 1646189814288,
    "duration": 1,
    "pid": 8444,
    "index": 33
  },
  {
    "name": "Require(29) node_modules/egg-logrotator/app/extend/application.js",
    "start": 1646189814289,
    "end": 1646189814290,
    "duration": 1,
    "pid": 8444,
    "index": 34
  },
  {
    "name": "Require(30) node_modules/egg-view/app/extend/application.js",
    "start": 1646189814291,
    "end": 1646189814292,
    "duration": 1,
    "pid": 8444,
    "index": 35
  },
  {
    "name": "Require(31) node_modules/egg-view-nunjucks/app/extend/application.js",
    "start": 1646189814292,
    "end": 1646189814307,
    "duration": 15,
    "pid": 8444,
    "index": 36
  },
  {
    "name": "Require(32) node_modules/egg-jwt/app/extend/application.js",
    "start": 1646189814308,
    "end": 1646189814331,
    "duration": 23,
    "pid": 8444,
    "index": 37
  },
  {
    "name": "Require(33) node_modules/egg-socket.io/app/extend/application.js",
    "start": 1646189814331,
    "end": 1646189814361,
    "duration": 30,
    "pid": 8444,
    "index": 38
  },
  {
    "name": "Load extend/request.js",
    "start": 1646189814364,
    "end": 1646189814370,
    "duration": 6,
    "pid": 8444,
    "index": 39
  },
  {
    "name": "Require(34) node_modules/egg/app/extend/request.js",
    "start": 1646189814367,
    "end": 1646189814368,
    "duration": 1,
    "pid": 8444,
    "index": 40
  },
  {
    "name": "Load extend/response.js",
    "start": 1646189814370,
    "end": 1646189814377,
    "duration": 7,
    "pid": 8444,
    "index": 41
  },
  {
    "name": "Require(35) node_modules/egg/app/extend/response.js",
    "start": 1646189814373,
    "end": 1646189814374,
    "duration": 1,
    "pid": 8444,
    "index": 42
  },
  {
    "name": "Load extend/context.js",
    "start": 1646189814377,
    "end": 1646189814424,
    "duration": 47,
    "pid": 8444,
    "index": 43
  },
  {
    "name": "Require(36) node_modules/egg-security/app/extend/context.js",
    "start": 1646189814377,
    "end": 1646189814383,
    "duration": 6,
    "pid": 8444,
    "index": 44
  },
  {
    "name": "Require(37) node_modules/egg-jsonp/app/extend/context.js",
    "start": 1646189814384,
    "end": 1646189814384,
    "duration": 0,
    "pid": 8444,
    "index": 45
  },
  {
    "name": "Require(38) node_modules/egg-i18n/app/extend/context.js",
    "start": 1646189814385,
    "end": 1646189814385,
    "duration": 0,
    "pid": 8444,
    "index": 46
  },
  {
    "name": "Require(39) node_modules/egg-multipart/app/extend/context.js",
    "start": 1646189814386,
    "end": 1646189814418,
    "duration": 32,
    "pid": 8444,
    "index": 47
  },
  {
    "name": "Require(40) node_modules/egg-view/app/extend/context.js",
    "start": 1646189814418,
    "end": 1646189814419,
    "duration": 1,
    "pid": 8444,
    "index": 48
  },
  {
    "name": "Require(41) node_modules/egg/app/extend/context.js",
    "start": 1646189814420,
    "end": 1646189814421,
    "duration": 1,
    "pid": 8444,
    "index": 49
  },
  {
    "name": "Load extend/helper.js",
    "start": 1646189814424,
    "end": 1646189814439,
    "duration": 15,
    "pid": 8444,
    "index": 50
  },
  {
    "name": "Require(42) node_modules/egg-security/app/extend/helper.js",
    "start": 1646189814424,
    "end": 1646189814434,
    "duration": 10,
    "pid": 8444,
    "index": 51
  },
  {
    "name": "Require(43) node_modules/egg/app/extend/helper.js",
    "start": 1646189814436,
    "end": 1646189814436,
    "duration": 0,
    "pid": 8444,
    "index": 52
  },
  {
    "name": "Require(44) app/extend/helper.js",
    "start": 1646189814436,
    "end": 1646189814437,
    "duration": 1,
    "pid": 8444,
    "index": 53
  },
  {
    "name": "Load app.js",
    "start": 1646189814440,
    "end": 1646189814491,
    "duration": 51,
    "pid": 8444,
    "index": 54
  },
  {
    "name": "Require(45) node_modules/egg-session/app.js",
    "start": 1646189814440,
    "end": 1646189814440,
    "duration": 0,
    "pid": 8444,
    "index": 55
  },
  {
    "name": "Require(46) node_modules/egg-security/app.js",
    "start": 1646189814440,
    "end": 1646189814441,
    "duration": 1,
    "pid": 8444,
    "index": 56
  },
  {
    "name": "Require(47) node_modules/egg-onerror/app.js",
    "start": 1646189814441,
    "end": 1646189814446,
    "duration": 5,
    "pid": 8444,
    "index": 57
  },
  {
    "name": "Require(48) node_modules/egg-i18n/app.js",
    "start": 1646189814446,
    "end": 1646189814456,
    "duration": 10,
    "pid": 8444,
    "index": 58
  },
  {
    "name": "Require(49) node_modules/egg-watcher/app.js",
    "start": 1646189814456,
    "end": 1646189814458,
    "duration": 2,
    "pid": 8444,
    "index": 59
  },
  {
    "name": "Require(50) node_modules/egg-schedule/app.js",
    "start": 1646189814458,
    "end": 1646189814459,
    "duration": 1,
    "pid": 8444,
    "index": 60
  },
  {
    "name": "Require(51) node_modules/egg-multipart/app.js",
    "start": 1646189814460,
    "end": 1646189814460,
    "duration": 0,
    "pid": 8444,
    "index": 61
  },
  {
    "name": "Require(52) node_modules/egg-development/app.js",
    "start": 1646189814460,
    "end": 1646189814460,
    "duration": 0,
    "pid": 8444,
    "index": 62
  },
  {
    "name": "Require(53) node_modules/egg-logrotator/app.js",
    "start": 1646189814461,
    "end": 1646189814461,
    "duration": 0,
    "pid": 8444,
    "index": 63
  },
  {
    "name": "Require(54) node_modules/egg-static/app.js",
    "start": 1646189814461,
    "end": 1646189814461,
    "duration": 0,
    "pid": 8444,
    "index": 64
  },
  {
    "name": "Require(55) node_modules/egg-sequelize/app.js",
    "start": 1646189814462,
    "end": 1646189814462,
    "duration": 0,
    "pid": 8444,
    "index": 65
  },
  {
    "name": "Require(56) node_modules/egg-view-nunjucks/app.js",
    "start": 1646189814462,
    "end": 1646189814462,
    "duration": 0,
    "pid": 8444,
    "index": 66
  },
  {
    "name": "Require(57) node_modules/egg-cors/app.js",
    "start": 1646189814462,
    "end": 1646189814462,
    "duration": 0,
    "pid": 8444,
    "index": 67
  },
  {
    "name": "Require(58) node_modules/egg-jwt/app.js",
    "start": 1646189814463,
    "end": 1646189814463,
    "duration": 0,
    "pid": 8444,
    "index": 68
  },
  {
    "name": "Require(59) node_modules/egg-socket.io/app.js",
    "start": 1646189814463,
    "end": 1646189814490,
    "duration": 27,
    "pid": 8444,
    "index": 69
  },
  {
    "name": "Require(60) node_modules/egg-etag/app.js",
    "start": 1646189814490,
    "end": 1646189814490,
    "duration": 0,
    "pid": 8444,
    "index": 70
  },
  {
    "name": "Require(61) app.js",
    "start": 1646189814491,
    "end": 1646189814491,
    "duration": 0,
    "pid": 8444,
    "index": 71
  },
  {
    "name": "Before Start in node_modules/egg-watcher/lib/init.js:15:14",
    "start": 1646189814496,
    "end": 1646189814880,
    "duration": 384,
    "pid": 8444,
    "index": 72
  },
  {
    "name": "Load \"Symbol(model)\" to Application",
    "start": 1646189814731,
    "end": 1646189814744,
    "duration": 13,
    "pid": 8444,
    "index": 73
  },
  {
    "name": "Before Start in node_modules/egg-sequelize/lib/loader.js:39:7",
    "start": 1646189814744,
    "end": 1646189814889,
    "duration": 145,
    "pid": 8444,
    "index": 74
  },
  {
    "name": "Load Controller",
    "start": 1646189814753,
    "end": 1646189814829,
    "duration": 76,
    "pid": 8444,
    "index": 75
  },
  {
    "name": "Load \"controller\" to Application",
    "start": 1646189814753,
    "end": 1646189814829,
    "duration": 76,
    "pid": 8444,
    "index": 76
  },
  {
    "name": "Before Start in node_modules/egg-socket.io/lib/io.js:26:7",
    "start": 1646189814758,
    "end": 1646189814864,
    "duration": 106,
    "pid": 8444,
    "index": 77
  },
  {
    "name": "Before Start in app.js:2:7",
    "start": 1646189814758,
    "end": 1646189814910,
    "duration": 152,
    "pid": 8444,
    "index": 78
  },
  {
    "name": "Load Service",
    "start": 1646189814758,
    "end": 1646189814767,
    "duration": 9,
    "pid": 8444,
    "index": 79
  },
  {
    "name": "Load \"service\" to Context",
    "start": 1646189814758,
    "end": 1646189814767,
    "duration": 9,
    "pid": 8444,
    "index": 80
  },
  {
    "name": "Load Middleware",
    "start": 1646189814767,
    "end": 1646189814829,
    "duration": 62,
    "pid": 8444,
    "index": 81
  },
  {
    "name": "Load \"middlewares\" to Application",
    "start": 1646189814767,
    "end": 1646189814822,
    "duration": 55,
    "pid": 8444,
    "index": 82
  },
  {
    "name": "Load Controller",
    "start": 1646189814829,
    "end": 1646189814837,
    "duration": 8,
    "pid": 8444,
    "index": 83
  },
  {
    "name": "Load \"controller\" to Application",
    "start": 1646189814829,
    "end": 1646189814837,
    "duration": 8,
    "pid": 8444,
    "index": 84
  },
  {
    "name": "Load Router",
    "start": 1646189814837,
    "end": 1646189814840,
    "duration": 3,
    "pid": 8444,
    "index": 85
  },
  {
    "name": "Require(62) app/router.js",
    "start": 1646189814837,
    "end": 1646189814837,
    "duration": 0,
    "pid": 8444,
    "index": 86
  },
  {
    "name": "Before Start in node_modules/egg-core/lib/egg.js:303:10",
    "start": 1646189814838,
    "end": 1646189814864,
    "duration": 26,
    "pid": 8444,
    "index": 87
  }
]