[
  {
    "name": "Process Start",
    "start": 1646204977658,
    "end": 1646204978330,
    "duration": 672,
    "pid": 16436,
    "index": 0
  },
  {
    "name": "Application Start",
    "start": 1646204978331,
    "end": 1646204979023,
    "duration": 692,
    "pid": 16436,
    "index": 1
  },
  {
    "name": "Load Plugin",
    "start": 1646204978334,
    "end": 1646204978353,
    "duration": 19,
    "pid": 16436,
    "index": 2
  },
  {
    "name": "Load Config",
    "start": 1646204978353,
    "end": 1646204978376,
    "duration": 23,
    "pid": 16436,
    "index": 3
  },
  {
    "name": "Require(0) config/config.default.js",
    "start": 1646204978354,
    "end": 1646204978354,
    "duration": 0,
    "pid": 16436,
    "index": 4
  },
  {
    "name": "Require(1) node_modules/egg-session/config/config.default.js",
    "start": 1646204978356,
    "end": 1646204978356,
    "duration": 0,
    "pid": 16436,
    "index": 5
  },
  {
    "name": "Require(2) node_modules/egg-security/config/config.default.js",
    "start": 1646204978356,
    "end": 1646204978357,
    "duration": 1,
    "pid": 16436,
    "index": 6
  },
  {
    "name": "Require(3) node_modules/egg-jsonp/config/config.default.js",
    "start": 1646204978357,
    "end": 1646204978358,
    "duration": 1,
    "pid": 16436,
    "index": 7
  },
  {
    "name": "Require(4) node_modules/egg-onerror/config/config.default.js",
    "start": 1646204978358,
    "end": 1646204978358,
    "duration": 0,
    "pid": 16436,
    "index": 8
  },
  {
    "name": "Require(5) node_modules/egg-i18n/config/config.default.js",
    "start": 1646204978358,
    "end": 1646204978359,
    "duration": 1,
    "pid": 16436,
    "index": 9
  },
  {
    "name": "Require(6) node_modules/egg-watcher/config/config.default.js",
    "start": 1646204978359,
    "end": 1646204978361,
    "duration": 2,
    "pid": 16436,
    "index": 10
  },
  {
    "name": "Require(7) node_modules/egg-schedule/config/config.default.js",
    "start": 1646204978362,
    "end": 1646204978362,
    "duration": 0,
    "pid": 16436,
    "index": 11
  },
  {
    "name": "Require(8) node_modules/egg-multipart/config/config.default.js",
    "start": 1646204978363,
    "end": 1646204978363,
    "duration": 0,
    "pid": 16436,
    "index": 12
  },
  {
    "name": "Require(9) node_modules/egg-development/config/config.default.js",
    "start": 1646204978363,
    "end": 1646204978364,
    "duration": 1,
    "pid": 16436,
    "index": 13
  },
  {
    "name": "Require(10) node_modules/egg-logrotator/config/config.default.js",
    "start": 1646204978364,
    "end": 1646204978364,
    "duration": 0,
    "pid": 16436,
    "index": 14
  },
  {
    "name": "Require(11) node_modules/egg-static/config/config.default.js",
    "start": 1646204978364,
    "end": 1646204978365,
    "duration": 1,
    "pid": 16436,
    "index": 15
  },
  {
    "name": "Require(12) node_modules/egg-view/config/config.default.js",
    "start": 1646204978365,
    "end": 1646204978365,
    "duration": 0,
    "pid": 16436,
    "index": 16
  },
  {
    "name": "Require(13) node_modules/egg-sequelize/config/config.default.js",
    "start": 1646204978366,
    "end": 1646204978366,
    "duration": 0,
    "pid": 16436,
    "index": 17
  },
  {
    "name": "Require(14) node_modules/egg-view-nunjucks/config/config.default.js",
    "start": 1646204978367,
    "end": 1646204978367,
    "duration": 0,
    "pid": 16436,
    "index": 18
  },
  {
    "name": "Require(15) node_modules/egg-cors/config/config.default.js",
    "start": 1646204978367,
    "end": 1646204978367,
    "duration": 0,
    "pid": 16436,
    "index": 19
  },
  {
    "name": "Require(16) node_modules/egg-jwt/config/config.default.js",
    "start": 1646204978368,
    "end": 1646204978368,
    "duration": 0,
    "pid": 16436,
    "index": 20
  },
  {
    "name": "Require(17) node_modules/egg-socket.io/config/config.default.js",
    "start": 1646204978368,
    "end": 1646204978369,
    "duration": 1,
    "pid": 16436,
    "index": 21
  },
  {
    "name": "Require(18) node_modules/egg-etag/config/config.default.js",
    "start": 1646204978369,
    "end": 1646204978369,
    "duration": 0,
    "pid": 16436,
    "index": 22
  },
  {
    "name": "Require(19) node_modules/egg/config/config.default.js",
    "start": 1646204978370,
    "end": 1646204978370,
    "duration": 0,
    "pid": 16436,
    "index": 23
  },
  {
    "name": "Require(20) config/config.default.js",
    "start": 1646204978371,
    "end": 1646204978371,
    "duration": 0,
    "pid": 16436,
    "index": 24
  },
  {
    "name": "Require(21) node_modules/egg-security/config/config.local.js",
    "start": 1646204978371,
    "end": 1646204978372,
    "duration": 1,
    "pid": 16436,
    "index": 25
  },
  {
    "name": "Require(22) node_modules/egg-watcher/config/config.local.js",
    "start": 1646204978372,
    "end": 1646204978373,
    "duration": 1,
    "pid": 16436,
    "index": 26
  },
  {
    "name": "Require(23) node_modules/egg-view/config/config.local.js",
    "start": 1646204978373,
    "end": 1646204978374,
    "duration": 1,
    "pid": 16436,
    "index": 27
  },
  {
    "name": "Require(24) node_modules/egg-view-nunjucks/config/config.local.js",
    "start": 1646204978374,
    "end": 1646204978374,
    "duration": 0,
    "pid": 16436,
    "index": 28
  },
  {
    "name": "Require(25) node_modules/egg/config/config.local.js",
    "start": 1646204978375,
    "end": 1646204978375,
    "duration": 0,
    "pid": 16436,
    "index": 29
  },
  {
    "name": "Load extend/application.js",
    "start": 1646204978377,
    "end": 1646204978466,
    "duration": 89,
    "pid": 16436,
    "index": 30
  },
  {
    "name": "Require(26) node_modules/egg-session/app/extend/application.js",
    "start": 1646204978377,
    "end": 1646204978377,
    "duration": 0,
    "pid": 16436,
    "index": 31
  },
  {
    "name": "Require(27) node_modules/egg-security/app/extend/application.js",
    "start": 1646204978378,
    "end": 1646204978379,
    "duration": 1,
    "pid": 16436,
    "index": 32
  },
  {
    "name": "Require(28) node_modules/egg-jsonp/app/extend/application.js",
    "start": 1646204978379,
    "end": 1646204978380,
    "duration": 1,
    "pid": 16436,
    "index": 33
  },
  {
    "name": "Require(29) node_modules/egg-logrotator/app/extend/application.js",
    "start": 1646204978382,
    "end": 1646204978383,
    "duration": 1,
    "pid": 16436,
    "index": 34
  },
  {
    "name": "Require(30) node_modules/egg-view/app/extend/application.js",
    "start": 1646204978383,
    "end": 1646204978384,
    "duration": 1,
    "pid": 16436,
    "index": 35
  },
  {
    "name": "Require(31) node_modules/egg-view-nunjucks/app/extend/application.js",
    "start": 1646204978385,
    "end": 1646204978403,
    "duration": 18,
    "pid": 16436,
    "index": 36
  },
  {
    "name": "Require(32) node_modules/egg-jwt/app/extend/application.js",
    "start": 1646204978403,
    "end": 1646204978430,
    "duration": 27,
    "pid": 16436,
    "index": 37
  },
  {
    "name": "Require(33) node_modules/egg-socket.io/app/extend/application.js",
    "start": 1646204978430,
    "end": 1646204978463,
    "duration": 33,
    "pid": 16436,
    "index": 38
  },
  {
    "name": "Load extend/request.js",
    "start": 1646204978466,
    "end": 1646204978472,
    "duration": 6,
    "pid": 16436,
    "index": 39
  },
  {
    "name": "Require(34) node_modules/egg/app/extend/request.js",
    "start": 1646204978469,
    "end": 1646204978469,
    "duration": 0,
    "pid": 16436,
    "index": 40
  },
  {
    "name": "Load extend/response.js",
    "start": 1646204978472,
    "end": 1646204978479,
    "duration": 7,
    "pid": 16436,
    "index": 41
  },
  {
    "name": "Require(35) node_modules/egg/app/extend/response.js",
    "start": 1646204978475,
    "end": 1646204978476,
    "duration": 1,
    "pid": 16436,
    "index": 42
  },
  {
    "name": "Load extend/context.js",
    "start": 1646204978479,
    "end": 1646204978525,
    "duration": 46,
    "pid": 16436,
    "index": 43
  },
  {
    "name": "Require(36) node_modules/egg-security/app/extend/context.js",
    "start": 1646204978479,
    "end": 1646204978485,
    "duration": 6,
    "pid": 16436,
    "index": 44
  },
  {
    "name": "Require(37) node_modules/egg-jsonp/app/extend/context.js",
    "start": 1646204978485,
    "end": 1646204978486,
    "duration": 1,
    "pid": 16436,
    "index": 45
  },
  {
    "name": "Require(38) node_modules/egg-i18n/app/extend/context.js",
    "start": 1646204978486,
    "end": 1646204978487,
    "duration": 1,
    "pid": 16436,
    "index": 46
  },
  {
    "name": "Require(39) node_modules/egg-multipart/app/extend/context.js",
    "start": 1646204978487,
    "end": 1646204978518,
    "duration": 31,
    "pid": 16436,
    "index": 47
  },
  {
    "name": "Require(40) node_modules/egg-view/app/extend/context.js",
    "start": 1646204978519,
    "end": 1646204978520,
    "duration": 1,
    "pid": 16436,
    "index": 48
  },
  {
    "name": "Require(41) node_modules/egg/app/extend/context.js",
    "start": 1646204978521,
    "end": 1646204978522,
    "duration": 1,
    "pid": 16436,
    "index": 49
  },
  {
    "name": "Load extend/helper.js",
    "start": 1646204978525,
    "end": 1646204978541,
    "duration": 16,
    "pid": 16436,
    "index": 50
  },
  {
    "name": "Require(42) node_modules/egg-security/app/extend/helper.js",
    "start": 1646204978525,
    "end": 1646204978535,
    "duration": 10,
    "pid": 16436,
    "index": 51
  },
  {
    "name": "Require(43) node_modules/egg/app/extend/helper.js",
    "start": 1646204978538,
    "end": 1646204978538,
    "duration": 0,
    "pid": 16436,
    "index": 52
  },
  {
    "name": "Require(44) app/extend/helper.js",
    "start": 1646204978538,
    "end": 1646204978539,
    "duration": 1,
    "pid": 16436,
    "index": 53
  },
  {
    "name": "Load app.js",
    "start": 1646204978542,
    "end": 1646204978594,
    "duration": 52,
    "pid": 16436,
    "index": 54
  },
  {
    "name": "Require(45) node_modules/egg-session/app.js",
    "start": 1646204978542,
    "end": 1646204978542,
    "duration": 0,
    "pid": 16436,
    "index": 55
  },
  {
    "name": "Require(46) node_modules/egg-security/app.js",
    "start": 1646204978542,
    "end": 1646204978543,
    "duration": 1,
    "pid": 16436,
    "index": 56
  },
  {
    "name": "Require(47) node_modules/egg-onerror/app.js",
    "start": 1646204978544,
    "end": 1646204978548,
    "duration": 4,
    "pid": 16436,
    "index": 57
  },
  {
    "name": "Require(48) node_modules/egg-i18n/app.js",
    "start": 1646204978548,
    "end": 1646204978559,
    "duration": 11,
    "pid": 16436,
    "index": 58
  },
  {
    "name": "Require(49) node_modules/egg-watcher/app.js",
    "start": 1646204978559,
    "end": 1646204978561,
    "duration": 2,
    "pid": 16436,
    "index": 59
  },
  {
    "name": "Require(50) node_modules/egg-schedule/app.js",
    "start": 1646204978561,
    "end": 1646204978562,
    "duration": 1,
    "pid": 16436,
    "index": 60
  },
  {
    "name": "Require(51) node_modules/egg-multipart/app.js",
    "start": 1646204978562,
    "end": 1646204978563,
    "duration": 1,
    "pid": 16436,
    "index": 61
  },
  {
    "name": "Require(52) node_modules/egg-development/app.js",
    "start": 1646204978563,
    "end": 1646204978563,
    "duration": 0,
    "pid": 16436,
    "index": 62
  },
  {
    "name": "Require(53) node_modules/egg-logrotator/app.js",
    "start": 1646204978563,
    "end": 1646204978563,
    "duration": 0,
    "pid": 16436,
    "index": 63
  },
  {
    "name": "Require(54) node_modules/egg-static/app.js",
    "start": 1646204978564,
    "end": 1646204978564,
    "duration": 0,
    "pid": 16436,
    "index": 64
  },
  {
    "name": "Require(55) node_modules/egg-sequelize/app.js",
    "start": 1646204978564,
    "end": 1646204978564,
    "duration": 0,
    "pid": 16436,
    "index": 65
  },
  {
    "name": "Require(56) node_modules/egg-view-nunjucks/app.js",
    "start": 1646204978565,
    "end": 1646204978565,
    "duration": 0,
    "pid": 16436,
    "index": 66
  },
  {
    "name": "Require(57) node_modules/egg-cors/app.js",
    "start": 1646204978565,
    "end": 1646204978565,
    "duration": 0,
    "pid": 16436,
    "index": 67
  },
  {
    "name": "Require(58) node_modules/egg-jwt/app.js",
    "start": 1646204978565,
    "end": 1646204978565,
    "duration": 0,
    "pid": 16436,
    "index": 68
  },
  {
    "name": "Require(59) node_modules/egg-socket.io/app.js",
    "start": 1646204978566,
    "end": 1646204978593,
    "duration": 27,
    "pid": 16436,
    "index": 69
  },
  {
    "name": "Require(60) node_modules/egg-etag/app.js",
    "start": 1646204978593,
    "end": 1646204978593,
    "duration": 0,
    "pid": 16436,
    "index": 70
  },
  {
    "name": "Require(61) app.js",
    "start": 1646204978594,
    "end": 1646204978594,
    "duration": 0,
    "pid": 16436,
    "index": 71
  },
  {
    "name": "Before Start in node_modules/egg-watcher/lib/init.js:15:14",
    "start": 1646204978600,
    "end": 1646204978993,
    "duration": 393,
    "pid": 16436,
    "index": 72
  },
  {
    "name": "Load \"Symbol(model)\" to Application",
    "start": 1646204978838,
    "end": 1646204978853,
    "duration": 15,
    "pid": 16436,
    "index": 73
  },
  {
    "name": "Before Start in node_modules/egg-sequelize/lib/loader.js:39:7",
    "start": 1646204978853,
    "end": 1646204979002,
    "duration": 149,
    "pid": 16436,
    "index": 74
  },
  {
    "name": "Load Controller",
    "start": 1646204978862,
    "end": 1646204978942,
    "duration": 80,
    "pid": 16436,
    "index": 75
  },
  {
    "name": "Load \"controller\" to Application",
    "start": 1646204978862,
    "end": 1646204978942,
    "duration": 80,
    "pid": 16436,
    "index": 76
  },
  {
    "name": "Before Start in node_modules/egg-socket.io/lib/io.js:26:7",
    "start": 1646204978867,
    "end": 1646204978977,
    "duration": 110,
    "pid": 16436,
    "index": 77
  },
  {
    "name": "Before Start in app.js:2:7",
    "start": 1646204978867,
    "end": 1646204979023,
    "duration": 156,
    "pid": 16436,
    "index": 78
  },
  {
    "name": "Load Service",
    "start": 1646204978867,
    "end": 1646204978877,
    "duration": 10,
    "pid": 16436,
    "index": 79
  },
  {
    "name": "Load \"service\" to Context",
    "start": 1646204978867,
    "end": 1646204978877,
    "duration": 10,
    "pid": 16436,
    "index": 80
  },
  {
    "name": "Load Middleware",
    "start": 1646204978877,
    "end": 1646204978942,
    "duration": 65,
    "pid": 16436,
    "index": 81
  },
  {
    "name": "Load \"middlewares\" to Application",
    "start": 1646204978877,
    "end": 1646204978934,
    "duration": 57,
    "pid": 16436,
    "index": 82
  },
  {
    "name": "Load Controller",
    "start": 1646204978942,
    "end": 1646204978951,
    "duration": 9,
    "pid": 16436,
    "index": 83
  },
  {
    "name": "Load \"controller\" to Application",
    "start": 1646204978942,
    "end": 1646204978951,
    "duration": 9,
    "pid": 16436,
    "index": 84
  },
  {
    "name": "Load Router",
    "start": 1646204978951,
    "end": 1646204978955,
    "duration": 4,
    "pid": 16436,
    "index": 85
  },
  {
    "name": "Require(62) app/router.js",
    "start": 1646204978951,
    "end": 1646204978951,
    "duration": 0,
    "pid": 16436,
    "index": 86
  },
  {
    "name": "Before Start in node_modules/egg-core/lib/egg.js:303:10",
    "start": 1646204978951,
    "end": 1646204978977,
    "duration": 26,
    "pid": 16436,
    "index": 87
  }
]