[
  {
    "name": "Process Start",
    "start": 1646203978659,
    "end": 1646203979356,
    "duration": 697,
    "pid": 16408,
    "index": 0
  },
  {
    "name": "Application Start",
    "start": 1646203979356,
    "end": 1646203980022,
    "duration": 666,
    "pid": 16408,
    "index": 1
  },
  {
    "name": "Load Plugin",
    "start": 1646203979359,
    "end": 1646203979377,
    "duration": 18,
    "pid": 16408,
    "index": 2
  },
  {
    "name": "Load Config",
    "start": 1646203979377,
    "end": 1646203979397,
    "duration": 20,
    "pid": 16408,
    "index": 3
  },
  {
    "name": "Require(0) config/config.default.js",
    "start": 1646203979377,
    "end": 1646203979378,
    "duration": 1,
    "pid": 16408,
    "index": 4
  },
  {
    "name": "Require(1) node_modules/egg-session/config/config.default.js",
    "start": 1646203979379,
    "end": 1646203979379,
    "duration": 0,
    "pid": 16408,
    "index": 5
  },
  {
    "name": "Require(2) node_modules/egg-security/config/config.default.js",
    "start": 1646203979379,
    "end": 1646203979380,
    "duration": 1,
    "pid": 16408,
    "index": 6
  },
  {
    "name": "Require(3) node_modules/egg-jsonp/config/config.default.js",
    "start": 1646203979380,
    "end": 1646203979380,
    "duration": 0,
    "pid": 16408,
    "index": 7
  },
  {
    "name": "Require(4) node_modules/egg-onerror/config/config.default.js",
    "start": 1646203979381,
    "end": 1646203979381,
    "duration": 0,
    "pid": 16408,
    "index": 8
  },
  {
    "name": "Require(5) node_modules/egg-i18n/config/config.default.js",
    "start": 1646203979381,
    "end": 1646203979383,
    "duration": 2,
    "pid": 16408,
    "index": 9
  },
  {
    "name": "Require(6) node_modules/egg-watcher/config/config.default.js",
    "start": 1646203979383,
    "end": 1646203979384,
    "duration": 1,
    "pid": 16408,
    "index": 10
  },
  {
    "name": "Require(7) node_modules/egg-schedule/config/config.default.js",
    "start": 1646203979384,
    "end": 1646203979384,
    "duration": 0,
    "pid": 16408,
    "index": 11
  },
  {
    "name": "Require(8) node_modules/egg-multipart/config/config.default.js",
    "start": 1646203979385,
    "end": 1646203979385,
    "duration": 0,
    "pid": 16408,
    "index": 12
  },
  {
    "name": "Require(9) node_modules/egg-development/config/config.default.js",
    "start": 1646203979385,
    "end": 1646203979386,
    "duration": 1,
    "pid": 16408,
    "index": 13
  },
  {
    "name": "Require(10) node_modules/egg-logrotator/config/config.default.js",
    "start": 1646203979386,
    "end": 1646203979386,
    "duration": 0,
    "pid": 16408,
    "index": 14
  },
  {
    "name": "Require(11) node_modules/egg-static/config/config.default.js",
    "start": 1646203979386,
    "end": 1646203979387,
    "duration": 1,
    "pid": 16408,
    "index": 15
  },
  {
    "name": "Require(12) node_modules/egg-view/config/config.default.js",
    "start": 1646203979387,
    "end": 1646203979387,
    "duration": 0,
    "pid": 16408,
    "index": 16
  },
  {
    "name": "Require(13) node_modules/egg-sequelize/config/config.default.js",
    "start": 1646203979388,
    "end": 1646203979388,
    "duration": 0,
    "pid": 16408,
    "index": 17
  },
  {
    "name": "Require(14) node_modules/egg-view-nunjucks/config/config.default.js",
    "start": 1646203979388,
    "end": 1646203979389,
    "duration": 1,
    "pid": 16408,
    "index": 18
  },
  {
    "name": "Require(15) node_modules/egg-cors/config/config.default.js",
    "start": 1646203979389,
    "end": 1646203979389,
    "duration": 0,
    "pid": 16408,
    "index": 19
  },
  {
    "name": "Require(16) node_modules/egg-jwt/config/config.default.js",
    "start": 1646203979390,
    "end": 1646203979390,
    "duration": 0,
    "pid": 16408,
    "index": 20
  },
  {
    "name": "Require(17) node_modules/egg-socket.io/config/config.default.js",
    "start": 1646203979390,
    "end": 1646203979390,
    "duration": 0,
    "pid": 16408,
    "index": 21
  },
  {
    "name": "Require(18) node_modules/egg-etag/config/config.default.js",
    "start": 1646203979391,
    "end": 1646203979391,
    "duration": 0,
    "pid": 16408,
    "index": 22
  },
  {
    "name": "Require(19) node_modules/egg/config/config.default.js",
    "start": 1646203979391,
    "end": 1646203979392,
    "duration": 1,
    "pid": 16408,
    "index": 23
  },
  {
    "name": "Require(20) config/config.default.js",
    "start": 1646203979392,
    "end": 1646203979392,
    "duration": 0,
    "pid": 16408,
    "index": 24
  },
  {
    "name": "Require(21) node_modules/egg-security/config/config.local.js",
    "start": 1646203979393,
    "end": 1646203979393,
    "duration": 0,
    "pid": 16408,
    "index": 25
  },
  {
    "name": "Require(22) node_modules/egg-watcher/config/config.local.js",
    "start": 1646203979394,
    "end": 1646203979394,
    "duration": 0,
    "pid": 16408,
    "index": 26
  },
  {
    "name": "Require(23) node_modules/egg-view/config/config.local.js",
    "start": 1646203979395,
    "end": 1646203979395,
    "duration": 0,
    "pid": 16408,
    "index": 27
  },
  {
    "name": "Require(24) node_modules/egg-view-nunjucks/config/config.local.js",
    "start": 1646203979395,
    "end": 1646203979396,
    "duration": 1,
    "pid": 16408,
    "index": 28
  },
  {
    "name": "Require(25) node_modules/egg/config/config.local.js",
    "start": 1646203979396,
    "end": 1646203979396,
    "duration": 0,
    "pid": 16408,
    "index": 29
  },
  {
    "name": "Load extend/application.js",
    "start": 1646203979397,
    "end": 1646203979479,
    "duration": 82,
    "pid": 16408,
    "index": 30
  },
  {
    "name": "Require(26) node_modules/egg-session/app/extend/application.js",
    "start": 1646203979398,
    "end": 1646203979398,
    "duration": 0,
    "pid": 16408,
    "index": 31
  },
  {
    "name": "Require(27) node_modules/egg-security/app/extend/application.js",
    "start": 1646203979398,
    "end": 1646203979399,
    "duration": 1,
    "pid": 16408,
    "index": 32
  },
  {
    "name": "Require(28) node_modules/egg-jsonp/app/extend/application.js",
    "start": 1646203979399,
    "end": 1646203979401,
    "duration": 2,
    "pid": 16408,
    "index": 33
  },
  {
    "name": "Require(29) node_modules/egg-logrotator/app/extend/application.js",
    "start": 1646203979402,
    "end": 1646203979403,
    "duration": 1,
    "pid": 16408,
    "index": 34
  },
  {
    "name": "Require(30) node_modules/egg-view/app/extend/application.js",
    "start": 1646203979403,
    "end": 1646203979404,
    "duration": 1,
    "pid": 16408,
    "index": 35
  },
  {
    "name": "Require(31) node_modules/egg-view-nunjucks/app/extend/application.js",
    "start": 1646203979404,
    "end": 1646203979421,
    "duration": 17,
    "pid": 16408,
    "index": 36
  },
  {
    "name": "Require(32) node_modules/egg-jwt/app/extend/application.js",
    "start": 1646203979422,
    "end": 1646203979447,
    "duration": 25,
    "pid": 16408,
    "index": 37
  },
  {
    "name": "Require(33) node_modules/egg-socket.io/app/extend/application.js",
    "start": 1646203979447,
    "end": 1646203979476,
    "duration": 29,
    "pid": 16408,
    "index": 38
  },
  {
    "name": "Load extend/request.js",
    "start": 1646203979479,
    "end": 1646203979485,
    "duration": 6,
    "pid": 16408,
    "index": 39
  },
  {
    "name": "Require(34) node_modules/egg/app/extend/request.js",
    "start": 1646203979482,
    "end": 1646203979483,
    "duration": 1,
    "pid": 16408,
    "index": 40
  },
  {
    "name": "Load extend/response.js",
    "start": 1646203979485,
    "end": 1646203979492,
    "duration": 7,
    "pid": 16408,
    "index": 41
  },
  {
    "name": "Require(35) node_modules/egg/app/extend/response.js",
    "start": 1646203979488,
    "end": 1646203979489,
    "duration": 1,
    "pid": 16408,
    "index": 42
  },
  {
    "name": "Load extend/context.js",
    "start": 1646203979492,
    "end": 1646203979537,
    "duration": 45,
    "pid": 16408,
    "index": 43
  },
  {
    "name": "Require(36) node_modules/egg-security/app/extend/context.js",
    "start": 1646203979492,
    "end": 1646203979498,
    "duration": 6,
    "pid": 16408,
    "index": 44
  },
  {
    "name": "Require(37) node_modules/egg-jsonp/app/extend/context.js",
    "start": 1646203979498,
    "end": 1646203979499,
    "duration": 1,
    "pid": 16408,
    "index": 45
  },
  {
    "name": "Require(38) node_modules/egg-i18n/app/extend/context.js",
    "start": 1646203979499,
    "end": 1646203979500,
    "duration": 1,
    "pid": 16408,
    "index": 46
  },
  {
    "name": "Require(39) node_modules/egg-multipart/app/extend/context.js",
    "start": 1646203979500,
    "end": 1646203979531,
    "duration": 31,
    "pid": 16408,
    "index": 47
  },
  {
    "name": "Require(40) node_modules/egg-view/app/extend/context.js",
    "start": 1646203979532,
    "end": 1646203979533,
    "duration": 1,
    "pid": 16408,
    "index": 48
  },
  {
    "name": "Require(41) node_modules/egg/app/extend/context.js",
    "start": 1646203979534,
    "end": 1646203979534,
    "duration": 0,
    "pid": 16408,
    "index": 49
  },
  {
    "name": "Load extend/helper.js",
    "start": 1646203979538,
    "end": 1646203979554,
    "duration": 16,
    "pid": 16408,
    "index": 50
  },
  {
    "name": "Require(42) node_modules/egg-security/app/extend/helper.js",
    "start": 1646203979538,
    "end": 1646203979548,
    "duration": 10,
    "pid": 16408,
    "index": 51
  },
  {
    "name": "Require(43) node_modules/egg/app/extend/helper.js",
    "start": 1646203979550,
    "end": 1646203979550,
    "duration": 0,
    "pid": 16408,
    "index": 52
  },
  {
    "name": "Require(44) app/extend/helper.js",
    "start": 1646203979551,
    "end": 1646203979551,
    "duration": 0,
    "pid": 16408,
    "index": 53
  },
  {
    "name": "Load app.js",
    "start": 1646203979554,
    "end": 1646203979607,
    "duration": 53,
    "pid": 16408,
    "index": 54
  },
  {
    "name": "Require(45) node_modules/egg-session/app.js",
    "start": 1646203979554,
    "end": 1646203979554,
    "duration": 0,
    "pid": 16408,
    "index": 55
  },
  {
    "name": "Require(46) node_modules/egg-security/app.js",
    "start": 1646203979554,
    "end": 1646203979555,
    "duration": 1,
    "pid": 16408,
    "index": 56
  },
  {
    "name": "Require(47) node_modules/egg-onerror/app.js",
    "start": 1646203979556,
    "end": 1646203979560,
    "duration": 4,
    "pid": 16408,
    "index": 57
  },
  {
    "name": "Require(48) node_modules/egg-i18n/app.js",
    "start": 1646203979561,
    "end": 1646203979571,
    "duration": 10,
    "pid": 16408,
    "index": 58
  },
  {
    "name": "Require(49) node_modules/egg-watcher/app.js",
    "start": 1646203979571,
    "end": 1646203979573,
    "duration": 2,
    "pid": 16408,
    "index": 59
  },
  {
    "name": "Require(50) node_modules/egg-schedule/app.js",
    "start": 1646203979573,
    "end": 1646203979574,
    "duration": 1,
    "pid": 16408,
    "index": 60
  },
  {
    "name": "Require(51) node_modules/egg-multipart/app.js",
    "start": 1646203979574,
    "end": 1646203979575,
    "duration": 1,
    "pid": 16408,
    "index": 61
  },
  {
    "name": "Require(52) node_modules/egg-development/app.js",
    "start": 1646203979575,
    "end": 1646203979575,
    "duration": 0,
    "pid": 16408,
    "index": 62
  },
  {
    "name": "Require(53) node_modules/egg-logrotator/app.js",
    "start": 1646203979575,
    "end": 1646203979576,
    "duration": 1,
    "pid": 16408,
    "index": 63
  },
  {
    "name": "Require(54) node_modules/egg-static/app.js",
    "start": 1646203979576,
    "end": 1646203979576,
    "duration": 0,
    "pid": 16408,
    "index": 64
  },
  {
    "name": "Require(55) node_modules/egg-sequelize/app.js",
    "start": 1646203979576,
    "end": 1646203979577,
    "duration": 1,
    "pid": 16408,
    "index": 65
  },
  {
    "name": "Require(56) node_modules/egg-view-nunjucks/app.js",
    "start": 1646203979577,
    "end": 1646203979577,
    "duration": 0,
    "pid": 16408,
    "index": 66
  },
  {
    "name": "Require(57) node_modules/egg-cors/app.js",
    "start": 1646203979577,
    "end": 1646203979577,
    "duration": 0,
    "pid": 16408,
    "index": 67
  },
  {
    "name": "Require(58) node_modules/egg-jwt/app.js",
    "start": 1646203979577,
    "end": 1646203979578,
    "duration": 1,
    "pid": 16408,
    "index": 68
  },
  {
    "name": "Require(59) node_modules/egg-socket.io/app.js",
    "start": 1646203979578,
    "end": 1646203979606,
    "duration": 28,
    "pid": 16408,
    "index": 69
  },
  {
    "name": "Require(60) node_modules/egg-etag/app.js",
    "start": 1646203979606,
    "end": 1646203979606,
    "duration": 0,
    "pid": 16408,
    "index": 70
  },
  {
    "name": "Require(61) app.js",
    "start": 1646203979607,
    "end": 1646203979607,
    "duration": 0,
    "pid": 16408,
    "index": 71
  },
  {
    "name": "Before Start in node_modules/egg-watcher/lib/init.js:15:14",
    "start": 1646203979613,
    "end": 1646203979990,
    "duration": 377,
    "pid": 16408,
    "index": 72
  },
  {
    "name": "Load \"Symbol(model)\" to Application",
    "start": 1646203979847,
    "end": 1646203979861,
    "duration": 14,
    "pid": 16408,
    "index": 73
  },
  {
    "name": "Before Start in node_modules/egg-sequelize/lib/loader.js:39:7",
    "start": 1646203979862,
    "end": 1646203980000,
    "duration": 138,
    "pid": 16408,
    "index": 74
  },
  {
    "name": "Load Controller",
    "start": 1646203979870,
    "end": 1646203979942,
    "duration": 72,
    "pid": 16408,
    "index": 75
  },
  {
    "name": "Load \"controller\" to Application",
    "start": 1646203979870,
    "end": 1646203979942,
    "duration": 72,
    "pid": 16408,
    "index": 76
  },
  {
    "name": "Before Start in node_modules/egg-socket.io/lib/io.js:26:7",
    "start": 1646203979875,
    "end": 1646203979976,
    "duration": 101,
    "pid": 16408,
    "index": 77
  },
  {
    "name": "Before Start in app.js:2:7",
    "start": 1646203979875,
    "end": 1646203980022,
    "duration": 147,
    "pid": 16408,
    "index": 78
  },
  {
    "name": "Load Service",
    "start": 1646203979875,
    "end": 1646203979883,
    "duration": 8,
    "pid": 16408,
    "index": 79
  },
  {
    "name": "Load \"service\" to Context",
    "start": 1646203979876,
    "end": 1646203979883,
    "duration": 7,
    "pid": 16408,
    "index": 80
  },
  {
    "name": "Load Middleware",
    "start": 1646203979883,
    "end": 1646203979942,
    "duration": 59,
    "pid": 16408,
    "index": 81
  },
  {
    "name": "Load \"middlewares\" to Application",
    "start": 1646203979884,
    "end": 1646203979934,
    "duration": 50,
    "pid": 16408,
    "index": 82
  },
  {
    "name": "Load Controller",
    "start": 1646203979942,
    "end": 1646203979949,
    "duration": 7,
    "pid": 16408,
    "index": 83
  },
  {
    "name": "Load \"controller\" to Application",
    "start": 1646203979942,
    "end": 1646203979949,
    "duration": 7,
    "pid": 16408,
    "index": 84
  },
  {
    "name": "Load Router",
    "start": 1646203979949,
    "end": 1646203979953,
    "duration": 4,
    "pid": 16408,
    "index": 85
  },
  {
    "name": "Require(62) app/router.js",
    "start": 1646203979949,
    "end": 1646203979950,
    "duration": 1,
    "pid": 16408,
    "index": 86
  },
  {
    "name": "Before Start in node_modules/egg-core/lib/egg.js:303:10",
    "start": 1646203979950,
    "end": 1646203979976,
    "duration": 26,
    "pid": 16408,
    "index": 87
  }
]