[
  {
    "name": "Process Start",
    "start": 1646189770003,
    "end": 1646189770790,
    "duration": 787,
    "pid": 11556,
    "index": 0
  },
  {
    "name": "Application Start",
    "start": 1646189770791,
    "end": 1646189771579,
    "duration": 788,
    "pid": 11556,
    "index": 1
  },
  {
    "name": "Load Plugin",
    "start": 1646189770794,
    "end": 1646189770814,
    "duration": 20,
    "pid": 11556,
    "index": 2
  },
  {
    "name": "Load Config",
    "start": 1646189770814,
    "end": 1646189770838,
    "duration": 24,
    "pid": 11556,
    "index": 3
  },
  {
    "name": "Require(0) config/config.default.js",
    "start": 1646189770815,
    "end": 1646189770815,
    "duration": 0,
    "pid": 11556,
    "index": 4
  },
  {
    "name": "Require(1) node_modules/egg-session/config/config.default.js",
    "start": 1646189770817,
    "end": 1646189770817,
    "duration": 0,
    "pid": 11556,
    "index": 5
  },
  {
    "name": "Require(2) node_modules/egg-security/config/config.default.js",
    "start": 1646189770817,
    "end": 1646189770818,
    "duration": 1,
    "pid": 11556,
    "index": 6
  },
  {
    "name": "Require(3) node_modules/egg-jsonp/config/config.default.js",
    "start": 1646189770819,
    "end": 1646189770819,
    "duration": 0,
    "pid": 11556,
    "index": 7
  },
  {
    "name": "Require(4) node_modules/egg-onerror/config/config.default.js",
    "start": 1646189770820,
    "end": 1646189770822,
    "duration": 2,
    "pid": 11556,
    "index": 8
  },
  {
    "name": "Require(5) node_modules/egg-i18n/config/config.default.js",
    "start": 1646189770822,
    "end": 1646189770822,
    "duration": 0,
    "pid": 11556,
    "index": 9
  },
  {
    "name": "Require(6) node_modules/egg-watcher/config/config.default.js",
    "start": 1646189770823,
    "end": 1646189770823,
    "duration": 0,
    "pid": 11556,
    "index": 10
  },
  {
    "name": "Require(7) node_modules/egg-schedule/config/config.default.js",
    "start": 1646189770824,
    "end": 1646189770824,
    "duration": 0,
    "pid": 11556,
    "index": 11
  },
  {
    "name": "Require(8) node_modules/egg-multipart/config/config.default.js",
    "start": 1646189770824,
    "end": 1646189770825,
    "duration": 1,
    "pid": 11556,
    "index": 12
  },
  {
    "name": "Require(9) node_modules/egg-development/config/config.default.js",
    "start": 1646189770825,
    "end": 1646189770826,
    "duration": 1,
    "pid": 11556,
    "index": 13
  },
  {
    "name": "Require(10) node_modules/egg-logrotator/config/config.default.js",
    "start": 1646189770826,
    "end": 1646189770826,
    "duration": 0,
    "pid": 11556,
    "index": 14
  },
  {
    "name": "Require(11) node_modules/egg-static/config/config.default.js",
    "start": 1646189770827,
    "end": 1646189770827,
    "duration": 0,
    "pid": 11556,
    "index": 15
  },
  {
    "name": "Require(12) node_modules/egg-view/config/config.default.js",
    "start": 1646189770827,
    "end": 1646189770828,
    "duration": 1,
    "pid": 11556,
    "index": 16
  },
  {
    "name": "Require(13) node_modules/egg-sequelize/config/config.default.js",
    "start": 1646189770828,
    "end": 1646189770828,
    "duration": 0,
    "pid": 11556,
    "index": 17
  },
  {
    "name": "Require(14) node_modules/egg-view-nunjucks/config/config.default.js",
    "start": 1646189770829,
    "end": 1646189770829,
    "duration": 0,
    "pid": 11556,
    "index": 18
  },
  {
    "name": "Require(15) node_modules/egg-cors/config/config.default.js",
    "start": 1646189770830,
    "end": 1646189770830,
    "duration": 0,
    "pid": 11556,
    "index": 19
  },
  {
    "name": "Require(16) node_modules/egg-jwt/config/config.default.js",
    "start": 1646189770830,
    "end": 1646189770830,
    "duration": 0,
    "pid": 11556,
    "index": 20
  },
  {
    "name": "Require(17) node_modules/egg-socket.io/config/config.default.js",
    "start": 1646189770831,
    "end": 1646189770831,
    "duration": 0,
    "pid": 11556,
    "index": 21
  },
  {
    "name": "Require(18) node_modules/egg-etag/config/config.default.js",
    "start": 1646189770831,
    "end": 1646189770832,
    "duration": 1,
    "pid": 11556,
    "index": 22
  },
  {
    "name": "Require(19) node_modules/egg/config/config.default.js",
    "start": 1646189770832,
    "end": 1646189770832,
    "duration": 0,
    "pid": 11556,
    "index": 23
  },
  {
    "name": "Require(20) config/config.default.js",
    "start": 1646189770833,
    "end": 1646189770833,
    "duration": 0,
    "pid": 11556,
    "index": 24
  },
  {
    "name": "Require(21) node_modules/egg-security/config/config.local.js",
    "start": 1646189770834,
    "end": 1646189770834,
    "duration": 0,
    "pid": 11556,
    "index": 25
  },
  {
    "name": "Require(22) node_modules/egg-watcher/config/config.local.js",
    "start": 1646189770834,
    "end": 1646189770835,
    "duration": 1,
    "pid": 11556,
    "index": 26
  },
  {
    "name": "Require(23) node_modules/egg-view/config/config.local.js",
    "start": 1646189770836,
    "end": 1646189770836,
    "duration": 0,
    "pid": 11556,
    "index": 27
  },
  {
    "name": "Require(24) node_modules/egg-view-nunjucks/config/config.local.js",
    "start": 1646189770837,
    "end": 1646189770837,
    "duration": 0,
    "pid": 11556,
    "index": 28
  },
  {
    "name": "Require(25) node_modules/egg/config/config.local.js",
    "start": 1646189770838,
    "end": 1646189770838,
    "duration": 0,
    "pid": 11556,
    "index": 29
  },
  {
    "name": "Load extend/application.js",
    "start": 1646189770839,
    "end": 1646189770933,
    "duration": 94,
    "pid": 11556,
    "index": 30
  },
  {
    "name": "Require(26) node_modules/egg-session/app/extend/application.js",
    "start": 1646189770840,
    "end": 1646189770840,
    "duration": 0,
    "pid": 11556,
    "index": 31
  },
  {
    "name": "Require(27) node_modules/egg-security/app/extend/application.js",
    "start": 1646189770840,
    "end": 1646189770841,
    "duration": 1,
    "pid": 11556,
    "index": 32
  },
  {
    "name": "Require(28) node_modules/egg-jsonp/app/extend/application.js",
    "start": 1646189770842,
    "end": 1646189770843,
    "duration": 1,
    "pid": 11556,
    "index": 33
  },
  {
    "name": "Require(29) node_modules/egg-logrotator/app/extend/application.js",
    "start": 1646189770844,
    "end": 1646189770846,
    "duration": 2,
    "pid": 11556,
    "index": 34
  },
  {
    "name": "Require(30) node_modules/egg-view/app/extend/application.js",
    "start": 1646189770846,
    "end": 1646189770847,
    "duration": 1,
    "pid": 11556,
    "index": 35
  },
  {
    "name": "Require(31) node_modules/egg-view-nunjucks/app/extend/application.js",
    "start": 1646189770848,
    "end": 1646189770867,
    "duration": 19,
    "pid": 11556,
    "index": 36
  },
  {
    "name": "Require(32) node_modules/egg-jwt/app/extend/application.js",
    "start": 1646189770867,
    "end": 1646189770896,
    "duration": 29,
    "pid": 11556,
    "index": 37
  },
  {
    "name": "Require(33) node_modules/egg-socket.io/app/extend/application.js",
    "start": 1646189770896,
    "end": 1646189770930,
    "duration": 34,
    "pid": 11556,
    "index": 38
  },
  {
    "name": "Load extend/request.js",
    "start": 1646189770933,
    "end": 1646189770940,
    "duration": 7,
    "pid": 11556,
    "index": 39
  },
  {
    "name": "Require(34) node_modules/egg/app/extend/request.js",
    "start": 1646189770936,
    "end": 1646189770937,
    "duration": 1,
    "pid": 11556,
    "index": 40
  },
  {
    "name": "Load extend/response.js",
    "start": 1646189770940,
    "end": 1646189770947,
    "duration": 7,
    "pid": 11556,
    "index": 41
  },
  {
    "name": "Require(35) node_modules/egg/app/extend/response.js",
    "start": 1646189770943,
    "end": 1646189770944,
    "duration": 1,
    "pid": 11556,
    "index": 42
  },
  {
    "name": "Load extend/context.js",
    "start": 1646189770947,
    "end": 1646189771001,
    "duration": 54,
    "pid": 11556,
    "index": 43
  },
  {
    "name": "Require(36) node_modules/egg-security/app/extend/context.js",
    "start": 1646189770948,
    "end": 1646189770955,
    "duration": 7,
    "pid": 11556,
    "index": 44
  },
  {
    "name": "Require(37) node_modules/egg-jsonp/app/extend/context.js",
    "start": 1646189770955,
    "end": 1646189770956,
    "duration": 1,
    "pid": 11556,
    "index": 45
  },
  {
    "name": "Require(38) node_modules/egg-i18n/app/extend/context.js",
    "start": 1646189770956,
    "end": 1646189770957,
    "duration": 1,
    "pid": 11556,
    "index": 46
  },
  {
    "name": "Require(39) node_modules/egg-multipart/app/extend/context.js",
    "start": 1646189770957,
    "end": 1646189770993,
    "duration": 36,
    "pid": 11556,
    "index": 47
  },
  {
    "name": "Require(40) node_modules/egg-view/app/extend/context.js",
    "start": 1646189770994,
    "end": 1646189770995,
    "duration": 1,
    "pid": 11556,
    "index": 48
  },
  {
    "name": "Require(41) node_modules/egg/app/extend/context.js",
    "start": 1646189770997,
    "end": 1646189770998,
    "duration": 1,
    "pid": 11556,
    "index": 49
  },
  {
    "name": "Load extend/helper.js",
    "start": 1646189771001,
    "end": 1646189771020,
    "duration": 19,
    "pid": 11556,
    "index": 50
  },
  {
    "name": "Require(42) node_modules/egg-security/app/extend/helper.js",
    "start": 1646189771002,
    "end": 1646189771013,
    "duration": 11,
    "pid": 11556,
    "index": 51
  },
  {
    "name": "Require(43) node_modules/egg/app/extend/helper.js",
    "start": 1646189771016,
    "end": 1646189771016,
    "duration": 0,
    "pid": 11556,
    "index": 52
  },
  {
    "name": "Require(44) app/extend/helper.js",
    "start": 1646189771017,
    "end": 1646189771017,
    "duration": 0,
    "pid": 11556,
    "index": 53
  },
  {
    "name": "Load app.js",
    "start": 1646189771021,
    "end": 1646189771087,
    "duration": 66,
    "pid": 11556,
    "index": 54
  },
  {
    "name": "Require(45) node_modules/egg-session/app.js",
    "start": 1646189771021,
    "end": 1646189771021,
    "duration": 0,
    "pid": 11556,
    "index": 55
  },
  {
    "name": "Require(46) node_modules/egg-security/app.js",
    "start": 1646189771022,
    "end": 1646189771023,
    "duration": 1,
    "pid": 11556,
    "index": 56
  },
  {
    "name": "Require(47) node_modules/egg-onerror/app.js",
    "start": 1646189771024,
    "end": 1646189771030,
    "duration": 6,
    "pid": 11556,
    "index": 57
  },
  {
    "name": "Require(48) node_modules/egg-i18n/app.js",
    "start": 1646189771031,
    "end": 1646189771042,
    "duration": 11,
    "pid": 11556,
    "index": 58
  },
  {
    "name": "Require(49) node_modules/egg-watcher/app.js",
    "start": 1646189771043,
    "end": 1646189771045,
    "duration": 2,
    "pid": 11556,
    "index": 59
  },
  {
    "name": "Require(50) node_modules/egg-schedule/app.js",
    "start": 1646189771045,
    "end": 1646189771046,
    "duration": 1,
    "pid": 11556,
    "index": 60
  },
  {
    "name": "Require(51) node_modules/egg-multipart/app.js",
    "start": 1646189771047,
    "end": 1646189771047,
    "duration": 0,
    "pid": 11556,
    "index": 61
  },
  {
    "name": "Require(52) node_modules/egg-development/app.js",
    "start": 1646189771047,
    "end": 1646189771048,
    "duration": 1,
    "pid": 11556,
    "index": 62
  },
  {
    "name": "Require(53) node_modules/egg-logrotator/app.js",
    "start": 1646189771048,
    "end": 1646189771048,
    "duration": 0,
    "pid": 11556,
    "index": 63
  },
  {
    "name": "Require(54) node_modules/egg-static/app.js",
    "start": 1646189771048,
    "end": 1646189771048,
    "duration": 0,
    "pid": 11556,
    "index": 64
  },
  {
    "name": "Require(55) node_modules/egg-sequelize/app.js",
    "start": 1646189771049,
    "end": 1646189771049,
    "duration": 0,
    "pid": 11556,
    "index": 65
  },
  {
    "name": "Require(56) node_modules/egg-view-nunjucks/app.js",
    "start": 1646189771049,
    "end": 1646189771050,
    "duration": 1,
    "pid": 11556,
    "index": 66
  },
  {
    "name": "Require(57) node_modules/egg-cors/app.js",
    "start": 1646189771050,
    "end": 1646189771050,
    "duration": 0,
    "pid": 11556,
    "index": 67
  },
  {
    "name": "Require(58) node_modules/egg-jwt/app.js",
    "start": 1646189771050,
    "end": 1646189771050,
    "duration": 0,
    "pid": 11556,
    "index": 68
  },
  {
    "name": "Require(59) node_modules/egg-socket.io/app.js",
    "start": 1646189771051,
    "end": 1646189771085,
    "duration": 34,
    "pid": 11556,
    "index": 69
  },
  {
    "name": "Require(60) node_modules/egg-etag/app.js",
    "start": 1646189771086,
    "end": 1646189771086,
    "duration": 0,
    "pid": 11556,
    "index": 70
  },
  {
    "name": "Require(61) app.js",
    "start": 1646189771086,
    "end": 1646189771087,
    "duration": 1,
    "pid": 11556,
    "index": 71
  },
  {
    "name": "Before Start in node_modules/egg-watcher/lib/init.js:15:14",
    "start": 1646189771093,
    "end": 1646189771549,
    "duration": 456,
    "pid": 11556,
    "index": 72
  },
  {
    "name": "Load \"Symbol(model)\" to Application",
    "start": 1646189771368,
    "end": 1646189771387,
    "duration": 19,
    "pid": 11556,
    "index": 73
  },
  {
    "name": "Before Start in node_modules/egg-sequelize/lib/loader.js:39:7",
    "start": 1646189771387,
    "end": 1646189771557,
    "duration": 170,
    "pid": 11556,
    "index": 74
  },
  {
    "name": "Load Controller",
    "start": 1646189771398,
    "end": 1646189771493,
    "duration": 95,
    "pid": 11556,
    "index": 75
  },
  {
    "name": "Load \"controller\" to Application",
    "start": 1646189771398,
    "end": 1646189771493,
    "duration": 95,
    "pid": 11556,
    "index": 76
  },
  {
    "name": "Before Start in node_modules/egg-socket.io/lib/io.js:26:7",
    "start": 1646189771405,
    "end": 1646189771532,
    "duration": 127,
    "pid": 11556,
    "index": 77
  },
  {
    "name": "Before Start in app.js:2:7",
    "start": 1646189771405,
    "end": 1646189771578,
    "duration": 173,
    "pid": 11556,
    "index": 78
  },
  {
    "name": "Load Service",
    "start": 1646189771405,
    "end": 1646189771415,
    "duration": 10,
    "pid": 11556,
    "index": 79
  },
  {
    "name": "Load \"service\" to Context",
    "start": 1646189771405,
    "end": 1646189771415,
    "duration": 10,
    "pid": 11556,
    "index": 80
  },
  {
    "name": "Load Middleware",
    "start": 1646189771416,
    "end": 1646189771493,
    "duration": 77,
    "pid": 11556,
    "index": 81
  },
  {
    "name": "Load \"middlewares\" to Application",
    "start": 1646189771416,
    "end": 1646189771483,
    "duration": 67,
    "pid": 11556,
    "index": 82
  },
  {
    "name": "Load Controller",
    "start": 1646189771493,
    "end": 1646189771504,
    "duration": 11,
    "pid": 11556,
    "index": 83
  },
  {
    "name": "Load \"controller\" to Application",
    "start": 1646189771493,
    "end": 1646189771504,
    "duration": 11,
    "pid": 11556,
    "index": 84
  },
  {
    "name": "Load Router",
    "start": 1646189771504,
    "end": 1646189771508,
    "duration": 4,
    "pid": 11556,
    "index": 85
  },
  {
    "name": "Require(62) app/router.js",
    "start": 1646189771504,
    "end": 1646189771504,
    "duration": 0,
    "pid": 11556,
    "index": 86
  },
  {
    "name": "Before Start in node_modules/egg-core/lib/egg.js:303:10",
    "start": 1646189771505,
    "end": 1646189771532,
    "duration": 27,
    "pid": 11556,
    "index": 87
  }
]