[
  {
    "name": "Process Start",
    "start": 1646204693208,
    "end": 1646204693925,
    "duration": 717,
    "pid": 16916,
    "index": 0
  },
  {
    "name": "Application Start",
    "start": 1646204693925,
    "end": 1646204694644,
    "duration": 719,
    "pid": 16916,
    "index": 1
  },
  {
    "name": "Load Plugin",
    "start": 1646204693928,
    "end": 1646204693947,
    "duration": 19,
    "pid": 16916,
    "index": 2
  },
  {
    "name": "Load Config",
    "start": 1646204693947,
    "end": 1646204693970,
    "duration": 23,
    "pid": 16916,
    "index": 3
  },
  {
    "name": "Require(0) config/config.default.js",
    "start": 1646204693948,
    "end": 1646204693949,
    "duration": 1,
    "pid": 16916,
    "index": 4
  },
  {
    "name": "Require(1) node_modules/egg-session/config/config.default.js",
    "start": 1646204693950,
    "end": 1646204693951,
    "duration": 1,
    "pid": 16916,
    "index": 5
  },
  {
    "name": "Require(2) node_modules/egg-security/config/config.default.js",
    "start": 1646204693951,
    "end": 1646204693951,
    "duration": 0,
    "pid": 16916,
    "index": 6
  },
  {
    "name": "Require(3) node_modules/egg-jsonp/config/config.default.js",
    "start": 1646204693952,
    "end": 1646204693952,
    "duration": 0,
    "pid": 16916,
    "index": 7
  },
  {
    "name": "Require(4) node_modules/egg-onerror/config/config.default.js",
    "start": 1646204693954,
    "end": 1646204693955,
    "duration": 1,
    "pid": 16916,
    "index": 8
  },
  {
    "name": "Require(5) node_modules/egg-i18n/config/config.default.js",
    "start": 1646204693955,
    "end": 1646204693955,
    "duration": 0,
    "pid": 16916,
    "index": 9
  },
  {
    "name": "Require(6) node_modules/egg-watcher/config/config.default.js",
    "start": 1646204693956,
    "end": 1646204693956,
    "duration": 0,
    "pid": 16916,
    "index": 10
  },
  {
    "name": "Require(7) node_modules/egg-schedule/config/config.default.js",
    "start": 1646204693956,
    "end": 1646204693957,
    "duration": 1,
    "pid": 16916,
    "index": 11
  },
  {
    "name": "Require(8) node_modules/egg-multipart/config/config.default.js",
    "start": 1646204693957,
    "end": 1646204693957,
    "duration": 0,
    "pid": 16916,
    "index": 12
  },
  {
    "name": "Require(9) node_modules/egg-development/config/config.default.js",
    "start": 1646204693958,
    "end": 1646204693958,
    "duration": 0,
    "pid": 16916,
    "index": 13
  },
  {
    "name": "Require(10) node_modules/egg-logrotator/config/config.default.js",
    "start": 1646204693958,
    "end": 1646204693958,
    "duration": 0,
    "pid": 16916,
    "index": 14
  },
  {
    "name": "Require(11) node_modules/egg-static/config/config.default.js",
    "start": 1646204693959,
    "end": 1646204693959,
    "duration": 0,
    "pid": 16916,
    "index": 15
  },
  {
    "name": "Require(12) node_modules/egg-view/config/config.default.js",
    "start": 1646204693960,
    "end": 1646204693960,
    "duration": 0,
    "pid": 16916,
    "index": 16
  },
  {
    "name": "Require(13) node_modules/egg-sequelize/config/config.default.js",
    "start": 1646204693960,
    "end": 1646204693960,
    "duration": 0,
    "pid": 16916,
    "index": 17
  },
  {
    "name": "Require(14) node_modules/egg-view-nunjucks/config/config.default.js",
    "start": 1646204693961,
    "end": 1646204693961,
    "duration": 0,
    "pid": 16916,
    "index": 18
  },
  {
    "name": "Require(15) node_modules/egg-cors/config/config.default.js",
    "start": 1646204693962,
    "end": 1646204693962,
    "duration": 0,
    "pid": 16916,
    "index": 19
  },
  {
    "name": "Require(16) node_modules/egg-jwt/config/config.default.js",
    "start": 1646204693962,
    "end": 1646204693962,
    "duration": 0,
    "pid": 16916,
    "index": 20
  },
  {
    "name": "Require(17) node_modules/egg-socket.io/config/config.default.js",
    "start": 1646204693963,
    "end": 1646204693963,
    "duration": 0,
    "pid": 16916,
    "index": 21
  },
  {
    "name": "Require(18) node_modules/egg-etag/config/config.default.js",
    "start": 1646204693963,
    "end": 1646204693964,
    "duration": 1,
    "pid": 16916,
    "index": 22
  },
  {
    "name": "Require(19) node_modules/egg/config/config.default.js",
    "start": 1646204693964,
    "end": 1646204693964,
    "duration": 0,
    "pid": 16916,
    "index": 23
  },
  {
    "name": "Require(20) config/config.default.js",
    "start": 1646204693965,
    "end": 1646204693965,
    "duration": 0,
    "pid": 16916,
    "index": 24
  },
  {
    "name": "Require(21) node_modules/egg-security/config/config.local.js",
    "start": 1646204693966,
    "end": 1646204693966,
    "duration": 0,
    "pid": 16916,
    "index": 25
  },
  {
    "name": "Require(22) node_modules/egg-watcher/config/config.local.js",
    "start": 1646204693967,
    "end": 1646204693967,
    "duration": 0,
    "pid": 16916,
    "index": 26
  },
  {
    "name": "Require(23) node_modules/egg-view/config/config.local.js",
    "start": 1646204693968,
    "end": 1646204693968,
    "duration": 0,
    "pid": 16916,
    "index": 27
  },
  {
    "name": "Require(24) node_modules/egg-view-nunjucks/config/config.local.js",
    "start": 1646204693968,
    "end": 1646204693969,
    "duration": 1,
    "pid": 16916,
    "index": 28
  },
  {
    "name": "Require(25) node_modules/egg/config/config.local.js",
    "start": 1646204693970,
    "end": 1646204693970,
    "duration": 0,
    "pid": 16916,
    "index": 29
  },
  {
    "name": "Load extend/application.js",
    "start": 1646204693971,
    "end": 1646204694064,
    "duration": 93,
    "pid": 16916,
    "index": 30
  },
  {
    "name": "Require(26) node_modules/egg-session/app/extend/application.js",
    "start": 1646204693971,
    "end": 1646204693971,
    "duration": 0,
    "pid": 16916,
    "index": 31
  },
  {
    "name": "Require(27) node_modules/egg-security/app/extend/application.js",
    "start": 1646204693972,
    "end": 1646204693972,
    "duration": 0,
    "pid": 16916,
    "index": 32
  },
  {
    "name": "Require(28) node_modules/egg-jsonp/app/extend/application.js",
    "start": 1646204693973,
    "end": 1646204693974,
    "duration": 1,
    "pid": 16916,
    "index": 33
  },
  {
    "name": "Require(29) node_modules/egg-logrotator/app/extend/application.js",
    "start": 1646204693975,
    "end": 1646204693977,
    "duration": 2,
    "pid": 16916,
    "index": 34
  },
  {
    "name": "Require(30) node_modules/egg-view/app/extend/application.js",
    "start": 1646204693977,
    "end": 1646204693978,
    "duration": 1,
    "pid": 16916,
    "index": 35
  },
  {
    "name": "Require(31) node_modules/egg-view-nunjucks/app/extend/application.js",
    "start": 1646204693979,
    "end": 1646204693996,
    "duration": 17,
    "pid": 16916,
    "index": 36
  },
  {
    "name": "Require(32) node_modules/egg-jwt/app/extend/application.js",
    "start": 1646204693997,
    "end": 1646204694024,
    "duration": 27,
    "pid": 16916,
    "index": 37
  },
  {
    "name": "Require(33) node_modules/egg-socket.io/app/extend/application.js",
    "start": 1646204694025,
    "end": 1646204694060,
    "duration": 35,
    "pid": 16916,
    "index": 38
  },
  {
    "name": "Load extend/request.js",
    "start": 1646204694064,
    "end": 1646204694071,
    "duration": 7,
    "pid": 16916,
    "index": 39
  },
  {
    "name": "Require(34) node_modules/egg/app/extend/request.js",
    "start": 1646204694067,
    "end": 1646204694068,
    "duration": 1,
    "pid": 16916,
    "index": 40
  },
  {
    "name": "Load extend/response.js",
    "start": 1646204694071,
    "end": 1646204694078,
    "duration": 7,
    "pid": 16916,
    "index": 41
  },
  {
    "name": "Require(35) node_modules/egg/app/extend/response.js",
    "start": 1646204694074,
    "end": 1646204694075,
    "duration": 1,
    "pid": 16916,
    "index": 42
  },
  {
    "name": "Load extend/context.js",
    "start": 1646204694078,
    "end": 1646204694128,
    "duration": 50,
    "pid": 16916,
    "index": 43
  },
  {
    "name": "Require(36) node_modules/egg-security/app/extend/context.js",
    "start": 1646204694078,
    "end": 1646204694085,
    "duration": 7,
    "pid": 16916,
    "index": 44
  },
  {
    "name": "Require(37) node_modules/egg-jsonp/app/extend/context.js",
    "start": 1646204694086,
    "end": 1646204694087,
    "duration": 1,
    "pid": 16916,
    "index": 45
  },
  {
    "name": "Require(38) node_modules/egg-i18n/app/extend/context.js",
    "start": 1646204694087,
    "end": 1646204694087,
    "duration": 0,
    "pid": 16916,
    "index": 46
  },
  {
    "name": "Require(39) node_modules/egg-multipart/app/extend/context.js",
    "start": 1646204694088,
    "end": 1646204694122,
    "duration": 34,
    "pid": 16916,
    "index": 47
  },
  {
    "name": "Require(40) node_modules/egg-view/app/extend/context.js",
    "start": 1646204694122,
    "end": 1646204694123,
    "duration": 1,
    "pid": 16916,
    "index": 48
  },
  {
    "name": "Require(41) node_modules/egg/app/extend/context.js",
    "start": 1646204694124,
    "end": 1646204694125,
    "duration": 1,
    "pid": 16916,
    "index": 49
  },
  {
    "name": "Load extend/helper.js",
    "start": 1646204694128,
    "end": 1646204694146,
    "duration": 18,
    "pid": 16916,
    "index": 50
  },
  {
    "name": "Require(42) node_modules/egg-security/app/extend/helper.js",
    "start": 1646204694129,
    "end": 1646204694140,
    "duration": 11,
    "pid": 16916,
    "index": 51
  },
  {
    "name": "Require(43) node_modules/egg/app/extend/helper.js",
    "start": 1646204694142,
    "end": 1646204694143,
    "duration": 1,
    "pid": 16916,
    "index": 52
  },
  {
    "name": "Require(44) app/extend/helper.js",
    "start": 1646204694143,
    "end": 1646204694143,
    "duration": 0,
    "pid": 16916,
    "index": 53
  },
  {
    "name": "Load app.js",
    "start": 1646204694146,
    "end": 1646204694203,
    "duration": 57,
    "pid": 16916,
    "index": 54
  },
  {
    "name": "Require(45) node_modules/egg-session/app.js",
    "start": 1646204694146,
    "end": 1646204694147,
    "duration": 1,
    "pid": 16916,
    "index": 55
  },
  {
    "name": "Require(46) node_modules/egg-security/app.js",
    "start": 1646204694147,
    "end": 1646204694148,
    "duration": 1,
    "pid": 16916,
    "index": 56
  },
  {
    "name": "Require(47) node_modules/egg-onerror/app.js",
    "start": 1646204694149,
    "end": 1646204694154,
    "duration": 5,
    "pid": 16916,
    "index": 57
  },
  {
    "name": "Require(48) node_modules/egg-i18n/app.js",
    "start": 1646204694154,
    "end": 1646204694164,
    "duration": 10,
    "pid": 16916,
    "index": 58
  },
  {
    "name": "Require(49) node_modules/egg-watcher/app.js",
    "start": 1646204694165,
    "end": 1646204694167,
    "duration": 2,
    "pid": 16916,
    "index": 59
  },
  {
    "name": "Require(50) node_modules/egg-schedule/app.js",
    "start": 1646204694167,
    "end": 1646204694168,
    "duration": 1,
    "pid": 16916,
    "index": 60
  },
  {
    "name": "Require(51) node_modules/egg-multipart/app.js",
    "start": 1646204694169,
    "end": 1646204694169,
    "duration": 0,
    "pid": 16916,
    "index": 61
  },
  {
    "name": "Require(52) node_modules/egg-development/app.js",
    "start": 1646204694169,
    "end": 1646204694169,
    "duration": 0,
    "pid": 16916,
    "index": 62
  },
  {
    "name": "Require(53) node_modules/egg-logrotator/app.js",
    "start": 1646204694170,
    "end": 1646204694170,
    "duration": 0,
    "pid": 16916,
    "index": 63
  },
  {
    "name": "Require(54) node_modules/egg-static/app.js",
    "start": 1646204694170,
    "end": 1646204694170,
    "duration": 0,
    "pid": 16916,
    "index": 64
  },
  {
    "name": "Require(55) node_modules/egg-sequelize/app.js",
    "start": 1646204694171,
    "end": 1646204694171,
    "duration": 0,
    "pid": 16916,
    "index": 65
  },
  {
    "name": "Require(56) node_modules/egg-view-nunjucks/app.js",
    "start": 1646204694171,
    "end": 1646204694171,
    "duration": 0,
    "pid": 16916,
    "index": 66
  },
  {
    "name": "Require(57) node_modules/egg-cors/app.js",
    "start": 1646204694171,
    "end": 1646204694172,
    "duration": 1,
    "pid": 16916,
    "index": 67
  },
  {
    "name": "Require(58) node_modules/egg-jwt/app.js",
    "start": 1646204694172,
    "end": 1646204694172,
    "duration": 0,
    "pid": 16916,
    "index": 68
  },
  {
    "name": "Require(59) node_modules/egg-socket.io/app.js",
    "start": 1646204694172,
    "end": 1646204694201,
    "duration": 29,
    "pid": 16916,
    "index": 69
  },
  {
    "name": "Require(60) node_modules/egg-etag/app.js",
    "start": 1646204694202,
    "end": 1646204694202,
    "duration": 0,
    "pid": 16916,
    "index": 70
  },
  {
    "name": "Require(61) app.js",
    "start": 1646204694202,
    "end": 1646204694202,
    "duration": 0,
    "pid": 16916,
    "index": 71
  },
  {
    "name": "Before Start in node_modules/egg-watcher/lib/init.js:15:14",
    "start": 1646204694208,
    "end": 1646204694616,
    "duration": 408,
    "pid": 16916,
    "index": 72
  },
  {
    "name": "Load \"Symbol(model)\" to Application",
    "start": 1646204694459,
    "end": 1646204694474,
    "duration": 15,
    "pid": 16916,
    "index": 73
  },
  {
    "name": "Before Start in node_modules/egg-sequelize/lib/loader.js:39:7",
    "start": 1646204694475,
    "end": 1646204694624,
    "duration": 149,
    "pid": 16916,
    "index": 74
  },
  {
    "name": "Load Controller",
    "start": 1646204694484,
    "end": 1646204694563,
    "duration": 79,
    "pid": 16916,
    "index": 75
  },
  {
    "name": "Load \"controller\" to Application",
    "start": 1646204694484,
    "end": 1646204694563,
    "duration": 79,
    "pid": 16916,
    "index": 76
  },
  {
    "name": "Before Start in node_modules/egg-socket.io/lib/io.js:26:7",
    "start": 1646204694489,
    "end": 1646204694600,
    "duration": 111,
    "pid": 16916,
    "index": 77
  },
  {
    "name": "Before Start in app.js:2:7",
    "start": 1646204694489,
    "end": 1646204694644,
    "duration": 155,
    "pid": 16916,
    "index": 78
  },
  {
    "name": "Load Service",
    "start": 1646204694489,
    "end": 1646204694499,
    "duration": 10,
    "pid": 16916,
    "index": 79
  },
  {
    "name": "Load \"service\" to Context",
    "start": 1646204694490,
    "end": 1646204694499,
    "duration": 9,
    "pid": 16916,
    "index": 80
  },
  {
    "name": "Load Middleware",
    "start": 1646204694499,
    "end": 1646204694563,
    "duration": 64,
    "pid": 16916,
    "index": 81
  },
  {
    "name": "Load \"middlewares\" to Application",
    "start": 1646204694499,
    "end": 1646204694555,
    "duration": 56,
    "pid": 16916,
    "index": 82
  },
  {
    "name": "Load Controller",
    "start": 1646204694563,
    "end": 1646204694573,
    "duration": 10,
    "pid": 16916,
    "index": 83
  },
  {
    "name": "Load \"controller\" to Application",
    "start": 1646204694563,
    "end": 1646204694573,
    "duration": 10,
    "pid": 16916,
    "index": 84
  },
  {
    "name": "Load Router",
    "start": 1646204694573,
    "end": 1646204694577,
    "duration": 4,
    "pid": 16916,
    "index": 85
  },
  {
    "name": "Require(62) app/router.js",
    "start": 1646204694573,
    "end": 1646204694573,
    "duration": 0,
    "pid": 16916,
    "index": 86
  },
  {
    "name": "Before Start in node_modules/egg-core/lib/egg.js:303:10",
    "start": 1646204694574,
    "end": 1646204694600,
    "duration": 26,
    "pid": 16916,
    "index": 87
  }
]