[
  {
    "name": "Process Start",
    "start": 1646203968787,
    "end": 1646203969506,
    "duration": 719,
    "pid": 15460,
    "index": 0
  },
  {
    "name": "Application Start",
    "start": 1646203969507,
    "end": 1646203970196,
    "duration": 689,
    "pid": 15460,
    "index": 1
  },
  {
    "name": "Load Plugin",
    "start": 1646203969509,
    "end": 1646203969527,
    "duration": 18,
    "pid": 15460,
    "index": 2
  },
  {
    "name": "Load Config",
    "start": 1646203969527,
    "end": 1646203969547,
    "duration": 20,
    "pid": 15460,
    "index": 3
  },
  {
    "name": "Require(0) config/config.default.js",
    "start": 1646203969527,
    "end": 1646203969527,
    "duration": 0,
    "pid": 15460,
    "index": 4
  },
  {
    "name": "Require(1) node_modules/egg-session/config/config.default.js",
    "start": 1646203969529,
    "end": 1646203969529,
    "duration": 0,
    "pid": 15460,
    "index": 5
  },
  {
    "name": "Require(2) node_modules/egg-security/config/config.default.js",
    "start": 1646203969529,
    "end": 1646203969530,
    "duration": 1,
    "pid": 15460,
    "index": 6
  },
  {
    "name": "Require(3) node_modules/egg-jsonp/config/config.default.js",
    "start": 1646203969530,
    "end": 1646203969530,
    "duration": 0,
    "pid": 15460,
    "index": 7
  },
  {
    "name": "Require(4) node_modules/egg-onerror/config/config.default.js",
    "start": 1646203969531,
    "end": 1646203969531,
    "duration": 0,
    "pid": 15460,
    "index": 8
  },
  {
    "name": "Require(5) node_modules/egg-i18n/config/config.default.js",
    "start": 1646203969531,
    "end": 1646203969532,
    "duration": 1,
    "pid": 15460,
    "index": 9
  },
  {
    "name": "Require(6) node_modules/egg-watcher/config/config.default.js",
    "start": 1646203969534,
    "end": 1646203969534,
    "duration": 0,
    "pid": 15460,
    "index": 10
  },
  {
    "name": "Require(7) node_modules/egg-schedule/config/config.default.js",
    "start": 1646203969534,
    "end": 1646203969535,
    "duration": 1,
    "pid": 15460,
    "index": 11
  },
  {
    "name": "Require(8) node_modules/egg-multipart/config/config.default.js",
    "start": 1646203969535,
    "end": 1646203969535,
    "duration": 0,
    "pid": 15460,
    "index": 12
  },
  {
    "name": "Require(9) node_modules/egg-development/config/config.default.js",
    "start": 1646203969536,
    "end": 1646203969536,
    "duration": 0,
    "pid": 15460,
    "index": 13
  },
  {
    "name": "Require(10) node_modules/egg-logrotator/config/config.default.js",
    "start": 1646203969536,
    "end": 1646203969537,
    "duration": 1,
    "pid": 15460,
    "index": 14
  },
  {
    "name": "Require(11) node_modules/egg-static/config/config.default.js",
    "start": 1646203969537,
    "end": 1646203969537,
    "duration": 0,
    "pid": 15460,
    "index": 15
  },
  {
    "name": "Require(12) node_modules/egg-view/config/config.default.js",
    "start": 1646203969538,
    "end": 1646203969538,
    "duration": 0,
    "pid": 15460,
    "index": 16
  },
  {
    "name": "Require(13) node_modules/egg-sequelize/config/config.default.js",
    "start": 1646203969538,
    "end": 1646203969539,
    "duration": 1,
    "pid": 15460,
    "index": 17
  },
  {
    "name": "Require(14) node_modules/egg-view-nunjucks/config/config.default.js",
    "start": 1646203969539,
    "end": 1646203969539,
    "duration": 0,
    "pid": 15460,
    "index": 18
  },
  {
    "name": "Require(15) node_modules/egg-cors/config/config.default.js",
    "start": 1646203969540,
    "end": 1646203969540,
    "duration": 0,
    "pid": 15460,
    "index": 19
  },
  {
    "name": "Require(16) node_modules/egg-jwt/config/config.default.js",
    "start": 1646203969540,
    "end": 1646203969540,
    "duration": 0,
    "pid": 15460,
    "index": 20
  },
  {
    "name": "Require(17) node_modules/egg-socket.io/config/config.default.js",
    "start": 1646203969541,
    "end": 1646203969541,
    "duration": 0,
    "pid": 15460,
    "index": 21
  },
  {
    "name": "Require(18) node_modules/egg-etag/config/config.default.js",
    "start": 1646203969541,
    "end": 1646203969541,
    "duration": 0,
    "pid": 15460,
    "index": 22
  },
  {
    "name": "Require(19) node_modules/egg/config/config.default.js",
    "start": 1646203969542,
    "end": 1646203969542,
    "duration": 0,
    "pid": 15460,
    "index": 23
  },
  {
    "name": "Require(20) config/config.default.js",
    "start": 1646203969543,
    "end": 1646203969543,
    "duration": 0,
    "pid": 15460,
    "index": 24
  },
  {
    "name": "Require(21) node_modules/egg-security/config/config.local.js",
    "start": 1646203969543,
    "end": 1646203969543,
    "duration": 0,
    "pid": 15460,
    "index": 25
  },
  {
    "name": "Require(22) node_modules/egg-watcher/config/config.local.js",
    "start": 1646203969544,
    "end": 1646203969544,
    "duration": 0,
    "pid": 15460,
    "index": 26
  },
  {
    "name": "Require(23) node_modules/egg-view/config/config.local.js",
    "start": 1646203969545,
    "end": 1646203969545,
    "duration": 0,
    "pid": 15460,
    "index": 27
  },
  {
    "name": "Require(24) node_modules/egg-view-nunjucks/config/config.local.js",
    "start": 1646203969546,
    "end": 1646203969546,
    "duration": 0,
    "pid": 15460,
    "index": 28
  },
  {
    "name": "Require(25) node_modules/egg/config/config.local.js",
    "start": 1646203969546,
    "end": 1646203969547,
    "duration": 1,
    "pid": 15460,
    "index": 29
  },
  {
    "name": "Load extend/application.js",
    "start": 1646203969547,
    "end": 1646203969632,
    "duration": 85,
    "pid": 15460,
    "index": 30
  },
  {
    "name": "Require(26) node_modules/egg-session/app/extend/application.js",
    "start": 1646203969548,
    "end": 1646203969548,
    "duration": 0,
    "pid": 15460,
    "index": 31
  },
  {
    "name": "Require(27) node_modules/egg-security/app/extend/application.js",
    "start": 1646203969549,
    "end": 1646203969549,
    "duration": 0,
    "pid": 15460,
    "index": 32
  },
  {
    "name": "Require(28) node_modules/egg-jsonp/app/extend/application.js",
    "start": 1646203969550,
    "end": 1646203969551,
    "duration": 1,
    "pid": 15460,
    "index": 33
  },
  {
    "name": "Require(29) node_modules/egg-logrotator/app/extend/application.js",
    "start": 1646203969552,
    "end": 1646203969554,
    "duration": 2,
    "pid": 15460,
    "index": 34
  },
  {
    "name": "Require(30) node_modules/egg-view/app/extend/application.js",
    "start": 1646203969554,
    "end": 1646203969555,
    "duration": 1,
    "pid": 15460,
    "index": 35
  },
  {
    "name": "Require(31) node_modules/egg-view-nunjucks/app/extend/application.js",
    "start": 1646203969556,
    "end": 1646203969572,
    "duration": 16,
    "pid": 15460,
    "index": 36
  },
  {
    "name": "Require(32) node_modules/egg-jwt/app/extend/application.js",
    "start": 1646203969572,
    "end": 1646203969599,
    "duration": 27,
    "pid": 15460,
    "index": 37
  },
  {
    "name": "Require(33) node_modules/egg-socket.io/app/extend/application.js",
    "start": 1646203969599,
    "end": 1646203969629,
    "duration": 30,
    "pid": 15460,
    "index": 38
  },
  {
    "name": "Load extend/request.js",
    "start": 1646203969632,
    "end": 1646203969639,
    "duration": 7,
    "pid": 15460,
    "index": 39
  },
  {
    "name": "Require(34) node_modules/egg/app/extend/request.js",
    "start": 1646203969635,
    "end": 1646203969636,
    "duration": 1,
    "pid": 15460,
    "index": 40
  },
  {
    "name": "Load extend/response.js",
    "start": 1646203969639,
    "end": 1646203969645,
    "duration": 6,
    "pid": 15460,
    "index": 41
  },
  {
    "name": "Require(35) node_modules/egg/app/extend/response.js",
    "start": 1646203969641,
    "end": 1646203969642,
    "duration": 1,
    "pid": 15460,
    "index": 42
  },
  {
    "name": "Load extend/context.js",
    "start": 1646203969645,
    "end": 1646203969693,
    "duration": 48,
    "pid": 15460,
    "index": 43
  },
  {
    "name": "Require(36) node_modules/egg-security/app/extend/context.js",
    "start": 1646203969646,
    "end": 1646203969652,
    "duration": 6,
    "pid": 15460,
    "index": 44
  },
  {
    "name": "Require(37) node_modules/egg-jsonp/app/extend/context.js",
    "start": 1646203969652,
    "end": 1646203969653,
    "duration": 1,
    "pid": 15460,
    "index": 45
  },
  {
    "name": "Require(38) node_modules/egg-i18n/app/extend/context.js",
    "start": 1646203969654,
    "end": 1646203969654,
    "duration": 0,
    "pid": 15460,
    "index": 46
  },
  {
    "name": "Require(39) node_modules/egg-multipart/app/extend/context.js",
    "start": 1646203969654,
    "end": 1646203969687,
    "duration": 33,
    "pid": 15460,
    "index": 47
  },
  {
    "name": "Require(40) node_modules/egg-view/app/extend/context.js",
    "start": 1646203969688,
    "end": 1646203969688,
    "duration": 0,
    "pid": 15460,
    "index": 48
  },
  {
    "name": "Require(41) node_modules/egg/app/extend/context.js",
    "start": 1646203969690,
    "end": 1646203969690,
    "duration": 0,
    "pid": 15460,
    "index": 49
  },
  {
    "name": "Load extend/helper.js",
    "start": 1646203969693,
    "end": 1646203969709,
    "duration": 16,
    "pid": 15460,
    "index": 50
  },
  {
    "name": "Require(42) node_modules/egg-security/app/extend/helper.js",
    "start": 1646203969694,
    "end": 1646203969704,
    "duration": 10,
    "pid": 15460,
    "index": 51
  },
  {
    "name": "Require(43) node_modules/egg/app/extend/helper.js",
    "start": 1646203969706,
    "end": 1646203969706,
    "duration": 0,
    "pid": 15460,
    "index": 52
  },
  {
    "name": "Require(44) app/extend/helper.js",
    "start": 1646203969706,
    "end": 1646203969707,
    "duration": 1,
    "pid": 15460,
    "index": 53
  },
  {
    "name": "Load app.js",
    "start": 1646203969709,
    "end": 1646203969763,
    "duration": 54,
    "pid": 15460,
    "index": 54
  },
  {
    "name": "Require(45) node_modules/egg-session/app.js",
    "start": 1646203969709,
    "end": 1646203969710,
    "duration": 1,
    "pid": 15460,
    "index": 55
  },
  {
    "name": "Require(46) node_modules/egg-security/app.js",
    "start": 1646203969710,
    "end": 1646203969711,
    "duration": 1,
    "pid": 15460,
    "index": 56
  },
  {
    "name": "Require(47) node_modules/egg-onerror/app.js",
    "start": 1646203969711,
    "end": 1646203969716,
    "duration": 5,
    "pid": 15460,
    "index": 57
  },
  {
    "name": "Require(48) node_modules/egg-i18n/app.js",
    "start": 1646203969717,
    "end": 1646203969726,
    "duration": 9,
    "pid": 15460,
    "index": 58
  },
  {
    "name": "Require(49) node_modules/egg-watcher/app.js",
    "start": 1646203969726,
    "end": 1646203969729,
    "duration": 3,
    "pid": 15460,
    "index": 59
  },
  {
    "name": "Require(50) node_modules/egg-schedule/app.js",
    "start": 1646203969729,
    "end": 1646203969730,
    "duration": 1,
    "pid": 15460,
    "index": 60
  },
  {
    "name": "Require(51) node_modules/egg-multipart/app.js",
    "start": 1646203969730,
    "end": 1646203969731,
    "duration": 1,
    "pid": 15460,
    "index": 61
  },
  {
    "name": "Require(52) node_modules/egg-development/app.js",
    "start": 1646203969731,
    "end": 1646203969731,
    "duration": 0,
    "pid": 15460,
    "index": 62
  },
  {
    "name": "Require(53) node_modules/egg-logrotator/app.js",
    "start": 1646203969731,
    "end": 1646203969731,
    "duration": 0,
    "pid": 15460,
    "index": 63
  },
  {
    "name": "Require(54) node_modules/egg-static/app.js",
    "start": 1646203969732,
    "end": 1646203969732,
    "duration": 0,
    "pid": 15460,
    "index": 64
  },
  {
    "name": "Require(55) node_modules/egg-sequelize/app.js",
    "start": 1646203969732,
    "end": 1646203969732,
    "duration": 0,
    "pid": 15460,
    "index": 65
  },
  {
    "name": "Require(56) node_modules/egg-view-nunjucks/app.js",
    "start": 1646203969733,
    "end": 1646203969733,
    "duration": 0,
    "pid": 15460,
    "index": 66
  },
  {
    "name": "Require(57) node_modules/egg-cors/app.js",
    "start": 1646203969733,
    "end": 1646203969733,
    "duration": 0,
    "pid": 15460,
    "index": 67
  },
  {
    "name": "Require(58) node_modules/egg-jwt/app.js",
    "start": 1646203969733,
    "end": 1646203969734,
    "duration": 1,
    "pid": 15460,
    "index": 68
  },
  {
    "name": "Require(59) node_modules/egg-socket.io/app.js",
    "start": 1646203969734,
    "end": 1646203969762,
    "duration": 28,
    "pid": 15460,
    "index": 69
  },
  {
    "name": "Require(60) node_modules/egg-etag/app.js",
    "start": 1646203969762,
    "end": 1646203969762,
    "duration": 0,
    "pid": 15460,
    "index": 70
  },
  {
    "name": "Require(61) app.js",
    "start": 1646203969763,
    "end": 1646203969763,
    "duration": 0,
    "pid": 15460,
    "index": 71
  },
  {
    "name": "Before Start in node_modules/egg-watcher/lib/init.js:15:14",
    "start": 1646203969768,
    "end": 1646203970162,
    "duration": 394,
    "pid": 15460,
    "index": 72
  },
  {
    "name": "Load \"Symbol(model)\" to Application",
    "start": 1646203970006,
    "end": 1646203970020,
    "duration": 14,
    "pid": 15460,
    "index": 73
  },
  {
    "name": "Before Start in node_modules/egg-sequelize/lib/loader.js:39:7",
    "start": 1646203970020,
    "end": 1646203970172,
    "duration": 152,
    "pid": 15460,
    "index": 74
  },
  {
    "name": "Load Controller",
    "start": 1646203970028,
    "end": 1646203970110,
    "duration": 82,
    "pid": 15460,
    "index": 75
  },
  {
    "name": "Load \"controller\" to Application",
    "start": 1646203970028,
    "end": 1646203970110,
    "duration": 82,
    "pid": 15460,
    "index": 76
  },
  {
    "name": "Before Start in node_modules/egg-socket.io/lib/io.js:26:7",
    "start": 1646203970034,
    "end": 1646203970146,
    "duration": 112,
    "pid": 15460,
    "index": 77
  },
  {
    "name": "Before Start in app.js:2:7",
    "start": 1646203970034,
    "end": 1646203970195,
    "duration": 161,
    "pid": 15460,
    "index": 78
  },
  {
    "name": "Load Service",
    "start": 1646203970034,
    "end": 1646203970044,
    "duration": 10,
    "pid": 15460,
    "index": 79
  },
  {
    "name": "Load \"service\" to Context",
    "start": 1646203970034,
    "end": 1646203970044,
    "duration": 10,
    "pid": 15460,
    "index": 80
  },
  {
    "name": "Load Middleware",
    "start": 1646203970044,
    "end": 1646203970110,
    "duration": 66,
    "pid": 15460,
    "index": 81
  },
  {
    "name": "Load \"middlewares\" to Application",
    "start": 1646203970044,
    "end": 1646203970103,
    "duration": 59,
    "pid": 15460,
    "index": 82
  },
  {
    "name": "Load Controller",
    "start": 1646203970110,
    "end": 1646203970118,
    "duration": 8,
    "pid": 15460,
    "index": 83
  },
  {
    "name": "Load \"controller\" to Application",
    "start": 1646203970110,
    "end": 1646203970118,
    "duration": 8,
    "pid": 15460,
    "index": 84
  },
  {
    "name": "Load Router",
    "start": 1646203970118,
    "end": 1646203970122,
    "duration": 4,
    "pid": 15460,
    "index": 85
  },
  {
    "name": "Require(62) app/router.js",
    "start": 1646203970119,
    "end": 1646203970119,
    "duration": 0,
    "pid": 15460,
    "index": 86
  },
  {
    "name": "Before Start in node_modules/egg-core/lib/egg.js:303:10",
    "start": 1646203970119,
    "end": 1646203970146,
    "duration": 27,
    "pid": 15460,
    "index": 87
  }
]