[
  {
    "name": "Process Start",
    "start": 1646189834138,
    "end": 1646189834814,
    "duration": 676,
    "pid": 7020,
    "index": 0
  },
  {
    "name": "Application Start",
    "start": 1646189834815,
    "end": 1646189835495,
    "duration": 680,
    "pid": 7020,
    "index": 1
  },
  {
    "name": "Load Plugin",
    "start": 1646189834818,
    "end": 1646189834837,
    "duration": 19,
    "pid": 7020,
    "index": 2
  },
  {
    "name": "Load Config",
    "start": 1646189834837,
    "end": 1646189834857,
    "duration": 20,
    "pid": 7020,
    "index": 3
  },
  {
    "name": "Require(0) config/config.default.js",
    "start": 1646189834837,
    "end": 1646189834838,
    "duration": 1,
    "pid": 7020,
    "index": 4
  },
  {
    "name": "Require(1) node_modules/egg-session/config/config.default.js",
    "start": 1646189834839,
    "end": 1646189834839,
    "duration": 0,
    "pid": 7020,
    "index": 5
  },
  {
    "name": "Require(2) node_modules/egg-security/config/config.default.js",
    "start": 1646189834840,
    "end": 1646189834840,
    "duration": 0,
    "pid": 7020,
    "index": 6
  },
  {
    "name": "Require(3) node_modules/egg-jsonp/config/config.default.js",
    "start": 1646189834841,
    "end": 1646189834841,
    "duration": 0,
    "pid": 7020,
    "index": 7
  },
  {
    "name": "Require(4) node_modules/egg-onerror/config/config.default.js",
    "start": 1646189834841,
    "end": 1646189834842,
    "duration": 1,
    "pid": 7020,
    "index": 8
  },
  {
    "name": "Require(5) node_modules/egg-i18n/config/config.default.js",
    "start": 1646189834842,
    "end": 1646189834842,
    "duration": 0,
    "pid": 7020,
    "index": 9
  },
  {
    "name": "Require(6) node_modules/egg-watcher/config/config.default.js",
    "start": 1646189834844,
    "end": 1646189834844,
    "duration": 0,
    "pid": 7020,
    "index": 10
  },
  {
    "name": "Require(7) node_modules/egg-schedule/config/config.default.js",
    "start": 1646189834845,
    "end": 1646189834845,
    "duration": 0,
    "pid": 7020,
    "index": 11
  },
  {
    "name": "Require(8) node_modules/egg-multipart/config/config.default.js",
    "start": 1646189834845,
    "end": 1646189834846,
    "duration": 1,
    "pid": 7020,
    "index": 12
  },
  {
    "name": "Require(9) node_modules/egg-development/config/config.default.js",
    "start": 1646189834846,
    "end": 1646189834846,
    "duration": 0,
    "pid": 7020,
    "index": 13
  },
  {
    "name": "Require(10) node_modules/egg-logrotator/config/config.default.js",
    "start": 1646189834847,
    "end": 1646189834847,
    "duration": 0,
    "pid": 7020,
    "index": 14
  },
  {
    "name": "Require(11) node_modules/egg-static/config/config.default.js",
    "start": 1646189834847,
    "end": 1646189834848,
    "duration": 1,
    "pid": 7020,
    "index": 15
  },
  {
    "name": "Require(12) node_modules/egg-view/config/config.default.js",
    "start": 1646189834848,
    "end": 1646189834848,
    "duration": 0,
    "pid": 7020,
    "index": 16
  },
  {
    "name": "Require(13) node_modules/egg-sequelize/config/config.default.js",
    "start": 1646189834849,
    "end": 1646189834849,
    "duration": 0,
    "pid": 7020,
    "index": 17
  },
  {
    "name": "Require(14) node_modules/egg-view-nunjucks/config/config.default.js",
    "start": 1646189834850,
    "end": 1646189834850,
    "duration": 0,
    "pid": 7020,
    "index": 18
  },
  {
    "name": "Require(15) node_modules/egg-cors/config/config.default.js",
    "start": 1646189834850,
    "end": 1646189834850,
    "duration": 0,
    "pid": 7020,
    "index": 19
  },
  {
    "name": "Require(16) node_modules/egg-jwt/config/config.default.js",
    "start": 1646189834851,
    "end": 1646189834851,
    "duration": 0,
    "pid": 7020,
    "index": 20
  },
  {
    "name": "Require(17) node_modules/egg-socket.io/config/config.default.js",
    "start": 1646189834851,
    "end": 1646189834851,
    "duration": 0,
    "pid": 7020,
    "index": 21
  },
  {
    "name": "Require(18) node_modules/egg-etag/config/config.default.js",
    "start": 1646189834852,
    "end": 1646189834852,
    "duration": 0,
    "pid": 7020,
    "index": 22
  },
  {
    "name": "Require(19) node_modules/egg/config/config.default.js",
    "start": 1646189834852,
    "end": 1646189834852,
    "duration": 0,
    "pid": 7020,
    "index": 23
  },
  {
    "name": "Require(20) config/config.default.js",
    "start": 1646189834853,
    "end": 1646189834853,
    "duration": 0,
    "pid": 7020,
    "index": 24
  },
  {
    "name": "Require(21) node_modules/egg-security/config/config.local.js",
    "start": 1646189834854,
    "end": 1646189834854,
    "duration": 0,
    "pid": 7020,
    "index": 25
  },
  {
    "name": "Require(22) node_modules/egg-watcher/config/config.local.js",
    "start": 1646189834854,
    "end": 1646189834855,
    "duration": 1,
    "pid": 7020,
    "index": 26
  },
  {
    "name": "Require(23) node_modules/egg-view/config/config.local.js",
    "start": 1646189834855,
    "end": 1646189834856,
    "duration": 1,
    "pid": 7020,
    "index": 27
  },
  {
    "name": "Require(24) node_modules/egg-view-nunjucks/config/config.local.js",
    "start": 1646189834856,
    "end": 1646189834856,
    "duration": 0,
    "pid": 7020,
    "index": 28
  },
  {
    "name": "Require(25) node_modules/egg/config/config.local.js",
    "start": 1646189834857,
    "end": 1646189834857,
    "duration": 0,
    "pid": 7020,
    "index": 29
  },
  {
    "name": "Load extend/application.js",
    "start": 1646189834858,
    "end": 1646189834947,
    "duration": 89,
    "pid": 7020,
    "index": 30
  },
  {
    "name": "Require(26) node_modules/egg-session/app/extend/application.js",
    "start": 1646189834858,
    "end": 1646189834859,
    "duration": 1,
    "pid": 7020,
    "index": 31
  },
  {
    "name": "Require(27) node_modules/egg-security/app/extend/application.js",
    "start": 1646189834859,
    "end": 1646189834860,
    "duration": 1,
    "pid": 7020,
    "index": 32
  },
  {
    "name": "Require(28) node_modules/egg-jsonp/app/extend/application.js",
    "start": 1646189834860,
    "end": 1646189834861,
    "duration": 1,
    "pid": 7020,
    "index": 33
  },
  {
    "name": "Require(29) node_modules/egg-logrotator/app/extend/application.js",
    "start": 1646189834862,
    "end": 1646189834864,
    "duration": 2,
    "pid": 7020,
    "index": 34
  },
  {
    "name": "Require(30) node_modules/egg-view/app/extend/application.js",
    "start": 1646189834864,
    "end": 1646189834865,
    "duration": 1,
    "pid": 7020,
    "index": 35
  },
  {
    "name": "Require(31) node_modules/egg-view-nunjucks/app/extend/application.js",
    "start": 1646189834866,
    "end": 1646189834884,
    "duration": 18,
    "pid": 7020,
    "index": 36
  },
  {
    "name": "Require(32) node_modules/egg-jwt/app/extend/application.js",
    "start": 1646189834885,
    "end": 1646189834911,
    "duration": 26,
    "pid": 7020,
    "index": 37
  },
  {
    "name": "Require(33) node_modules/egg-socket.io/app/extend/application.js",
    "start": 1646189834911,
    "end": 1646189834944,
    "duration": 33,
    "pid": 7020,
    "index": 38
  },
  {
    "name": "Load extend/request.js",
    "start": 1646189834947,
    "end": 1646189834954,
    "duration": 7,
    "pid": 7020,
    "index": 39
  },
  {
    "name": "Require(34) node_modules/egg/app/extend/request.js",
    "start": 1646189834950,
    "end": 1646189834951,
    "duration": 1,
    "pid": 7020,
    "index": 40
  },
  {
    "name": "Load extend/response.js",
    "start": 1646189834954,
    "end": 1646189834961,
    "duration": 7,
    "pid": 7020,
    "index": 41
  },
  {
    "name": "Require(35) node_modules/egg/app/extend/response.js",
    "start": 1646189834957,
    "end": 1646189834958,
    "duration": 1,
    "pid": 7020,
    "index": 42
  },
  {
    "name": "Load extend/context.js",
    "start": 1646189834961,
    "end": 1646189835010,
    "duration": 49,
    "pid": 7020,
    "index": 43
  },
  {
    "name": "Require(36) node_modules/egg-security/app/extend/context.js",
    "start": 1646189834961,
    "end": 1646189834968,
    "duration": 7,
    "pid": 7020,
    "index": 44
  },
  {
    "name": "Require(37) node_modules/egg-jsonp/app/extend/context.js",
    "start": 1646189834968,
    "end": 1646189834969,
    "duration": 1,
    "pid": 7020,
    "index": 45
  },
  {
    "name": "Require(38) node_modules/egg-i18n/app/extend/context.js",
    "start": 1646189834970,
    "end": 1646189834970,
    "duration": 0,
    "pid": 7020,
    "index": 46
  },
  {
    "name": "Require(39) node_modules/egg-multipart/app/extend/context.js",
    "start": 1646189834971,
    "end": 1646189835004,
    "duration": 33,
    "pid": 7020,
    "index": 47
  },
  {
    "name": "Require(40) node_modules/egg-view/app/extend/context.js",
    "start": 1646189835004,
    "end": 1646189835005,
    "duration": 1,
    "pid": 7020,
    "index": 48
  },
  {
    "name": "Require(41) node_modules/egg/app/extend/context.js",
    "start": 1646189835006,
    "end": 1646189835007,
    "duration": 1,
    "pid": 7020,
    "index": 49
  },
  {
    "name": "Load extend/helper.js",
    "start": 1646189835010,
    "end": 1646189835026,
    "duration": 16,
    "pid": 7020,
    "index": 50
  },
  {
    "name": "Require(42) node_modules/egg-security/app/extend/helper.js",
    "start": 1646189835010,
    "end": 1646189835020,
    "duration": 10,
    "pid": 7020,
    "index": 51
  },
  {
    "name": "Require(43) node_modules/egg/app/extend/helper.js",
    "start": 1646189835023,
    "end": 1646189835023,
    "duration": 0,
    "pid": 7020,
    "index": 52
  },
  {
    "name": "Require(44) app/extend/helper.js",
    "start": 1646189835023,
    "end": 1646189835023,
    "duration": 0,
    "pid": 7020,
    "index": 53
  },
  {
    "name": "Load app.js",
    "start": 1646189835026,
    "end": 1646189835079,
    "duration": 53,
    "pid": 7020,
    "index": 54
  },
  {
    "name": "Require(45) node_modules/egg-session/app.js",
    "start": 1646189835026,
    "end": 1646189835026,
    "duration": 0,
    "pid": 7020,
    "index": 55
  },
  {
    "name": "Require(46) node_modules/egg-security/app.js",
    "start": 1646189835027,
    "end": 1646189835028,
    "duration": 1,
    "pid": 7020,
    "index": 56
  },
  {
    "name": "Require(47) node_modules/egg-onerror/app.js",
    "start": 1646189835028,
    "end": 1646189835033,
    "duration": 5,
    "pid": 7020,
    "index": 57
  },
  {
    "name": "Require(48) node_modules/egg-i18n/app.js",
    "start": 1646189835033,
    "end": 1646189835044,
    "duration": 11,
    "pid": 7020,
    "index": 58
  },
  {
    "name": "Require(49) node_modules/egg-watcher/app.js",
    "start": 1646189835044,
    "end": 1646189835046,
    "duration": 2,
    "pid": 7020,
    "index": 59
  },
  {
    "name": "Require(50) node_modules/egg-schedule/app.js",
    "start": 1646189835046,
    "end": 1646189835047,
    "duration": 1,
    "pid": 7020,
    "index": 60
  },
  {
    "name": "Require(51) node_modules/egg-multipart/app.js",
    "start": 1646189835047,
    "end": 1646189835048,
    "duration": 1,
    "pid": 7020,
    "index": 61
  },
  {
    "name": "Require(52) node_modules/egg-development/app.js",
    "start": 1646189835048,
    "end": 1646189835048,
    "duration": 0,
    "pid": 7020,
    "index": 62
  },
  {
    "name": "Require(53) node_modules/egg-logrotator/app.js",
    "start": 1646189835048,
    "end": 1646189835049,
    "duration": 1,
    "pid": 7020,
    "index": 63
  },
  {
    "name": "Require(54) node_modules/egg-static/app.js",
    "start": 1646189835049,
    "end": 1646189835049,
    "duration": 0,
    "pid": 7020,
    "index": 64
  },
  {
    "name": "Require(55) node_modules/egg-sequelize/app.js",
    "start": 1646189835049,
    "end": 1646189835049,
    "duration": 0,
    "pid": 7020,
    "index": 65
  },
  {
    "name": "Require(56) node_modules/egg-view-nunjucks/app.js",
    "start": 1646189835050,
    "end": 1646189835050,
    "duration": 0,
    "pid": 7020,
    "index": 66
  },
  {
    "name": "Require(57) node_modules/egg-cors/app.js",
    "start": 1646189835050,
    "end": 1646189835050,
    "duration": 0,
    "pid": 7020,
    "index": 67
  },
  {
    "name": "Require(58) node_modules/egg-jwt/app.js",
    "start": 1646189835050,
    "end": 1646189835051,
    "duration": 1,
    "pid": 7020,
    "index": 68
  },
  {
    "name": "Require(59) node_modules/egg-socket.io/app.js",
    "start": 1646189835051,
    "end": 1646189835078,
    "duration": 27,
    "pid": 7020,
    "index": 69
  },
  {
    "name": "Require(60) node_modules/egg-etag/app.js",
    "start": 1646189835078,
    "end": 1646189835079,
    "duration": 1,
    "pid": 7020,
    "index": 70
  },
  {
    "name": "Require(61) app.js",
    "start": 1646189835079,
    "end": 1646189835079,
    "duration": 0,
    "pid": 7020,
    "index": 71
  },
  {
    "name": "Before Start in node_modules/egg-watcher/lib/init.js:15:14",
    "start": 1646189835084,
    "end": 1646189835458,
    "duration": 374,
    "pid": 7020,
    "index": 72
  },
  {
    "name": "Load \"Symbol(model)\" to Application",
    "start": 1646189835315,
    "end": 1646189835330,
    "duration": 15,
    "pid": 7020,
    "index": 73
  },
  {
    "name": "Before Start in node_modules/egg-sequelize/lib/loader.js:39:7",
    "start": 1646189835330,
    "end": 1646189835468,
    "duration": 138,
    "pid": 7020,
    "index": 74
  },
  {
    "name": "Load Controller",
    "start": 1646189835338,
    "end": 1646189835409,
    "duration": 71,
    "pid": 7020,
    "index": 75
  },
  {
    "name": "Load \"controller\" to Application",
    "start": 1646189835338,
    "end": 1646189835409,
    "duration": 71,
    "pid": 7020,
    "index": 76
  },
  {
    "name": "Before Start in node_modules/egg-socket.io/lib/io.js:26:7",
    "start": 1646189835343,
    "end": 1646189835444,
    "duration": 101,
    "pid": 7020,
    "index": 77
  },
  {
    "name": "Before Start in app.js:2:7",
    "start": 1646189835343,
    "end": 1646189835495,
    "duration": 152,
    "pid": 7020,
    "index": 78
  },
  {
    "name": "Load Service",
    "start": 1646189835343,
    "end": 1646189835352,
    "duration": 9,
    "pid": 7020,
    "index": 79
  },
  {
    "name": "Load \"service\" to Context",
    "start": 1646189835343,
    "end": 1646189835352,
    "duration": 9,
    "pid": 7020,
    "index": 80
  },
  {
    "name": "Load Middleware",
    "start": 1646189835352,
    "end": 1646189835409,
    "duration": 57,
    "pid": 7020,
    "index": 81
  },
  {
    "name": "Load \"middlewares\" to Application",
    "start": 1646189835352,
    "end": 1646189835402,
    "duration": 50,
    "pid": 7020,
    "index": 82
  },
  {
    "name": "Load Controller",
    "start": 1646189835409,
    "end": 1646189835416,
    "duration": 7,
    "pid": 7020,
    "index": 83
  },
  {
    "name": "Load \"controller\" to Application",
    "start": 1646189835409,
    "end": 1646189835416,
    "duration": 7,
    "pid": 7020,
    "index": 84
  },
  {
    "name": "Load Router",
    "start": 1646189835416,
    "end": 1646189835420,
    "duration": 4,
    "pid": 7020,
    "index": 85
  },
  {
    "name": "Require(62) app/router.js",
    "start": 1646189835416,
    "end": 1646189835417,
    "duration": 1,
    "pid": 7020,
    "index": 86
  },
  {
    "name": "Before Start in node_modules/egg-core/lib/egg.js:303:10",
    "start": 1646189835417,
    "end": 1646189835444,
    "duration": 27,
    "pid": 7020,
    "index": 87
  }
]