[
  {
    "name": "Process Start",
    "start": 1646189784035,
    "end": 1646189784719,
    "duration": 684,
    "pid": 1768,
    "index": 0
  },
  {
    "name": "Application Start",
    "start": 1646189784720,
    "end": 1646189785405,
    "duration": 685,
    "pid": 1768,
    "index": 1
  },
  {
    "name": "Load Plugin",
    "start": 1646189784722,
    "end": 1646189784744,
    "duration": 22,
    "pid": 1768,
    "index": 2
  },
  {
    "name": "Load Config",
    "start": 1646189784744,
    "end": 1646189784764,
    "duration": 20,
    "pid": 1768,
    "index": 3
  },
  {
    "name": "Require(0) config/config.default.js",
    "start": 1646189784745,
    "end": 1646189784745,
    "duration": 0,
    "pid": 1768,
    "index": 4
  },
  {
    "name": "Require(1) node_modules/egg-session/config/config.default.js",
    "start": 1646189784746,
    "end": 1646189784746,
    "duration": 0,
    "pid": 1768,
    "index": 5
  },
  {
    "name": "Require(2) node_modules/egg-security/config/config.default.js",
    "start": 1646189784747,
    "end": 1646189784747,
    "duration": 0,
    "pid": 1768,
    "index": 6
  },
  {
    "name": "Require(3) node_modules/egg-jsonp/config/config.default.js",
    "start": 1646189784748,
    "end": 1646189784748,
    "duration": 0,
    "pid": 1768,
    "index": 7
  },
  {
    "name": "Require(4) node_modules/egg-onerror/config/config.default.js",
    "start": 1646189784748,
    "end": 1646189784748,
    "duration": 0,
    "pid": 1768,
    "index": 8
  },
  {
    "name": "Require(5) node_modules/egg-i18n/config/config.default.js",
    "start": 1646189784749,
    "end": 1646189784749,
    "duration": 0,
    "pid": 1768,
    "index": 9
  },
  {
    "name": "Require(6) node_modules/egg-watcher/config/config.default.js",
    "start": 1646189784749,
    "end": 1646189784749,
    "duration": 0,
    "pid": 1768,
    "index": 10
  },
  {
    "name": "Require(7) node_modules/egg-schedule/config/config.default.js",
    "start": 1646189784751,
    "end": 1646189784752,
    "duration": 1,
    "pid": 1768,
    "index": 11
  },
  {
    "name": "Require(8) node_modules/egg-multipart/config/config.default.js",
    "start": 1646189784752,
    "end": 1646189784752,
    "duration": 0,
    "pid": 1768,
    "index": 12
  },
  {
    "name": "Require(9) node_modules/egg-development/config/config.default.js",
    "start": 1646189784753,
    "end": 1646189784753,
    "duration": 0,
    "pid": 1768,
    "index": 13
  },
  {
    "name": "Require(10) node_modules/egg-logrotator/config/config.default.js",
    "start": 1646189784753,
    "end": 1646189784753,
    "duration": 0,
    "pid": 1768,
    "index": 14
  },
  {
    "name": "Require(11) node_modules/egg-static/config/config.default.js",
    "start": 1646189784754,
    "end": 1646189784754,
    "duration": 0,
    "pid": 1768,
    "index": 15
  },
  {
    "name": "Require(12) node_modules/egg-view/config/config.default.js",
    "start": 1646189784754,
    "end": 1646189784755,
    "duration": 1,
    "pid": 1768,
    "index": 16
  },
  {
    "name": "Require(13) node_modules/egg-sequelize/config/config.default.js",
    "start": 1646189784755,
    "end": 1646189784755,
    "duration": 0,
    "pid": 1768,
    "index": 17
  },
  {
    "name": "Require(14) node_modules/egg-view-nunjucks/config/config.default.js",
    "start": 1646189784756,
    "end": 1646189784756,
    "duration": 0,
    "pid": 1768,
    "index": 18
  },
  {
    "name": "Require(15) node_modules/egg-cors/config/config.default.js",
    "start": 1646189784756,
    "end": 1646189784757,
    "duration": 1,
    "pid": 1768,
    "index": 19
  },
  {
    "name": "Require(16) node_modules/egg-jwt/config/config.default.js",
    "start": 1646189784757,
    "end": 1646189784757,
    "duration": 0,
    "pid": 1768,
    "index": 20
  },
  {
    "name": "Require(17) node_modules/egg-socket.io/config/config.default.js",
    "start": 1646189784758,
    "end": 1646189784758,
    "duration": 0,
    "pid": 1768,
    "index": 21
  },
  {
    "name": "Require(18) node_modules/egg-etag/config/config.default.js",
    "start": 1646189784758,
    "end": 1646189784759,
    "duration": 1,
    "pid": 1768,
    "index": 22
  },
  {
    "name": "Require(19) node_modules/egg/config/config.default.js",
    "start": 1646189784759,
    "end": 1646189784759,
    "duration": 0,
    "pid": 1768,
    "index": 23
  },
  {
    "name": "Require(20) config/config.default.js",
    "start": 1646189784760,
    "end": 1646189784760,
    "duration": 0,
    "pid": 1768,
    "index": 24
  },
  {
    "name": "Require(21) node_modules/egg-security/config/config.local.js",
    "start": 1646189784760,
    "end": 1646189784760,
    "duration": 0,
    "pid": 1768,
    "index": 25
  },
  {
    "name": "Require(22) node_modules/egg-watcher/config/config.local.js",
    "start": 1646189784761,
    "end": 1646189784761,
    "duration": 0,
    "pid": 1768,
    "index": 26
  },
  {
    "name": "Require(23) node_modules/egg-view/config/config.local.js",
    "start": 1646189784762,
    "end": 1646189784762,
    "duration": 0,
    "pid": 1768,
    "index": 27
  },
  {
    "name": "Require(24) node_modules/egg-view-nunjucks/config/config.local.js",
    "start": 1646189784763,
    "end": 1646189784763,
    "duration": 0,
    "pid": 1768,
    "index": 28
  },
  {
    "name": "Require(25) node_modules/egg/config/config.local.js",
    "start": 1646189784764,
    "end": 1646189784764,
    "duration": 0,
    "pid": 1768,
    "index": 29
  },
  {
    "name": "Load extend/application.js",
    "start": 1646189784765,
    "end": 1646189784848,
    "duration": 83,
    "pid": 1768,
    "index": 30
  },
  {
    "name": "Require(26) node_modules/egg-session/app/extend/application.js",
    "start": 1646189784765,
    "end": 1646189784765,
    "duration": 0,
    "pid": 1768,
    "index": 31
  },
  {
    "name": "Require(27) node_modules/egg-security/app/extend/application.js",
    "start": 1646189784766,
    "end": 1646189784766,
    "duration": 0,
    "pid": 1768,
    "index": 32
  },
  {
    "name": "Require(28) node_modules/egg-jsonp/app/extend/application.js",
    "start": 1646189784767,
    "end": 1646189784768,
    "duration": 1,
    "pid": 1768,
    "index": 33
  },
  {
    "name": "Require(29) node_modules/egg-logrotator/app/extend/application.js",
    "start": 1646189784769,
    "end": 1646189784770,
    "duration": 1,
    "pid": 1768,
    "index": 34
  },
  {
    "name": "Require(30) node_modules/egg-view/app/extend/application.js",
    "start": 1646189784771,
    "end": 1646189784772,
    "duration": 1,
    "pid": 1768,
    "index": 35
  },
  {
    "name": "Require(31) node_modules/egg-view-nunjucks/app/extend/application.js",
    "start": 1646189784772,
    "end": 1646189784788,
    "duration": 16,
    "pid": 1768,
    "index": 36
  },
  {
    "name": "Require(32) node_modules/egg-jwt/app/extend/application.js",
    "start": 1646189784789,
    "end": 1646189784813,
    "duration": 24,
    "pid": 1768,
    "index": 37
  },
  {
    "name": "Require(33) node_modules/egg-socket.io/app/extend/application.js",
    "start": 1646189784814,
    "end": 1646189784844,
    "duration": 30,
    "pid": 1768,
    "index": 38
  },
  {
    "name": "Load extend/request.js",
    "start": 1646189784848,
    "end": 1646189784855,
    "duration": 7,
    "pid": 1768,
    "index": 39
  },
  {
    "name": "Require(34) node_modules/egg/app/extend/request.js",
    "start": 1646189784851,
    "end": 1646189784852,
    "duration": 1,
    "pid": 1768,
    "index": 40
  },
  {
    "name": "Load extend/response.js",
    "start": 1646189784855,
    "end": 1646189784861,
    "duration": 6,
    "pid": 1768,
    "index": 41
  },
  {
    "name": "Require(35) node_modules/egg/app/extend/response.js",
    "start": 1646189784857,
    "end": 1646189784858,
    "duration": 1,
    "pid": 1768,
    "index": 42
  },
  {
    "name": "Load extend/context.js",
    "start": 1646189784861,
    "end": 1646189784906,
    "duration": 45,
    "pid": 1768,
    "index": 43
  },
  {
    "name": "Require(36) node_modules/egg-security/app/extend/context.js",
    "start": 1646189784861,
    "end": 1646189784867,
    "duration": 6,
    "pid": 1768,
    "index": 44
  },
  {
    "name": "Require(37) node_modules/egg-jsonp/app/extend/context.js",
    "start": 1646189784867,
    "end": 1646189784868,
    "duration": 1,
    "pid": 1768,
    "index": 45
  },
  {
    "name": "Require(38) node_modules/egg-i18n/app/extend/context.js",
    "start": 1646189784869,
    "end": 1646189784869,
    "duration": 0,
    "pid": 1768,
    "index": 46
  },
  {
    "name": "Require(39) node_modules/egg-multipart/app/extend/context.js",
    "start": 1646189784869,
    "end": 1646189784900,
    "duration": 31,
    "pid": 1768,
    "index": 47
  },
  {
    "name": "Require(40) node_modules/egg-view/app/extend/context.js",
    "start": 1646189784901,
    "end": 1646189784901,
    "duration": 0,
    "pid": 1768,
    "index": 48
  },
  {
    "name": "Require(41) node_modules/egg/app/extend/context.js",
    "start": 1646189784902,
    "end": 1646189784903,
    "duration": 1,
    "pid": 1768,
    "index": 49
  },
  {
    "name": "Load extend/helper.js",
    "start": 1646189784906,
    "end": 1646189784922,
    "duration": 16,
    "pid": 1768,
    "index": 50
  },
  {
    "name": "Require(42) node_modules/egg-security/app/extend/helper.js",
    "start": 1646189784906,
    "end": 1646189784917,
    "duration": 11,
    "pid": 1768,
    "index": 51
  },
  {
    "name": "Require(43) node_modules/egg/app/extend/helper.js",
    "start": 1646189784919,
    "end": 1646189784919,
    "duration": 0,
    "pid": 1768,
    "index": 52
  },
  {
    "name": "Require(44) app/extend/helper.js",
    "start": 1646189784919,
    "end": 1646189784920,
    "duration": 1,
    "pid": 1768,
    "index": 53
  },
  {
    "name": "Load app.js",
    "start": 1646189784922,
    "end": 1646189784976,
    "duration": 54,
    "pid": 1768,
    "index": 54
  },
  {
    "name": "Require(45) node_modules/egg-session/app.js",
    "start": 1646189784923,
    "end": 1646189784923,
    "duration": 0,
    "pid": 1768,
    "index": 55
  },
  {
    "name": "Require(46) node_modules/egg-security/app.js",
    "start": 1646189784923,
    "end": 1646189784924,
    "duration": 1,
    "pid": 1768,
    "index": 56
  },
  {
    "name": "Require(47) node_modules/egg-onerror/app.js",
    "start": 1646189784925,
    "end": 1646189784929,
    "duration": 4,
    "pid": 1768,
    "index": 57
  },
  {
    "name": "Require(48) node_modules/egg-i18n/app.js",
    "start": 1646189784930,
    "end": 1646189784939,
    "duration": 9,
    "pid": 1768,
    "index": 58
  },
  {
    "name": "Require(49) node_modules/egg-watcher/app.js",
    "start": 1646189784939,
    "end": 1646189784941,
    "duration": 2,
    "pid": 1768,
    "index": 59
  },
  {
    "name": "Require(50) node_modules/egg-schedule/app.js",
    "start": 1646189784941,
    "end": 1646189784942,
    "duration": 1,
    "pid": 1768,
    "index": 60
  },
  {
    "name": "Require(51) node_modules/egg-multipart/app.js",
    "start": 1646189784942,
    "end": 1646189784943,
    "duration": 1,
    "pid": 1768,
    "index": 61
  },
  {
    "name": "Require(52) node_modules/egg-development/app.js",
    "start": 1646189784943,
    "end": 1646189784943,
    "duration": 0,
    "pid": 1768,
    "index": 62
  },
  {
    "name": "Require(53) node_modules/egg-logrotator/app.js",
    "start": 1646189784943,
    "end": 1646189784944,
    "duration": 1,
    "pid": 1768,
    "index": 63
  },
  {
    "name": "Require(54) node_modules/egg-static/app.js",
    "start": 1646189784944,
    "end": 1646189784944,
    "duration": 0,
    "pid": 1768,
    "index": 64
  },
  {
    "name": "Require(55) node_modules/egg-sequelize/app.js",
    "start": 1646189784944,
    "end": 1646189784945,
    "duration": 1,
    "pid": 1768,
    "index": 65
  },
  {
    "name": "Require(56) node_modules/egg-view-nunjucks/app.js",
    "start": 1646189784945,
    "end": 1646189784945,
    "duration": 0,
    "pid": 1768,
    "index": 66
  },
  {
    "name": "Require(57) node_modules/egg-cors/app.js",
    "start": 1646189784945,
    "end": 1646189784946,
    "duration": 1,
    "pid": 1768,
    "index": 67
  },
  {
    "name": "Require(58) node_modules/egg-jwt/app.js",
    "start": 1646189784946,
    "end": 1646189784946,
    "duration": 0,
    "pid": 1768,
    "index": 68
  },
  {
    "name": "Require(59) node_modules/egg-socket.io/app.js",
    "start": 1646189784946,
    "end": 1646189784975,
    "duration": 29,
    "pid": 1768,
    "index": 69
  },
  {
    "name": "Require(60) node_modules/egg-etag/app.js",
    "start": 1646189784975,
    "end": 1646189784975,
    "duration": 0,
    "pid": 1768,
    "index": 70
  },
  {
    "name": "Require(61) app.js",
    "start": 1646189784976,
    "end": 1646189784976,
    "duration": 0,
    "pid": 1768,
    "index": 71
  },
  {
    "name": "Before Start in node_modules/egg-watcher/lib/init.js:15:14",
    "start": 1646189784981,
    "end": 1646189785376,
    "duration": 395,
    "pid": 1768,
    "index": 72
  },
  {
    "name": "Load \"Symbol(model)\" to Application",
    "start": 1646189785225,
    "end": 1646189785239,
    "duration": 14,
    "pid": 1768,
    "index": 73
  },
  {
    "name": "Before Start in node_modules/egg-sequelize/lib/loader.js:39:7",
    "start": 1646189785239,
    "end": 1646189785385,
    "duration": 146,
    "pid": 1768,
    "index": 74
  },
  {
    "name": "Load Controller",
    "start": 1646189785249,
    "end": 1646189785325,
    "duration": 76,
    "pid": 1768,
    "index": 75
  },
  {
    "name": "Load \"controller\" to Application",
    "start": 1646189785249,
    "end": 1646189785325,
    "duration": 76,
    "pid": 1768,
    "index": 76
  },
  {
    "name": "Before Start in node_modules/egg-socket.io/lib/io.js:26:7",
    "start": 1646189785254,
    "end": 1646189785360,
    "duration": 106,
    "pid": 1768,
    "index": 77
  },
  {
    "name": "Before Start in app.js:2:7",
    "start": 1646189785254,
    "end": 1646189785405,
    "duration": 151,
    "pid": 1768,
    "index": 78
  },
  {
    "name": "Load Service",
    "start": 1646189785254,
    "end": 1646189785263,
    "duration": 9,
    "pid": 1768,
    "index": 79
  },
  {
    "name": "Load \"service\" to Context",
    "start": 1646189785254,
    "end": 1646189785263,
    "duration": 9,
    "pid": 1768,
    "index": 80
  },
  {
    "name": "Load Middleware",
    "start": 1646189785263,
    "end": 1646189785325,
    "duration": 62,
    "pid": 1768,
    "index": 81
  },
  {
    "name": "Load \"middlewares\" to Application",
    "start": 1646189785263,
    "end": 1646189785317,
    "duration": 54,
    "pid": 1768,
    "index": 82
  },
  {
    "name": "Load Controller",
    "start": 1646189785325,
    "end": 1646189785332,
    "duration": 7,
    "pid": 1768,
    "index": 83
  },
  {
    "name": "Load \"controller\" to Application",
    "start": 1646189785325,
    "end": 1646189785332,
    "duration": 7,
    "pid": 1768,
    "index": 84
  },
  {
    "name": "Load Router",
    "start": 1646189785332,
    "end": 1646189785337,
    "duration": 5,
    "pid": 1768,
    "index": 85
  },
  {
    "name": "Require(62) app/router.js",
    "start": 1646189785333,
    "end": 1646189785333,
    "duration": 0,
    "pid": 1768,
    "index": 86
  },
  {
    "name": "Before Start in node_modules/egg-core/lib/egg.js:303:10",
    "start": 1646189785333,
    "end": 1646189785360,
    "duration": 27,
    "pid": 1768,
    "index": 87
  }
]