[
  {
    "name": "Process Start",
    "start": 1646189781527,
    "end": 1646189782220,
    "duration": 693,
    "pid": 13944,
    "index": 0
  },
  {
    "name": "Application Start",
    "start": 1646189782221,
    "end": 1646189782900,
    "duration": 679,
    "pid": 13944,
    "index": 1
  },
  {
    "name": "Load Plugin",
    "start": 1646189782223,
    "end": 1646189782243,
    "duration": 20,
    "pid": 13944,
    "index": 2
  },
  {
    "name": "Load Config",
    "start": 1646189782243,
    "end": 1646189782263,
    "duration": 20,
    "pid": 13944,
    "index": 3
  },
  {
    "name": "Require(0) config/config.default.js",
    "start": 1646189782243,
    "end": 1646189782243,
    "duration": 0,
    "pid": 13944,
    "index": 4
  },
  {
    "name": "Require(1) node_modules/egg-session/config/config.default.js",
    "start": 1646189782245,
    "end": 1646189782245,
    "duration": 0,
    "pid": 13944,
    "index": 5
  },
  {
    "name": "Require(2) node_modules/egg-security/config/config.default.js",
    "start": 1646189782245,
    "end": 1646189782245,
    "duration": 0,
    "pid": 13944,
    "index": 6
  },
  {
    "name": "Require(3) node_modules/egg-jsonp/config/config.default.js",
    "start": 1646189782246,
    "end": 1646189782246,
    "duration": 0,
    "pid": 13944,
    "index": 7
  },
  {
    "name": "Require(4) node_modules/egg-onerror/config/config.default.js",
    "start": 1646189782247,
    "end": 1646189782247,
    "duration": 0,
    "pid": 13944,
    "index": 8
  },
  {
    "name": "Require(5) node_modules/egg-i18n/config/config.default.js",
    "start": 1646189782247,
    "end": 1646189782247,
    "duration": 0,
    "pid": 13944,
    "index": 9
  },
  {
    "name": "Require(6) node_modules/egg-watcher/config/config.default.js",
    "start": 1646189782249,
    "end": 1646189782249,
    "duration": 0,
    "pid": 13944,
    "index": 10
  },
  {
    "name": "Require(7) node_modules/egg-schedule/config/config.default.js",
    "start": 1646189782250,
    "end": 1646189782250,
    "duration": 0,
    "pid": 13944,
    "index": 11
  },
  {
    "name": "Require(8) node_modules/egg-multipart/config/config.default.js",
    "start": 1646189782251,
    "end": 1646189782251,
    "duration": 0,
    "pid": 13944,
    "index": 12
  },
  {
    "name": "Require(9) node_modules/egg-development/config/config.default.js",
    "start": 1646189782252,
    "end": 1646189782252,
    "duration": 0,
    "pid": 13944,
    "index": 13
  },
  {
    "name": "Require(10) node_modules/egg-logrotator/config/config.default.js",
    "start": 1646189782252,
    "end": 1646189782253,
    "duration": 1,
    "pid": 13944,
    "index": 14
  },
  {
    "name": "Require(11) node_modules/egg-static/config/config.default.js",
    "start": 1646189782253,
    "end": 1646189782253,
    "duration": 0,
    "pid": 13944,
    "index": 15
  },
  {
    "name": "Require(12) node_modules/egg-view/config/config.default.js",
    "start": 1646189782254,
    "end": 1646189782254,
    "duration": 0,
    "pid": 13944,
    "index": 16
  },
  {
    "name": "Require(13) node_modules/egg-sequelize/config/config.default.js",
    "start": 1646189782254,
    "end": 1646189782254,
    "duration": 0,
    "pid": 13944,
    "index": 17
  },
  {
    "name": "Require(14) node_modules/egg-view-nunjucks/config/config.default.js",
    "start": 1646189782255,
    "end": 1646189782255,
    "duration": 0,
    "pid": 13944,
    "index": 18
  },
  {
    "name": "Require(15) node_modules/egg-cors/config/config.default.js",
    "start": 1646189782256,
    "end": 1646189782256,
    "duration": 0,
    "pid": 13944,
    "index": 19
  },
  {
    "name": "Require(16) node_modules/egg-jwt/config/config.default.js",
    "start": 1646189782256,
    "end": 1646189782257,
    "duration": 1,
    "pid": 13944,
    "index": 20
  },
  {
    "name": "Require(17) node_modules/egg-socket.io/config/config.default.js",
    "start": 1646189782257,
    "end": 1646189782257,
    "duration": 0,
    "pid": 13944,
    "index": 21
  },
  {
    "name": "Require(18) node_modules/egg-etag/config/config.default.js",
    "start": 1646189782257,
    "end": 1646189782258,
    "duration": 1,
    "pid": 13944,
    "index": 22
  },
  {
    "name": "Require(19) node_modules/egg/config/config.default.js",
    "start": 1646189782258,
    "end": 1646189782258,
    "duration": 0,
    "pid": 13944,
    "index": 23
  },
  {
    "name": "Require(20) config/config.default.js",
    "start": 1646189782259,
    "end": 1646189782259,
    "duration": 0,
    "pid": 13944,
    "index": 24
  },
  {
    "name": "Require(21) node_modules/egg-security/config/config.local.js",
    "start": 1646189782259,
    "end": 1646189782260,
    "duration": 1,
    "pid": 13944,
    "index": 25
  },
  {
    "name": "Require(22) node_modules/egg-watcher/config/config.local.js",
    "start": 1646189782260,
    "end": 1646189782260,
    "duration": 0,
    "pid": 13944,
    "index": 26
  },
  {
    "name": "Require(23) node_modules/egg-view/config/config.local.js",
    "start": 1646189782261,
    "end": 1646189782261,
    "duration": 0,
    "pid": 13944,
    "index": 27
  },
  {
    "name": "Require(24) node_modules/egg-view-nunjucks/config/config.local.js",
    "start": 1646189782262,
    "end": 1646189782262,
    "duration": 0,
    "pid": 13944,
    "index": 28
  },
  {
    "name": "Require(25) node_modules/egg/config/config.local.js",
    "start": 1646189782263,
    "end": 1646189782263,
    "duration": 0,
    "pid": 13944,
    "index": 29
  },
  {
    "name": "Load extend/application.js",
    "start": 1646189782264,
    "end": 1646189782347,
    "duration": 83,
    "pid": 13944,
    "index": 30
  },
  {
    "name": "Require(26) node_modules/egg-session/app/extend/application.js",
    "start": 1646189782264,
    "end": 1646189782264,
    "duration": 0,
    "pid": 13944,
    "index": 31
  },
  {
    "name": "Require(27) node_modules/egg-security/app/extend/application.js",
    "start": 1646189782265,
    "end": 1646189782265,
    "duration": 0,
    "pid": 13944,
    "index": 32
  },
  {
    "name": "Require(28) node_modules/egg-jsonp/app/extend/application.js",
    "start": 1646189782266,
    "end": 1646189782267,
    "duration": 1,
    "pid": 13944,
    "index": 33
  },
  {
    "name": "Require(29) node_modules/egg-logrotator/app/extend/application.js",
    "start": 1646189782268,
    "end": 1646189782270,
    "duration": 2,
    "pid": 13944,
    "index": 34
  },
  {
    "name": "Require(30) node_modules/egg-view/app/extend/application.js",
    "start": 1646189782270,
    "end": 1646189782271,
    "duration": 1,
    "pid": 13944,
    "index": 35
  },
  {
    "name": "Require(31) node_modules/egg-view-nunjucks/app/extend/application.js",
    "start": 1646189782272,
    "end": 1646189782288,
    "duration": 16,
    "pid": 13944,
    "index": 36
  },
  {
    "name": "Require(32) node_modules/egg-jwt/app/extend/application.js",
    "start": 1646189782288,
    "end": 1646189782313,
    "duration": 25,
    "pid": 13944,
    "index": 37
  },
  {
    "name": "Require(33) node_modules/egg-socket.io/app/extend/application.js",
    "start": 1646189782313,
    "end": 1646189782344,
    "duration": 31,
    "pid": 13944,
    "index": 38
  },
  {
    "name": "Load extend/request.js",
    "start": 1646189782347,
    "end": 1646189782354,
    "duration": 7,
    "pid": 13944,
    "index": 39
  },
  {
    "name": "Require(34) node_modules/egg/app/extend/request.js",
    "start": 1646189782350,
    "end": 1646189782351,
    "duration": 1,
    "pid": 13944,
    "index": 40
  },
  {
    "name": "Load extend/response.js",
    "start": 1646189782354,
    "end": 1646189782360,
    "duration": 6,
    "pid": 13944,
    "index": 41
  },
  {
    "name": "Require(35) node_modules/egg/app/extend/response.js",
    "start": 1646189782356,
    "end": 1646189782357,
    "duration": 1,
    "pid": 13944,
    "index": 42
  },
  {
    "name": "Load extend/context.js",
    "start": 1646189782360,
    "end": 1646189782406,
    "duration": 46,
    "pid": 13944,
    "index": 43
  },
  {
    "name": "Require(36) node_modules/egg-security/app/extend/context.js",
    "start": 1646189782360,
    "end": 1646189782366,
    "duration": 6,
    "pid": 13944,
    "index": 44
  },
  {
    "name": "Require(37) node_modules/egg-jsonp/app/extend/context.js",
    "start": 1646189782366,
    "end": 1646189782367,
    "duration": 1,
    "pid": 13944,
    "index": 45
  },
  {
    "name": "Require(38) node_modules/egg-i18n/app/extend/context.js",
    "start": 1646189782368,
    "end": 1646189782368,
    "duration": 0,
    "pid": 13944,
    "index": 46
  },
  {
    "name": "Require(39) node_modules/egg-multipart/app/extend/context.js",
    "start": 1646189782369,
    "end": 1646189782400,
    "duration": 31,
    "pid": 13944,
    "index": 47
  },
  {
    "name": "Require(40) node_modules/egg-view/app/extend/context.js",
    "start": 1646189782401,
    "end": 1646189782401,
    "duration": 0,
    "pid": 13944,
    "index": 48
  },
  {
    "name": "Require(41) node_modules/egg/app/extend/context.js",
    "start": 1646189782403,
    "end": 1646189782403,
    "duration": 0,
    "pid": 13944,
    "index": 49
  },
  {
    "name": "Load extend/helper.js",
    "start": 1646189782406,
    "end": 1646189782422,
    "duration": 16,
    "pid": 13944,
    "index": 50
  },
  {
    "name": "Require(42) node_modules/egg-security/app/extend/helper.js",
    "start": 1646189782407,
    "end": 1646189782417,
    "duration": 10,
    "pid": 13944,
    "index": 51
  },
  {
    "name": "Require(43) node_modules/egg/app/extend/helper.js",
    "start": 1646189782419,
    "end": 1646189782419,
    "duration": 0,
    "pid": 13944,
    "index": 52
  },
  {
    "name": "Require(44) app/extend/helper.js",
    "start": 1646189782419,
    "end": 1646189782420,
    "duration": 1,
    "pid": 13944,
    "index": 53
  },
  {
    "name": "Load app.js",
    "start": 1646189782422,
    "end": 1646189782473,
    "duration": 51,
    "pid": 13944,
    "index": 54
  },
  {
    "name": "Require(45) node_modules/egg-session/app.js",
    "start": 1646189782422,
    "end": 1646189782422,
    "duration": 0,
    "pid": 13944,
    "index": 55
  },
  {
    "name": "Require(46) node_modules/egg-security/app.js",
    "start": 1646189782423,
    "end": 1646189782424,
    "duration": 1,
    "pid": 13944,
    "index": 56
  },
  {
    "name": "Require(47) node_modules/egg-onerror/app.js",
    "start": 1646189782424,
    "end": 1646189782428,
    "duration": 4,
    "pid": 13944,
    "index": 57
  },
  {
    "name": "Require(48) node_modules/egg-i18n/app.js",
    "start": 1646189782428,
    "end": 1646189782438,
    "duration": 10,
    "pid": 13944,
    "index": 58
  },
  {
    "name": "Require(49) node_modules/egg-watcher/app.js",
    "start": 1646189782439,
    "end": 1646189782441,
    "duration": 2,
    "pid": 13944,
    "index": 59
  },
  {
    "name": "Require(50) node_modules/egg-schedule/app.js",
    "start": 1646189782441,
    "end": 1646189782442,
    "duration": 1,
    "pid": 13944,
    "index": 60
  },
  {
    "name": "Require(51) node_modules/egg-multipart/app.js",
    "start": 1646189782442,
    "end": 1646189782442,
    "duration": 0,
    "pid": 13944,
    "index": 61
  },
  {
    "name": "Require(52) node_modules/egg-development/app.js",
    "start": 1646189782443,
    "end": 1646189782443,
    "duration": 0,
    "pid": 13944,
    "index": 62
  },
  {
    "name": "Require(53) node_modules/egg-logrotator/app.js",
    "start": 1646189782443,
    "end": 1646189782443,
    "duration": 0,
    "pid": 13944,
    "index": 63
  },
  {
    "name": "Require(54) node_modules/egg-static/app.js",
    "start": 1646189782443,
    "end": 1646189782443,
    "duration": 0,
    "pid": 13944,
    "index": 64
  },
  {
    "name": "Require(55) node_modules/egg-sequelize/app.js",
    "start": 1646189782444,
    "end": 1646189782444,
    "duration": 0,
    "pid": 13944,
    "index": 65
  },
  {
    "name": "Require(56) node_modules/egg-view-nunjucks/app.js",
    "start": 1646189782444,
    "end": 1646189782444,
    "duration": 0,
    "pid": 13944,
    "index": 66
  },
  {
    "name": "Require(57) node_modules/egg-cors/app.js",
    "start": 1646189782445,
    "end": 1646189782445,
    "duration": 0,
    "pid": 13944,
    "index": 67
  },
  {
    "name": "Require(58) node_modules/egg-jwt/app.js",
    "start": 1646189782445,
    "end": 1646189782445,
    "duration": 0,
    "pid": 13944,
    "index": 68
  },
  {
    "name": "Require(59) node_modules/egg-socket.io/app.js",
    "start": 1646189782445,
    "end": 1646189782472,
    "duration": 27,
    "pid": 13944,
    "index": 69
  },
  {
    "name": "Require(60) node_modules/egg-etag/app.js",
    "start": 1646189782472,
    "end": 1646189782473,
    "duration": 1,
    "pid": 13944,
    "index": 70
  },
  {
    "name": "Require(61) app.js",
    "start": 1646189782473,
    "end": 1646189782473,
    "duration": 0,
    "pid": 13944,
    "index": 71
  },
  {
    "name": "Before Start in node_modules/egg-watcher/lib/init.js:15:14",
    "start": 1646189782480,
    "end": 1646189782865,
    "duration": 385,
    "pid": 13944,
    "index": 72
  },
  {
    "name": "Load \"Symbol(model)\" to Application",
    "start": 1646189782713,
    "end": 1646189782727,
    "duration": 14,
    "pid": 13944,
    "index": 73
  },
  {
    "name": "Before Start in node_modules/egg-sequelize/lib/loader.js:39:7",
    "start": 1646189782727,
    "end": 1646189782875,
    "duration": 148,
    "pid": 13944,
    "index": 74
  },
  {
    "name": "Load Controller",
    "start": 1646189782736,
    "end": 1646189782813,
    "duration": 77,
    "pid": 13944,
    "index": 75
  },
  {
    "name": "Load \"controller\" to Application",
    "start": 1646189782736,
    "end": 1646189782813,
    "duration": 77,
    "pid": 13944,
    "index": 76
  },
  {
    "name": "Before Start in node_modules/egg-socket.io/lib/io.js:26:7",
    "start": 1646189782741,
    "end": 1646189782849,
    "duration": 108,
    "pid": 13944,
    "index": 77
  },
  {
    "name": "Before Start in app.js:2:7",
    "start": 1646189782741,
    "end": 1646189782899,
    "duration": 158,
    "pid": 13944,
    "index": 78
  },
  {
    "name": "Load Service",
    "start": 1646189782741,
    "end": 1646189782749,
    "duration": 8,
    "pid": 13944,
    "index": 79
  },
  {
    "name": "Load \"service\" to Context",
    "start": 1646189782741,
    "end": 1646189782749,
    "duration": 8,
    "pid": 13944,
    "index": 80
  },
  {
    "name": "Load Middleware",
    "start": 1646189782749,
    "end": 1646189782813,
    "duration": 64,
    "pid": 13944,
    "index": 81
  },
  {
    "name": "Load \"middlewares\" to Application",
    "start": 1646189782749,
    "end": 1646189782805,
    "duration": 56,
    "pid": 13944,
    "index": 82
  },
  {
    "name": "Load Controller",
    "start": 1646189782813,
    "end": 1646189782822,
    "duration": 9,
    "pid": 13944,
    "index": 83
  },
  {
    "name": "Load \"controller\" to Application",
    "start": 1646189782813,
    "end": 1646189782822,
    "duration": 9,
    "pid": 13944,
    "index": 84
  },
  {
    "name": "Load Router",
    "start": 1646189782822,
    "end": 1646189782825,
    "duration": 3,
    "pid": 13944,
    "index": 85
  },
  {
    "name": "Require(62) app/router.js",
    "start": 1646189782822,
    "end": 1646189782822,
    "duration": 0,
    "pid": 13944,
    "index": 86
  },
  {
    "name": "Before Start in node_modules/egg-core/lib/egg.js:303:10",
    "start": 1646189782822,
    "end": 1646189782849,
    "duration": 27,
    "pid": 13944,
    "index": 87
  }
]