[
  {
    "name": "Process Start",
    "start": 1646182102813,
    "end": 1646182103552,
    "duration": 739,
    "pid": 1332,
    "index": 0
  },
  {
    "name": "Application Start",
    "start": 1646182103553,
    "end": 1646182104297,
    "duration": 744,
    "pid": 1332,
    "index": 1
  },
  {
    "name": "Load Plugin",
    "start": 1646182103555,
    "end": 1646182103573,
    "duration": 18,
    "pid": 1332,
    "index": 2
  },
  {
    "name": "Load Config",
    "start": 1646182103573,
    "end": 1646182103596,
    "duration": 23,
    "pid": 1332,
    "index": 3
  },
  {
    "name": "Require(0) config/config.default.js",
    "start": 1646182103574,
    "end": 1646182103574,
    "duration": 0,
    "pid": 1332,
    "index": 4
  },
  {
    "name": "Require(1) node_modules/egg-session/config/config.default.js",
    "start": 1646182103575,
    "end": 1646182103576,
    "duration": 1,
    "pid": 1332,
    "index": 5
  },
  {
    "name": "Require(2) node_modules/egg-security/config/config.default.js",
    "start": 1646182103576,
    "end": 1646182103576,
    "duration": 0,
    "pid": 1332,
    "index": 6
  },
  {
    "name": "Require(3) node_modules/egg-jsonp/config/config.default.js",
    "start": 1646182103578,
    "end": 1646182103578,
    "duration": 0,
    "pid": 1332,
    "index": 7
  },
  {
    "name": "Require(4) node_modules/egg-onerror/config/config.default.js",
    "start": 1646182103578,
    "end": 1646182103580,
    "duration": 2,
    "pid": 1332,
    "index": 8
  },
  {
    "name": "Require(5) node_modules/egg-i18n/config/config.default.js",
    "start": 1646182103581,
    "end": 1646182103581,
    "duration": 0,
    "pid": 1332,
    "index": 9
  },
  {
    "name": "Require(6) node_modules/egg-watcher/config/config.default.js",
    "start": 1646182103581,
    "end": 1646182103582,
    "duration": 1,
    "pid": 1332,
    "index": 10
  },
  {
    "name": "Require(7) node_modules/egg-schedule/config/config.default.js",
    "start": 1646182103582,
    "end": 1646182103582,
    "duration": 0,
    "pid": 1332,
    "index": 11
  },
  {
    "name": "Require(8) node_modules/egg-multipart/config/config.default.js",
    "start": 1646182103583,
    "end": 1646182103583,
    "duration": 0,
    "pid": 1332,
    "index": 12
  },
  {
    "name": "Require(9) node_modules/egg-development/config/config.default.js",
    "start": 1646182103583,
    "end": 1646182103584,
    "duration": 1,
    "pid": 1332,
    "index": 13
  },
  {
    "name": "Require(10) node_modules/egg-logrotator/config/config.default.js",
    "start": 1646182103584,
    "end": 1646182103584,
    "duration": 0,
    "pid": 1332,
    "index": 14
  },
  {
    "name": "Require(11) node_modules/egg-static/config/config.default.js",
    "start": 1646182103585,
    "end": 1646182103585,
    "duration": 0,
    "pid": 1332,
    "index": 15
  },
  {
    "name": "Require(12) node_modules/egg-view/config/config.default.js",
    "start": 1646182103585,
    "end": 1646182103586,
    "duration": 1,
    "pid": 1332,
    "index": 16
  },
  {
    "name": "Require(13) node_modules/egg-sequelize/config/config.default.js",
    "start": 1646182103586,
    "end": 1646182103586,
    "duration": 0,
    "pid": 1332,
    "index": 17
  },
  {
    "name": "Require(14) node_modules/egg-view-nunjucks/config/config.default.js",
    "start": 1646182103587,
    "end": 1646182103587,
    "duration": 0,
    "pid": 1332,
    "index": 18
  },
  {
    "name": "Require(15) node_modules/egg-cors/config/config.default.js",
    "start": 1646182103587,
    "end": 1646182103587,
    "duration": 0,
    "pid": 1332,
    "index": 19
  },
  {
    "name": "Require(16) node_modules/egg-jwt/config/config.default.js",
    "start": 1646182103588,
    "end": 1646182103588,
    "duration": 0,
    "pid": 1332,
    "index": 20
  },
  {
    "name": "Require(17) node_modules/egg-socket.io/config/config.default.js",
    "start": 1646182103588,
    "end": 1646182103589,
    "duration": 1,
    "pid": 1332,
    "index": 21
  },
  {
    "name": "Require(18) node_modules/egg-etag/config/config.default.js",
    "start": 1646182103589,
    "end": 1646182103589,
    "duration": 0,
    "pid": 1332,
    "index": 22
  },
  {
    "name": "Require(19) node_modules/egg/config/config.default.js",
    "start": 1646182103589,
    "end": 1646182103590,
    "duration": 1,
    "pid": 1332,
    "index": 23
  },
  {
    "name": "Require(20) config/config.default.js",
    "start": 1646182103590,
    "end": 1646182103590,
    "duration": 0,
    "pid": 1332,
    "index": 24
  },
  {
    "name": "Require(21) node_modules/egg-security/config/config.local.js",
    "start": 1646182103591,
    "end": 1646182103591,
    "duration": 0,
    "pid": 1332,
    "index": 25
  },
  {
    "name": "Require(22) node_modules/egg-watcher/config/config.local.js",
    "start": 1646182103592,
    "end": 1646182103592,
    "duration": 0,
    "pid": 1332,
    "index": 26
  },
  {
    "name": "Require(23) node_modules/egg-view/config/config.local.js",
    "start": 1646182103593,
    "end": 1646182103594,
    "duration": 1,
    "pid": 1332,
    "index": 27
  },
  {
    "name": "Require(24) node_modules/egg-view-nunjucks/config/config.local.js",
    "start": 1646182103594,
    "end": 1646182103594,
    "duration": 0,
    "pid": 1332,
    "index": 28
  },
  {
    "name": "Require(25) node_modules/egg/config/config.local.js",
    "start": 1646182103595,
    "end": 1646182103596,
    "duration": 1,
    "pid": 1332,
    "index": 29
  },
  {
    "name": "Load extend/application.js",
    "start": 1646182103596,
    "end": 1646182103692,
    "duration": 96,
    "pid": 1332,
    "index": 30
  },
  {
    "name": "Require(26) node_modules/egg-session/app/extend/application.js",
    "start": 1646182103597,
    "end": 1646182103597,
    "duration": 0,
    "pid": 1332,
    "index": 31
  },
  {
    "name": "Require(27) node_modules/egg-security/app/extend/application.js",
    "start": 1646182103597,
    "end": 1646182103598,
    "duration": 1,
    "pid": 1332,
    "index": 32
  },
  {
    "name": "Require(28) node_modules/egg-jsonp/app/extend/application.js",
    "start": 1646182103598,
    "end": 1646182103600,
    "duration": 2,
    "pid": 1332,
    "index": 33
  },
  {
    "name": "Require(29) node_modules/egg-logrotator/app/extend/application.js",
    "start": 1646182103601,
    "end": 1646182103602,
    "duration": 1,
    "pid": 1332,
    "index": 34
  },
  {
    "name": "Require(30) node_modules/egg-view/app/extend/application.js",
    "start": 1646182103603,
    "end": 1646182103604,
    "duration": 1,
    "pid": 1332,
    "index": 35
  },
  {
    "name": "Require(31) node_modules/egg-view-nunjucks/app/extend/application.js",
    "start": 1646182103604,
    "end": 1646182103622,
    "duration": 18,
    "pid": 1332,
    "index": 36
  },
  {
    "name": "Require(32) node_modules/egg-jwt/app/extend/application.js",
    "start": 1646182103623,
    "end": 1646182103653,
    "duration": 30,
    "pid": 1332,
    "index": 37
  },
  {
    "name": "Require(33) node_modules/egg-socket.io/app/extend/application.js",
    "start": 1646182103653,
    "end": 1646182103688,
    "duration": 35,
    "pid": 1332,
    "index": 38
  },
  {
    "name": "Load extend/request.js",
    "start": 1646182103692,
    "end": 1646182103700,
    "duration": 8,
    "pid": 1332,
    "index": 39
  },
  {
    "name": "Require(34) node_modules/egg/app/extend/request.js",
    "start": 1646182103696,
    "end": 1646182103696,
    "duration": 0,
    "pid": 1332,
    "index": 40
  },
  {
    "name": "Load extend/response.js",
    "start": 1646182103700,
    "end": 1646182103707,
    "duration": 7,
    "pid": 1332,
    "index": 41
  },
  {
    "name": "Require(35) node_modules/egg/app/extend/response.js",
    "start": 1646182103703,
    "end": 1646182103704,
    "duration": 1,
    "pid": 1332,
    "index": 42
  },
  {
    "name": "Load extend/context.js",
    "start": 1646182103707,
    "end": 1646182103767,
    "duration": 60,
    "pid": 1332,
    "index": 43
  },
  {
    "name": "Require(36) node_modules/egg-security/app/extend/context.js",
    "start": 1646182103708,
    "end": 1646182103714,
    "duration": 6,
    "pid": 1332,
    "index": 44
  },
  {
    "name": "Require(37) node_modules/egg-jsonp/app/extend/context.js",
    "start": 1646182103714,
    "end": 1646182103715,
    "duration": 1,
    "pid": 1332,
    "index": 45
  },
  {
    "name": "Require(38) node_modules/egg-i18n/app/extend/context.js",
    "start": 1646182103716,
    "end": 1646182103716,
    "duration": 0,
    "pid": 1332,
    "index": 46
  },
  {
    "name": "Require(39) node_modules/egg-multipart/app/extend/context.js",
    "start": 1646182103716,
    "end": 1646182103760,
    "duration": 44,
    "pid": 1332,
    "index": 47
  },
  {
    "name": "Require(40) node_modules/egg-view/app/extend/context.js",
    "start": 1646182103761,
    "end": 1646182103762,
    "duration": 1,
    "pid": 1332,
    "index": 48
  },
  {
    "name": "Require(41) node_modules/egg/app/extend/context.js",
    "start": 1646182103763,
    "end": 1646182103764,
    "duration": 1,
    "pid": 1332,
    "index": 49
  },
  {
    "name": "Load extend/helper.js",
    "start": 1646182103767,
    "end": 1646182103785,
    "duration": 18,
    "pid": 1332,
    "index": 50
  },
  {
    "name": "Require(42) node_modules/egg-security/app/extend/helper.js",
    "start": 1646182103767,
    "end": 1646182103779,
    "duration": 12,
    "pid": 1332,
    "index": 51
  },
  {
    "name": "Require(43) node_modules/egg/app/extend/helper.js",
    "start": 1646182103781,
    "end": 1646182103781,
    "duration": 0,
    "pid": 1332,
    "index": 52
  },
  {
    "name": "Require(44) app/extend/helper.js",
    "start": 1646182103782,
    "end": 1646182103782,
    "duration": 0,
    "pid": 1332,
    "index": 53
  },
  {
    "name": "Load app.js",
    "start": 1646182103785,
    "end": 1646182103843,
    "duration": 58,
    "pid": 1332,
    "index": 54
  },
  {
    "name": "Require(45) node_modules/egg-session/app.js",
    "start": 1646182103785,
    "end": 1646182103786,
    "duration": 1,
    "pid": 1332,
    "index": 55
  },
  {
    "name": "Require(46) node_modules/egg-security/app.js",
    "start": 1646182103786,
    "end": 1646182103787,
    "duration": 1,
    "pid": 1332,
    "index": 56
  },
  {
    "name": "Require(47) node_modules/egg-onerror/app.js",
    "start": 1646182103787,
    "end": 1646182103792,
    "duration": 5,
    "pid": 1332,
    "index": 57
  },
  {
    "name": "Require(48) node_modules/egg-i18n/app.js",
    "start": 1646182103793,
    "end": 1646182103803,
    "duration": 10,
    "pid": 1332,
    "index": 58
  },
  {
    "name": "Require(49) node_modules/egg-watcher/app.js",
    "start": 1646182103803,
    "end": 1646182103805,
    "duration": 2,
    "pid": 1332,
    "index": 59
  },
  {
    "name": "Require(50) node_modules/egg-schedule/app.js",
    "start": 1646182103806,
    "end": 1646182103807,
    "duration": 1,
    "pid": 1332,
    "index": 60
  },
  {
    "name": "Require(51) node_modules/egg-multipart/app.js",
    "start": 1646182103807,
    "end": 1646182103807,
    "duration": 0,
    "pid": 1332,
    "index": 61
  },
  {
    "name": "Require(52) node_modules/egg-development/app.js",
    "start": 1646182103808,
    "end": 1646182103808,
    "duration": 0,
    "pid": 1332,
    "index": 62
  },
  {
    "name": "Require(53) node_modules/egg-logrotator/app.js",
    "start": 1646182103808,
    "end": 1646182103808,
    "duration": 0,
    "pid": 1332,
    "index": 63
  },
  {
    "name": "Require(54) node_modules/egg-static/app.js",
    "start": 1646182103808,
    "end": 1646182103809,
    "duration": 1,
    "pid": 1332,
    "index": 64
  },
  {
    "name": "Require(55) node_modules/egg-sequelize/app.js",
    "start": 1646182103809,
    "end": 1646182103809,
    "duration": 0,
    "pid": 1332,
    "index": 65
  },
  {
    "name": "Require(56) node_modules/egg-view-nunjucks/app.js",
    "start": 1646182103809,
    "end": 1646182103810,
    "duration": 1,
    "pid": 1332,
    "index": 66
  },
  {
    "name": "Require(57) node_modules/egg-cors/app.js",
    "start": 1646182103810,
    "end": 1646182103810,
    "duration": 0,
    "pid": 1332,
    "index": 67
  },
  {
    "name": "Require(58) node_modules/egg-jwt/app.js",
    "start": 1646182103810,
    "end": 1646182103810,
    "duration": 0,
    "pid": 1332,
    "index": 68
  },
  {
    "name": "Require(59) node_modules/egg-socket.io/app.js",
    "start": 1646182103810,
    "end": 1646182103842,
    "duration": 32,
    "pid": 1332,
    "index": 69
  },
  {
    "name": "Require(60) node_modules/egg-etag/app.js",
    "start": 1646182103842,
    "end": 1646182103842,
    "duration": 0,
    "pid": 1332,
    "index": 70
  },
  {
    "name": "Require(61) app.js",
    "start": 1646182103843,
    "end": 1646182103843,
    "duration": 0,
    "pid": 1332,
    "index": 71
  },
  {
    "name": "Before Start in node_modules/egg-watcher/lib/init.js:15:14",
    "start": 1646182103848,
    "end": 1646182104261,
    "duration": 413,
    "pid": 1332,
    "index": 72
  },
  {
    "name": "Load \"Symbol(model)\" to Application",
    "start": 1646182104095,
    "end": 1646182104111,
    "duration": 16,
    "pid": 1332,
    "index": 73
  },
  {
    "name": "Before Start in node_modules/egg-sequelize/lib/loader.js:39:7",
    "start": 1646182104111,
    "end": 1646182104270,
    "duration": 159,
    "pid": 1332,
    "index": 74
  },
  {
    "name": "Load Controller",
    "start": 1646182104120,
    "end": 1646182104204,
    "duration": 84,
    "pid": 1332,
    "index": 75
  },
  {
    "name": "Load \"controller\" to Application",
    "start": 1646182104120,
    "end": 1646182104204,
    "duration": 84,
    "pid": 1332,
    "index": 76
  },
  {
    "name": "Before Start in node_modules/egg-socket.io/lib/io.js:26:7",
    "start": 1646182104126,
    "end": 1646182104243,
    "duration": 117,
    "pid": 1332,
    "index": 77
  },
  {
    "name": "Before Start in app.js:2:7",
    "start": 1646182104126,
    "end": 1646182104296,
    "duration": 170,
    "pid": 1332,
    "index": 78
  },
  {
    "name": "Load Service",
    "start": 1646182104126,
    "end": 1646182104135,
    "duration": 9,
    "pid": 1332,
    "index": 79
  },
  {
    "name": "Load \"service\" to Context",
    "start": 1646182104126,
    "end": 1646182104135,
    "duration": 9,
    "pid": 1332,
    "index": 80
  },
  {
    "name": "Load Middleware",
    "start": 1646182104135,
    "end": 1646182104204,
    "duration": 69,
    "pid": 1332,
    "index": 81
  },
  {
    "name": "Load \"middlewares\" to Application",
    "start": 1646182104136,
    "end": 1646182104196,
    "duration": 60,
    "pid": 1332,
    "index": 82
  },
  {
    "name": "Load Controller",
    "start": 1646182104204,
    "end": 1646182104214,
    "duration": 10,
    "pid": 1332,
    "index": 83
  },
  {
    "name": "Load \"controller\" to Application",
    "start": 1646182104204,
    "end": 1646182104214,
    "duration": 10,
    "pid": 1332,
    "index": 84
  },
  {
    "name": "Load Router",
    "start": 1646182104214,
    "end": 1646182104217,
    "duration": 3,
    "pid": 1332,
    "index": 85
  },
  {
    "name": "Require(62) app/router.js",
    "start": 1646182104214,
    "end": 1646182104214,
    "duration": 0,
    "pid": 1332,
    "index": 86
  },
  {
    "name": "Before Start in node_modules/egg-core/lib/egg.js:303:10",
    "start": 1646182104214,
    "end": 1646182104243,
    "duration": 29,
    "pid": 1332,
    "index": 87
  }
]