[
  {
    "name": "Process Start",
    "start": 1646203967062,
    "end": 1646203967852,
    "duration": 790,
    "pid": 6296,
    "index": 0
  },
  {
    "name": "Application Start",
    "start": 1646203967853,
    "end": 1646203968645,
    "duration": 792,
    "pid": 6296,
    "index": 1
  },
  {
    "name": "Load Plugin",
    "start": 1646203967856,
    "end": 1646203967876,
    "duration": 20,
    "pid": 6296,
    "index": 2
  },
  {
    "name": "Load Config",
    "start": 1646203967876,
    "end": 1646203967899,
    "duration": 23,
    "pid": 6296,
    "index": 3
  },
  {
    "name": "Require(0) config/config.default.js",
    "start": 1646203967876,
    "end": 1646203967877,
    "duration": 1,
    "pid": 6296,
    "index": 4
  },
  {
    "name": "Require(1) node_modules/egg-session/config/config.default.js",
    "start": 1646203967878,
    "end": 1646203967879,
    "duration": 1,
    "pid": 6296,
    "index": 5
  },
  {
    "name": "Require(2) node_modules/egg-security/config/config.default.js",
    "start": 1646203967879,
    "end": 1646203967879,
    "duration": 0,
    "pid": 6296,
    "index": 6
  },
  {
    "name": "Require(3) node_modules/egg-jsonp/config/config.default.js",
    "start": 1646203967880,
    "end": 1646203967880,
    "duration": 0,
    "pid": 6296,
    "index": 7
  },
  {
    "name": "Require(4) node_modules/egg-onerror/config/config.default.js",
    "start": 1646203967881,
    "end": 1646203967881,
    "duration": 0,
    "pid": 6296,
    "index": 8
  },
  {
    "name": "Require(5) node_modules/egg-i18n/config/config.default.js",
    "start": 1646203967881,
    "end": 1646203967882,
    "duration": 1,
    "pid": 6296,
    "index": 9
  },
  {
    "name": "Require(6) node_modules/egg-watcher/config/config.default.js",
    "start": 1646203967883,
    "end": 1646203967884,
    "duration": 1,
    "pid": 6296,
    "index": 10
  },
  {
    "name": "Require(7) node_modules/egg-schedule/config/config.default.js",
    "start": 1646203967884,
    "end": 1646203967884,
    "duration": 0,
    "pid": 6296,
    "index": 11
  },
  {
    "name": "Require(8) node_modules/egg-multipart/config/config.default.js",
    "start": 1646203967885,
    "end": 1646203967885,
    "duration": 0,
    "pid": 6296,
    "index": 12
  },
  {
    "name": "Require(9) node_modules/egg-development/config/config.default.js",
    "start": 1646203967886,
    "end": 1646203967886,
    "duration": 0,
    "pid": 6296,
    "index": 13
  },
  {
    "name": "Require(10) node_modules/egg-logrotator/config/config.default.js",
    "start": 1646203967886,
    "end": 1646203967887,
    "duration": 1,
    "pid": 6296,
    "index": 14
  },
  {
    "name": "Require(11) node_modules/egg-static/config/config.default.js",
    "start": 1646203967887,
    "end": 1646203967887,
    "duration": 0,
    "pid": 6296,
    "index": 15
  },
  {
    "name": "Require(12) node_modules/egg-view/config/config.default.js",
    "start": 1646203967888,
    "end": 1646203967888,
    "duration": 0,
    "pid": 6296,
    "index": 16
  },
  {
    "name": "Require(13) node_modules/egg-sequelize/config/config.default.js",
    "start": 1646203967888,
    "end": 1646203967889,
    "duration": 1,
    "pid": 6296,
    "index": 17
  },
  {
    "name": "Require(14) node_modules/egg-view-nunjucks/config/config.default.js",
    "start": 1646203967889,
    "end": 1646203967890,
    "duration": 1,
    "pid": 6296,
    "index": 18
  },
  {
    "name": "Require(15) node_modules/egg-cors/config/config.default.js",
    "start": 1646203967890,
    "end": 1646203967890,
    "duration": 0,
    "pid": 6296,
    "index": 19
  },
  {
    "name": "Require(16) node_modules/egg-jwt/config/config.default.js",
    "start": 1646203967890,
    "end": 1646203967891,
    "duration": 1,
    "pid": 6296,
    "index": 20
  },
  {
    "name": "Require(17) node_modules/egg-socket.io/config/config.default.js",
    "start": 1646203967891,
    "end": 1646203967891,
    "duration": 0,
    "pid": 6296,
    "index": 21
  },
  {
    "name": "Require(18) node_modules/egg-etag/config/config.default.js",
    "start": 1646203967892,
    "end": 1646203967892,
    "duration": 0,
    "pid": 6296,
    "index": 22
  },
  {
    "name": "Require(19) node_modules/egg/config/config.default.js",
    "start": 1646203967892,
    "end": 1646203967893,
    "duration": 1,
    "pid": 6296,
    "index": 23
  },
  {
    "name": "Require(20) config/config.default.js",
    "start": 1646203967894,
    "end": 1646203967894,
    "duration": 0,
    "pid": 6296,
    "index": 24
  },
  {
    "name": "Require(21) node_modules/egg-security/config/config.local.js",
    "start": 1646203967894,
    "end": 1646203967894,
    "duration": 0,
    "pid": 6296,
    "index": 25
  },
  {
    "name": "Require(22) node_modules/egg-watcher/config/config.local.js",
    "start": 1646203967895,
    "end": 1646203967895,
    "duration": 0,
    "pid": 6296,
    "index": 26
  },
  {
    "name": "Require(23) node_modules/egg-view/config/config.local.js",
    "start": 1646203967896,
    "end": 1646203967897,
    "duration": 1,
    "pid": 6296,
    "index": 27
  },
  {
    "name": "Require(24) node_modules/egg-view-nunjucks/config/config.local.js",
    "start": 1646203967897,
    "end": 1646203967897,
    "duration": 0,
    "pid": 6296,
    "index": 28
  },
  {
    "name": "Require(25) node_modules/egg/config/config.local.js",
    "start": 1646203967898,
    "end": 1646203967898,
    "duration": 0,
    "pid": 6296,
    "index": 29
  },
  {
    "name": "Load extend/application.js",
    "start": 1646203967899,
    "end": 1646203967997,
    "duration": 98,
    "pid": 6296,
    "index": 30
  },
  {
    "name": "Require(26) node_modules/egg-session/app/extend/application.js",
    "start": 1646203967900,
    "end": 1646203967900,
    "duration": 0,
    "pid": 6296,
    "index": 31
  },
  {
    "name": "Require(27) node_modules/egg-security/app/extend/application.js",
    "start": 1646203967900,
    "end": 1646203967901,
    "duration": 1,
    "pid": 6296,
    "index": 32
  },
  {
    "name": "Require(28) node_modules/egg-jsonp/app/extend/application.js",
    "start": 1646203967902,
    "end": 1646203967903,
    "duration": 1,
    "pid": 6296,
    "index": 33
  },
  {
    "name": "Require(29) node_modules/egg-logrotator/app/extend/application.js",
    "start": 1646203967904,
    "end": 1646203967906,
    "duration": 2,
    "pid": 6296,
    "index": 34
  },
  {
    "name": "Require(30) node_modules/egg-view/app/extend/application.js",
    "start": 1646203967906,
    "end": 1646203967907,
    "duration": 1,
    "pid": 6296,
    "index": 35
  },
  {
    "name": "Require(31) node_modules/egg-view-nunjucks/app/extend/application.js",
    "start": 1646203967908,
    "end": 1646203967926,
    "duration": 18,
    "pid": 6296,
    "index": 36
  },
  {
    "name": "Require(32) node_modules/egg-jwt/app/extend/application.js",
    "start": 1646203967926,
    "end": 1646203967955,
    "duration": 29,
    "pid": 6296,
    "index": 37
  },
  {
    "name": "Require(33) node_modules/egg-socket.io/app/extend/application.js",
    "start": 1646203967955,
    "end": 1646203967993,
    "duration": 38,
    "pid": 6296,
    "index": 38
  },
  {
    "name": "Load extend/request.js",
    "start": 1646203967997,
    "end": 1646203968004,
    "duration": 7,
    "pid": 6296,
    "index": 39
  },
  {
    "name": "Require(34) node_modules/egg/app/extend/request.js",
    "start": 1646203968000,
    "end": 1646203968001,
    "duration": 1,
    "pid": 6296,
    "index": 40
  },
  {
    "name": "Load extend/response.js",
    "start": 1646203968004,
    "end": 1646203968012,
    "duration": 8,
    "pid": 6296,
    "index": 41
  },
  {
    "name": "Require(35) node_modules/egg/app/extend/response.js",
    "start": 1646203968007,
    "end": 1646203968008,
    "duration": 1,
    "pid": 6296,
    "index": 42
  },
  {
    "name": "Load extend/context.js",
    "start": 1646203968012,
    "end": 1646203968068,
    "duration": 56,
    "pid": 6296,
    "index": 43
  },
  {
    "name": "Require(36) node_modules/egg-security/app/extend/context.js",
    "start": 1646203968012,
    "end": 1646203968019,
    "duration": 7,
    "pid": 6296,
    "index": 44
  },
  {
    "name": "Require(37) node_modules/egg-jsonp/app/extend/context.js",
    "start": 1646203968020,
    "end": 1646203968021,
    "duration": 1,
    "pid": 6296,
    "index": 45
  },
  {
    "name": "Require(38) node_modules/egg-i18n/app/extend/context.js",
    "start": 1646203968021,
    "end": 1646203968021,
    "duration": 0,
    "pid": 6296,
    "index": 46
  },
  {
    "name": "Require(39) node_modules/egg-multipart/app/extend/context.js",
    "start": 1646203968022,
    "end": 1646203968061,
    "duration": 39,
    "pid": 6296,
    "index": 47
  },
  {
    "name": "Require(40) node_modules/egg-view/app/extend/context.js",
    "start": 1646203968062,
    "end": 1646203968062,
    "duration": 0,
    "pid": 6296,
    "index": 48
  },
  {
    "name": "Require(41) node_modules/egg/app/extend/context.js",
    "start": 1646203968064,
    "end": 1646203968065,
    "duration": 1,
    "pid": 6296,
    "index": 49
  },
  {
    "name": "Load extend/helper.js",
    "start": 1646203968068,
    "end": 1646203968088,
    "duration": 20,
    "pid": 6296,
    "index": 50
  },
  {
    "name": "Require(42) node_modules/egg-security/app/extend/helper.js",
    "start": 1646203968069,
    "end": 1646203968081,
    "duration": 12,
    "pid": 6296,
    "index": 51
  },
  {
    "name": "Require(43) node_modules/egg/app/extend/helper.js",
    "start": 1646203968083,
    "end": 1646203968084,
    "duration": 1,
    "pid": 6296,
    "index": 52
  },
  {
    "name": "Require(44) app/extend/helper.js",
    "start": 1646203968084,
    "end": 1646203968084,
    "duration": 0,
    "pid": 6296,
    "index": 53
  },
  {
    "name": "Load app.js",
    "start": 1646203968088,
    "end": 1646203968152,
    "duration": 64,
    "pid": 6296,
    "index": 54
  },
  {
    "name": "Require(45) node_modules/egg-session/app.js",
    "start": 1646203968088,
    "end": 1646203968088,
    "duration": 0,
    "pid": 6296,
    "index": 55
  },
  {
    "name": "Require(46) node_modules/egg-security/app.js",
    "start": 1646203968089,
    "end": 1646203968090,
    "duration": 1,
    "pid": 6296,
    "index": 56
  },
  {
    "name": "Require(47) node_modules/egg-onerror/app.js",
    "start": 1646203968090,
    "end": 1646203968097,
    "duration": 7,
    "pid": 6296,
    "index": 57
  },
  {
    "name": "Require(48) node_modules/egg-i18n/app.js",
    "start": 1646203968097,
    "end": 1646203968108,
    "duration": 11,
    "pid": 6296,
    "index": 58
  },
  {
    "name": "Require(49) node_modules/egg-watcher/app.js",
    "start": 1646203968109,
    "end": 1646203968112,
    "duration": 3,
    "pid": 6296,
    "index": 59
  },
  {
    "name": "Require(50) node_modules/egg-schedule/app.js",
    "start": 1646203968112,
    "end": 1646203968113,
    "duration": 1,
    "pid": 6296,
    "index": 60
  },
  {
    "name": "Require(51) node_modules/egg-multipart/app.js",
    "start": 1646203968114,
    "end": 1646203968114,
    "duration": 0,
    "pid": 6296,
    "index": 61
  },
  {
    "name": "Require(52) node_modules/egg-development/app.js",
    "start": 1646203968114,
    "end": 1646203968115,
    "duration": 1,
    "pid": 6296,
    "index": 62
  },
  {
    "name": "Require(53) node_modules/egg-logrotator/app.js",
    "start": 1646203968115,
    "end": 1646203968115,
    "duration": 0,
    "pid": 6296,
    "index": 63
  },
  {
    "name": "Require(54) node_modules/egg-static/app.js",
    "start": 1646203968115,
    "end": 1646203968115,
    "duration": 0,
    "pid": 6296,
    "index": 64
  },
  {
    "name": "Require(55) node_modules/egg-sequelize/app.js",
    "start": 1646203968116,
    "end": 1646203968116,
    "duration": 0,
    "pid": 6296,
    "index": 65
  },
  {
    "name": "Require(56) node_modules/egg-view-nunjucks/app.js",
    "start": 1646203968116,
    "end": 1646203968117,
    "duration": 1,
    "pid": 6296,
    "index": 66
  },
  {
    "name": "Require(57) node_modules/egg-cors/app.js",
    "start": 1646203968117,
    "end": 1646203968117,
    "duration": 0,
    "pid": 6296,
    "index": 67
  },
  {
    "name": "Require(58) node_modules/egg-jwt/app.js",
    "start": 1646203968117,
    "end": 1646203968117,
    "duration": 0,
    "pid": 6296,
    "index": 68
  },
  {
    "name": "Require(59) node_modules/egg-socket.io/app.js",
    "start": 1646203968118,
    "end": 1646203968151,
    "duration": 33,
    "pid": 6296,
    "index": 69
  },
  {
    "name": "Require(60) node_modules/egg-etag/app.js",
    "start": 1646203968151,
    "end": 1646203968151,
    "duration": 0,
    "pid": 6296,
    "index": 70
  },
  {
    "name": "Require(61) app.js",
    "start": 1646203968152,
    "end": 1646203968152,
    "duration": 0,
    "pid": 6296,
    "index": 71
  },
  {
    "name": "Before Start in node_modules/egg-watcher/lib/init.js:15:14",
    "start": 1646203968160,
    "end": 1646203968616,
    "duration": 456,
    "pid": 6296,
    "index": 72
  },
  {
    "name": "Load \"Symbol(model)\" to Application",
    "start": 1646203968445,
    "end": 1646203968462,
    "duration": 17,
    "pid": 6296,
    "index": 73
  },
  {
    "name": "Before Start in node_modules/egg-sequelize/lib/loader.js:39:7",
    "start": 1646203968462,
    "end": 1646203968625,
    "duration": 163,
    "pid": 6296,
    "index": 74
  },
  {
    "name": "Load Controller",
    "start": 1646203968472,
    "end": 1646203968560,
    "duration": 88,
    "pid": 6296,
    "index": 75
  },
  {
    "name": "Load \"controller\" to Application",
    "start": 1646203968472,
    "end": 1646203968560,
    "duration": 88,
    "pid": 6296,
    "index": 76
  },
  {
    "name": "Before Start in node_modules/egg-socket.io/lib/io.js:26:7",
    "start": 1646203968477,
    "end": 1646203968599,
    "duration": 122,
    "pid": 6296,
    "index": 77
  },
  {
    "name": "Before Start in app.js:2:7",
    "start": 1646203968477,
    "end": 1646203968645,
    "duration": 168,
    "pid": 6296,
    "index": 78
  },
  {
    "name": "Load Service",
    "start": 1646203968477,
    "end": 1646203968487,
    "duration": 10,
    "pid": 6296,
    "index": 79
  },
  {
    "name": "Load \"service\" to Context",
    "start": 1646203968477,
    "end": 1646203968487,
    "duration": 10,
    "pid": 6296,
    "index": 80
  },
  {
    "name": "Load Middleware",
    "start": 1646203968488,
    "end": 1646203968560,
    "duration": 72,
    "pid": 6296,
    "index": 81
  },
  {
    "name": "Load \"middlewares\" to Application",
    "start": 1646203968488,
    "end": 1646203968551,
    "duration": 63,
    "pid": 6296,
    "index": 82
  },
  {
    "name": "Load Controller",
    "start": 1646203968560,
    "end": 1646203968570,
    "duration": 10,
    "pid": 6296,
    "index": 83
  },
  {
    "name": "Load \"controller\" to Application",
    "start": 1646203968560,
    "end": 1646203968570,
    "duration": 10,
    "pid": 6296,
    "index": 84
  },
  {
    "name": "Load Router",
    "start": 1646203968570,
    "end": 1646203968574,
    "duration": 4,
    "pid": 6296,
    "index": 85
  },
  {
    "name": "Require(62) app/router.js",
    "start": 1646203968571,
    "end": 1646203968571,
    "duration": 0,
    "pid": 6296,
    "index": 86
  },
  {
    "name": "Before Start in node_modules/egg-core/lib/egg.js:303:10",
    "start": 1646203968571,
    "end": 1646203968599,
    "duration": 28,
    "pid": 6296,
    "index": 87
  }
]