[
  {
    "name": "Process Start",
    "start": 1646189810939,
    "end": 1646189811662,
    "duration": 723,
    "pid": 2176,
    "index": 0
  },
  {
    "name": "Application Start",
    "start": 1646189811662,
    "end": 1646189812328,
    "duration": 666,
    "pid": 2176,
    "index": 1
  },
  {
    "name": "Load Plugin",
    "start": 1646189811665,
    "end": 1646189811682,
    "duration": 17,
    "pid": 2176,
    "index": 2
  },
  {
    "name": "Load Config",
    "start": 1646189811682,
    "end": 1646189811702,
    "duration": 20,
    "pid": 2176,
    "index": 3
  },
  {
    "name": "Require(0) config/config.default.js",
    "start": 1646189811683,
    "end": 1646189811683,
    "duration": 0,
    "pid": 2176,
    "index": 4
  },
  {
    "name": "Require(1) node_modules/egg-session/config/config.default.js",
    "start": 1646189811684,
    "end": 1646189811685,
    "duration": 1,
    "pid": 2176,
    "index": 5
  },
  {
    "name": "Require(2) node_modules/egg-security/config/config.default.js",
    "start": 1646189811685,
    "end": 1646189811685,
    "duration": 0,
    "pid": 2176,
    "index": 6
  },
  {
    "name": "Require(3) node_modules/egg-jsonp/config/config.default.js",
    "start": 1646189811686,
    "end": 1646189811686,
    "duration": 0,
    "pid": 2176,
    "index": 7
  },
  {
    "name": "Require(4) node_modules/egg-onerror/config/config.default.js",
    "start": 1646189811686,
    "end": 1646189811687,
    "duration": 1,
    "pid": 2176,
    "index": 8
  },
  {
    "name": "Require(5) node_modules/egg-i18n/config/config.default.js",
    "start": 1646189811689,
    "end": 1646189811689,
    "duration": 0,
    "pid": 2176,
    "index": 9
  },
  {
    "name": "Require(6) node_modules/egg-watcher/config/config.default.js",
    "start": 1646189811689,
    "end": 1646189811690,
    "duration": 1,
    "pid": 2176,
    "index": 10
  },
  {
    "name": "Require(7) node_modules/egg-schedule/config/config.default.js",
    "start": 1646189811690,
    "end": 1646189811691,
    "duration": 1,
    "pid": 2176,
    "index": 11
  },
  {
    "name": "Require(8) node_modules/egg-multipart/config/config.default.js",
    "start": 1646189811691,
    "end": 1646189811691,
    "duration": 0,
    "pid": 2176,
    "index": 12
  },
  {
    "name": "Require(9) node_modules/egg-development/config/config.default.js",
    "start": 1646189811692,
    "end": 1646189811692,
    "duration": 0,
    "pid": 2176,
    "index": 13
  },
  {
    "name": "Require(10) node_modules/egg-logrotator/config/config.default.js",
    "start": 1646189811692,
    "end": 1646189811693,
    "duration": 1,
    "pid": 2176,
    "index": 14
  },
  {
    "name": "Require(11) node_modules/egg-static/config/config.default.js",
    "start": 1646189811693,
    "end": 1646189811693,
    "duration": 0,
    "pid": 2176,
    "index": 15
  },
  {
    "name": "Require(12) node_modules/egg-view/config/config.default.js",
    "start": 1646189811693,
    "end": 1646189811694,
    "duration": 1,
    "pid": 2176,
    "index": 16
  },
  {
    "name": "Require(13) node_modules/egg-sequelize/config/config.default.js",
    "start": 1646189811694,
    "end": 1646189811694,
    "duration": 0,
    "pid": 2176,
    "index": 17
  },
  {
    "name": "Require(14) node_modules/egg-view-nunjucks/config/config.default.js",
    "start": 1646189811695,
    "end": 1646189811695,
    "duration": 0,
    "pid": 2176,
    "index": 18
  },
  {
    "name": "Require(15) node_modules/egg-cors/config/config.default.js",
    "start": 1646189811695,
    "end": 1646189811696,
    "duration": 1,
    "pid": 2176,
    "index": 19
  },
  {
    "name": "Require(16) node_modules/egg-jwt/config/config.default.js",
    "start": 1646189811696,
    "end": 1646189811696,
    "duration": 0,
    "pid": 2176,
    "index": 20
  },
  {
    "name": "Require(17) node_modules/egg-socket.io/config/config.default.js",
    "start": 1646189811696,
    "end": 1646189811697,
    "duration": 1,
    "pid": 2176,
    "index": 21
  },
  {
    "name": "Require(18) node_modules/egg-etag/config/config.default.js",
    "start": 1646189811697,
    "end": 1646189811697,
    "duration": 0,
    "pid": 2176,
    "index": 22
  },
  {
    "name": "Require(19) node_modules/egg/config/config.default.js",
    "start": 1646189811697,
    "end": 1646189811697,
    "duration": 0,
    "pid": 2176,
    "index": 23
  },
  {
    "name": "Require(20) config/config.default.js",
    "start": 1646189811698,
    "end": 1646189811698,
    "duration": 0,
    "pid": 2176,
    "index": 24
  },
  {
    "name": "Require(21) node_modules/egg-security/config/config.local.js",
    "start": 1646189811699,
    "end": 1646189811699,
    "duration": 0,
    "pid": 2176,
    "index": 25
  },
  {
    "name": "Require(22) node_modules/egg-watcher/config/config.local.js",
    "start": 1646189811699,
    "end": 1646189811700,
    "duration": 1,
    "pid": 2176,
    "index": 26
  },
  {
    "name": "Require(23) node_modules/egg-view/config/config.local.js",
    "start": 1646189811700,
    "end": 1646189811701,
    "duration": 1,
    "pid": 2176,
    "index": 27
  },
  {
    "name": "Require(24) node_modules/egg-view-nunjucks/config/config.local.js",
    "start": 1646189811701,
    "end": 1646189811701,
    "duration": 0,
    "pid": 2176,
    "index": 28
  },
  {
    "name": "Require(25) node_modules/egg/config/config.local.js",
    "start": 1646189811702,
    "end": 1646189811702,
    "duration": 0,
    "pid": 2176,
    "index": 29
  },
  {
    "name": "Load extend/application.js",
    "start": 1646189811703,
    "end": 1646189811786,
    "duration": 83,
    "pid": 2176,
    "index": 30
  },
  {
    "name": "Require(26) node_modules/egg-session/app/extend/application.js",
    "start": 1646189811704,
    "end": 1646189811704,
    "duration": 0,
    "pid": 2176,
    "index": 31
  },
  {
    "name": "Require(27) node_modules/egg-security/app/extend/application.js",
    "start": 1646189811704,
    "end": 1646189811705,
    "duration": 1,
    "pid": 2176,
    "index": 32
  },
  {
    "name": "Require(28) node_modules/egg-jsonp/app/extend/application.js",
    "start": 1646189811705,
    "end": 1646189811706,
    "duration": 1,
    "pid": 2176,
    "index": 33
  },
  {
    "name": "Require(29) node_modules/egg-logrotator/app/extend/application.js",
    "start": 1646189811707,
    "end": 1646189811709,
    "duration": 2,
    "pid": 2176,
    "index": 34
  },
  {
    "name": "Require(30) node_modules/egg-view/app/extend/application.js",
    "start": 1646189811709,
    "end": 1646189811710,
    "duration": 1,
    "pid": 2176,
    "index": 35
  },
  {
    "name": "Require(31) node_modules/egg-view-nunjucks/app/extend/application.js",
    "start": 1646189811710,
    "end": 1646189811727,
    "duration": 17,
    "pid": 2176,
    "index": 36
  },
  {
    "name": "Require(32) node_modules/egg-jwt/app/extend/application.js",
    "start": 1646189811727,
    "end": 1646189811752,
    "duration": 25,
    "pid": 2176,
    "index": 37
  },
  {
    "name": "Require(33) node_modules/egg-socket.io/app/extend/application.js",
    "start": 1646189811752,
    "end": 1646189811783,
    "duration": 31,
    "pid": 2176,
    "index": 38
  },
  {
    "name": "Load extend/request.js",
    "start": 1646189811786,
    "end": 1646189811792,
    "duration": 6,
    "pid": 2176,
    "index": 39
  },
  {
    "name": "Require(34) node_modules/egg/app/extend/request.js",
    "start": 1646189811789,
    "end": 1646189811789,
    "duration": 0,
    "pid": 2176,
    "index": 40
  },
  {
    "name": "Load extend/response.js",
    "start": 1646189811792,
    "end": 1646189811798,
    "duration": 6,
    "pid": 2176,
    "index": 41
  },
  {
    "name": "Require(35) node_modules/egg/app/extend/response.js",
    "start": 1646189811794,
    "end": 1646189811795,
    "duration": 1,
    "pid": 2176,
    "index": 42
  },
  {
    "name": "Load extend/context.js",
    "start": 1646189811798,
    "end": 1646189811842,
    "duration": 44,
    "pid": 2176,
    "index": 43
  },
  {
    "name": "Require(36) node_modules/egg-security/app/extend/context.js",
    "start": 1646189811799,
    "end": 1646189811804,
    "duration": 5,
    "pid": 2176,
    "index": 44
  },
  {
    "name": "Require(37) node_modules/egg-jsonp/app/extend/context.js",
    "start": 1646189811804,
    "end": 1646189811805,
    "duration": 1,
    "pid": 2176,
    "index": 45
  },
  {
    "name": "Require(38) node_modules/egg-i18n/app/extend/context.js",
    "start": 1646189811806,
    "end": 1646189811806,
    "duration": 0,
    "pid": 2176,
    "index": 46
  },
  {
    "name": "Require(39) node_modules/egg-multipart/app/extend/context.js",
    "start": 1646189811806,
    "end": 1646189811836,
    "duration": 30,
    "pid": 2176,
    "index": 47
  },
  {
    "name": "Require(40) node_modules/egg-view/app/extend/context.js",
    "start": 1646189811837,
    "end": 1646189811838,
    "duration": 1,
    "pid": 2176,
    "index": 48
  },
  {
    "name": "Require(41) node_modules/egg/app/extend/context.js",
    "start": 1646189811839,
    "end": 1646189811839,
    "duration": 0,
    "pid": 2176,
    "index": 49
  },
  {
    "name": "Load extend/helper.js",
    "start": 1646189811842,
    "end": 1646189811859,
    "duration": 17,
    "pid": 2176,
    "index": 50
  },
  {
    "name": "Require(42) node_modules/egg-security/app/extend/helper.js",
    "start": 1646189811842,
    "end": 1646189811853,
    "duration": 11,
    "pid": 2176,
    "index": 51
  },
  {
    "name": "Require(43) node_modules/egg/app/extend/helper.js",
    "start": 1646189811855,
    "end": 1646189811855,
    "duration": 0,
    "pid": 2176,
    "index": 52
  },
  {
    "name": "Require(44) app/extend/helper.js",
    "start": 1646189811856,
    "end": 1646189811856,
    "duration": 0,
    "pid": 2176,
    "index": 53
  },
  {
    "name": "Load app.js",
    "start": 1646189811859,
    "end": 1646189811911,
    "duration": 52,
    "pid": 2176,
    "index": 54
  },
  {
    "name": "Require(45) node_modules/egg-session/app.js",
    "start": 1646189811859,
    "end": 1646189811860,
    "duration": 1,
    "pid": 2176,
    "index": 55
  },
  {
    "name": "Require(46) node_modules/egg-security/app.js",
    "start": 1646189811860,
    "end": 1646189811861,
    "duration": 1,
    "pid": 2176,
    "index": 56
  },
  {
    "name": "Require(47) node_modules/egg-onerror/app.js",
    "start": 1646189811861,
    "end": 1646189811866,
    "duration": 5,
    "pid": 2176,
    "index": 57
  },
  {
    "name": "Require(48) node_modules/egg-i18n/app.js",
    "start": 1646189811866,
    "end": 1646189811876,
    "duration": 10,
    "pid": 2176,
    "index": 58
  },
  {
    "name": "Require(49) node_modules/egg-watcher/app.js",
    "start": 1646189811876,
    "end": 1646189811878,
    "duration": 2,
    "pid": 2176,
    "index": 59
  },
  {
    "name": "Require(50) node_modules/egg-schedule/app.js",
    "start": 1646189811878,
    "end": 1646189811879,
    "duration": 1,
    "pid": 2176,
    "index": 60
  },
  {
    "name": "Require(51) node_modules/egg-multipart/app.js",
    "start": 1646189811879,
    "end": 1646189811880,
    "duration": 1,
    "pid": 2176,
    "index": 61
  },
  {
    "name": "Require(52) node_modules/egg-development/app.js",
    "start": 1646189811880,
    "end": 1646189811880,
    "duration": 0,
    "pid": 2176,
    "index": 62
  },
  {
    "name": "Require(53) node_modules/egg-logrotator/app.js",
    "start": 1646189811880,
    "end": 1646189811880,
    "duration": 0,
    "pid": 2176,
    "index": 63
  },
  {
    "name": "Require(54) node_modules/egg-static/app.js",
    "start": 1646189811881,
    "end": 1646189811881,
    "duration": 0,
    "pid": 2176,
    "index": 64
  },
  {
    "name": "Require(55) node_modules/egg-sequelize/app.js",
    "start": 1646189811881,
    "end": 1646189811881,
    "duration": 0,
    "pid": 2176,
    "index": 65
  },
  {
    "name": "Require(56) node_modules/egg-view-nunjucks/app.js",
    "start": 1646189811882,
    "end": 1646189811882,
    "duration": 0,
    "pid": 2176,
    "index": 66
  },
  {
    "name": "Require(57) node_modules/egg-cors/app.js",
    "start": 1646189811882,
    "end": 1646189811882,
    "duration": 0,
    "pid": 2176,
    "index": 67
  },
  {
    "name": "Require(58) node_modules/egg-jwt/app.js",
    "start": 1646189811882,
    "end": 1646189811882,
    "duration": 0,
    "pid": 2176,
    "index": 68
  },
  {
    "name": "Require(59) node_modules/egg-socket.io/app.js",
    "start": 1646189811883,
    "end": 1646189811910,
    "duration": 27,
    "pid": 2176,
    "index": 69
  },
  {
    "name": "Require(60) node_modules/egg-etag/app.js",
    "start": 1646189811910,
    "end": 1646189811910,
    "duration": 0,
    "pid": 2176,
    "index": 70
  },
  {
    "name": "Require(61) app.js",
    "start": 1646189811910,
    "end": 1646189811911,
    "duration": 1,
    "pid": 2176,
    "index": 71
  },
  {
    "name": "Before Start in node_modules/egg-watcher/lib/init.js:15:14",
    "start": 1646189811916,
    "end": 1646189812298,
    "duration": 382,
    "pid": 2176,
    "index": 72
  },
  {
    "name": "Load \"Symbol(model)\" to Application",
    "start": 1646189812142,
    "end": 1646189812157,
    "duration": 15,
    "pid": 2176,
    "index": 73
  },
  {
    "name": "Before Start in node_modules/egg-sequelize/lib/loader.js:39:7",
    "start": 1646189812157,
    "end": 1646189812307,
    "duration": 150,
    "pid": 2176,
    "index": 74
  },
  {
    "name": "Load Controller",
    "start": 1646189812167,
    "end": 1646189812241,
    "duration": 74,
    "pid": 2176,
    "index": 75
  },
  {
    "name": "Load \"controller\" to Application",
    "start": 1646189812167,
    "end": 1646189812241,
    "duration": 74,
    "pid": 2176,
    "index": 76
  },
  {
    "name": "Before Start in node_modules/egg-socket.io/lib/io.js:26:7",
    "start": 1646189812173,
    "end": 1646189812281,
    "duration": 108,
    "pid": 2176,
    "index": 77
  },
  {
    "name": "Before Start in app.js:2:7",
    "start": 1646189812173,
    "end": 1646189812327,
    "duration": 154,
    "pid": 2176,
    "index": 78
  },
  {
    "name": "Load Service",
    "start": 1646189812173,
    "end": 1646189812182,
    "duration": 9,
    "pid": 2176,
    "index": 79
  },
  {
    "name": "Load \"service\" to Context",
    "start": 1646189812173,
    "end": 1646189812182,
    "duration": 9,
    "pid": 2176,
    "index": 80
  },
  {
    "name": "Load Middleware",
    "start": 1646189812182,
    "end": 1646189812241,
    "duration": 59,
    "pid": 2176,
    "index": 81
  },
  {
    "name": "Load \"middlewares\" to Application",
    "start": 1646189812182,
    "end": 1646189812234,
    "duration": 52,
    "pid": 2176,
    "index": 82
  },
  {
    "name": "Load Controller",
    "start": 1646189812241,
    "end": 1646189812248,
    "duration": 7,
    "pid": 2176,
    "index": 83
  },
  {
    "name": "Load \"controller\" to Application",
    "start": 1646189812241,
    "end": 1646189812248,
    "duration": 7,
    "pid": 2176,
    "index": 84
  },
  {
    "name": "Load Router",
    "start": 1646189812248,
    "end": 1646189812252,
    "duration": 4,
    "pid": 2176,
    "index": 85
  },
  {
    "name": "Require(62) app/router.js",
    "start": 1646189812249,
    "end": 1646189812249,
    "duration": 0,
    "pid": 2176,
    "index": 86
  },
  {
    "name": "Before Start in node_modules/egg-core/lib/egg.js:303:10",
    "start": 1646189812249,
    "end": 1646189812281,
    "duration": 32,
    "pid": 2176,
    "index": 87
  }
]