[
  {
    "name": "Process Start",
    "start": 1646181769850,
    "end": 1646181770550,
    "duration": 700,
    "pid": 14072,
    "index": 0
  },
  {
    "name": "Application Start",
    "start": 1646181770550,
    "end": 1646181771380,
    "duration": 830,
    "pid": 14072,
    "index": 1
  },
  {
    "name": "Load Plugin",
    "start": 1646181770553,
    "end": 1646181770570,
    "duration": 17,
    "pid": 14072,
    "index": 2
  },
  {
    "name": "Load Config",
    "start": 1646181770570,
    "end": 1646181770590,
    "duration": 20,
    "pid": 14072,
    "index": 3
  },
  {
    "name": "Require(0) config/config.default.js",
    "start": 1646181770571,
    "end": 1646181770571,
    "duration": 0,
    "pid": 14072,
    "index": 4
  },
  {
    "name": "Require(1) node_modules/egg-session/config/config.default.js",
    "start": 1646181770572,
    "end": 1646181770572,
    "duration": 0,
    "pid": 14072,
    "index": 5
  },
  {
    "name": "Require(2) node_modules/egg-security/config/config.default.js",
    "start": 1646181770573,
    "end": 1646181770573,
    "duration": 0,
    "pid": 14072,
    "index": 6
  },
  {
    "name": "Require(3) node_modules/egg-jsonp/config/config.default.js",
    "start": 1646181770574,
    "end": 1646181770574,
    "duration": 0,
    "pid": 14072,
    "index": 7
  },
  {
    "name": "Require(4) node_modules/egg-onerror/config/config.default.js",
    "start": 1646181770574,
    "end": 1646181770575,
    "duration": 1,
    "pid": 14072,
    "index": 8
  },
  {
    "name": "Require(5) node_modules/egg-i18n/config/config.default.js",
    "start": 1646181770576,
    "end": 1646181770576,
    "duration": 0,
    "pid": 14072,
    "index": 9
  },
  {
    "name": "Require(6) node_modules/egg-watcher/config/config.default.js",
    "start": 1646181770577,
    "end": 1646181770577,
    "duration": 0,
    "pid": 14072,
    "index": 10
  },
  {
    "name": "Require(7) node_modules/egg-schedule/config/config.default.js",
    "start": 1646181770578,
    "end": 1646181770578,
    "duration": 0,
    "pid": 14072,
    "index": 11
  },
  {
    "name": "Require(8) node_modules/egg-multipart/config/config.default.js",
    "start": 1646181770578,
    "end": 1646181770579,
    "duration": 1,
    "pid": 14072,
    "index": 12
  },
  {
    "name": "Require(9) node_modules/egg-development/config/config.default.js",
    "start": 1646181770579,
    "end": 1646181770579,
    "duration": 0,
    "pid": 14072,
    "index": 13
  },
  {
    "name": "Require(10) node_modules/egg-logrotator/config/config.default.js",
    "start": 1646181770580,
    "end": 1646181770580,
    "duration": 0,
    "pid": 14072,
    "index": 14
  },
  {
    "name": "Require(11) node_modules/egg-static/config/config.default.js",
    "start": 1646181770580,
    "end": 1646181770580,
    "duration": 0,
    "pid": 14072,
    "index": 15
  },
  {
    "name": "Require(12) node_modules/egg-view/config/config.default.js",
    "start": 1646181770581,
    "end": 1646181770581,
    "duration": 0,
    "pid": 14072,
    "index": 16
  },
  {
    "name": "Require(13) node_modules/egg-sequelize/config/config.default.js",
    "start": 1646181770581,
    "end": 1646181770582,
    "duration": 1,
    "pid": 14072,
    "index": 17
  },
  {
    "name": "Require(14) node_modules/egg-view-nunjucks/config/config.default.js",
    "start": 1646181770582,
    "end": 1646181770583,
    "duration": 1,
    "pid": 14072,
    "index": 18
  },
  {
    "name": "Require(15) node_modules/egg-cors/config/config.default.js",
    "start": 1646181770583,
    "end": 1646181770583,
    "duration": 0,
    "pid": 14072,
    "index": 19
  },
  {
    "name": "Require(16) node_modules/egg-jwt/config/config.default.js",
    "start": 1646181770583,
    "end": 1646181770584,
    "duration": 1,
    "pid": 14072,
    "index": 20
  },
  {
    "name": "Require(17) node_modules/egg-socket.io/config/config.default.js",
    "start": 1646181770584,
    "end": 1646181770584,
    "duration": 0,
    "pid": 14072,
    "index": 21
  },
  {
    "name": "Require(18) node_modules/egg-etag/config/config.default.js",
    "start": 1646181770584,
    "end": 1646181770585,
    "duration": 1,
    "pid": 14072,
    "index": 22
  },
  {
    "name": "Require(19) node_modules/egg/config/config.default.js",
    "start": 1646181770585,
    "end": 1646181770585,
    "duration": 0,
    "pid": 14072,
    "index": 23
  },
  {
    "name": "Require(20) config/config.default.js",
    "start": 1646181770586,
    "end": 1646181770586,
    "duration": 0,
    "pid": 14072,
    "index": 24
  },
  {
    "name": "Require(21) node_modules/egg-security/config/config.local.js",
    "start": 1646181770586,
    "end": 1646181770586,
    "duration": 0,
    "pid": 14072,
    "index": 25
  },
  {
    "name": "Require(22) node_modules/egg-watcher/config/config.local.js",
    "start": 1646181770587,
    "end": 1646181770587,
    "duration": 0,
    "pid": 14072,
    "index": 26
  },
  {
    "name": "Require(23) node_modules/egg-view/config/config.local.js",
    "start": 1646181770588,
    "end": 1646181770588,
    "duration": 0,
    "pid": 14072,
    "index": 27
  },
  {
    "name": "Require(24) node_modules/egg-view-nunjucks/config/config.local.js",
    "start": 1646181770589,
    "end": 1646181770589,
    "duration": 0,
    "pid": 14072,
    "index": 28
  },
  {
    "name": "Require(25) node_modules/egg/config/config.local.js",
    "start": 1646181770590,
    "end": 1646181770590,
    "duration": 0,
    "pid": 14072,
    "index": 29
  },
  {
    "name": "Load extend/application.js",
    "start": 1646181770591,
    "end": 1646181770707,
    "duration": 116,
    "pid": 14072,
    "index": 30
  },
  {
    "name": "Require(26) node_modules/egg-session/app/extend/application.js",
    "start": 1646181770591,
    "end": 1646181770592,
    "duration": 1,
    "pid": 14072,
    "index": 31
  },
  {
    "name": "Require(27) node_modules/egg-security/app/extend/application.js",
    "start": 1646181770592,
    "end": 1646181770593,
    "duration": 1,
    "pid": 14072,
    "index": 32
  },
  {
    "name": "Require(28) node_modules/egg-jsonp/app/extend/application.js",
    "start": 1646181770593,
    "end": 1646181770595,
    "duration": 2,
    "pid": 14072,
    "index": 33
  },
  {
    "name": "Require(29) node_modules/egg-logrotator/app/extend/application.js",
    "start": 1646181770596,
    "end": 1646181770597,
    "duration": 1,
    "pid": 14072,
    "index": 34
  },
  {
    "name": "Require(30) node_modules/egg-view/app/extend/application.js",
    "start": 1646181770597,
    "end": 1646181770598,
    "duration": 1,
    "pid": 14072,
    "index": 35
  },
  {
    "name": "Require(31) node_modules/egg-view-nunjucks/app/extend/application.js",
    "start": 1646181770599,
    "end": 1646181770623,
    "duration": 24,
    "pid": 14072,
    "index": 36
  },
  {
    "name": "Require(32) node_modules/egg-jwt/app/extend/application.js",
    "start": 1646181770623,
    "end": 1646181770661,
    "duration": 38,
    "pid": 14072,
    "index": 37
  },
  {
    "name": "Require(33) node_modules/egg-socket.io/app/extend/application.js",
    "start": 1646181770662,
    "end": 1646181770703,
    "duration": 41,
    "pid": 14072,
    "index": 38
  },
  {
    "name": "Load extend/request.js",
    "start": 1646181770707,
    "end": 1646181770713,
    "duration": 6,
    "pid": 14072,
    "index": 39
  },
  {
    "name": "Require(34) node_modules/egg/app/extend/request.js",
    "start": 1646181770710,
    "end": 1646181770710,
    "duration": 0,
    "pid": 14072,
    "index": 40
  },
  {
    "name": "Load extend/response.js",
    "start": 1646181770713,
    "end": 1646181770720,
    "duration": 7,
    "pid": 14072,
    "index": 41
  },
  {
    "name": "Require(35) node_modules/egg/app/extend/response.js",
    "start": 1646181770716,
    "end": 1646181770717,
    "duration": 1,
    "pid": 14072,
    "index": 42
  },
  {
    "name": "Load extend/context.js",
    "start": 1646181770720,
    "end": 1646181770766,
    "duration": 46,
    "pid": 14072,
    "index": 43
  },
  {
    "name": "Require(36) node_modules/egg-security/app/extend/context.js",
    "start": 1646181770721,
    "end": 1646181770727,
    "duration": 6,
    "pid": 14072,
    "index": 44
  },
  {
    "name": "Require(37) node_modules/egg-jsonp/app/extend/context.js",
    "start": 1646181770727,
    "end": 1646181770728,
    "duration": 1,
    "pid": 14072,
    "index": 45
  },
  {
    "name": "Require(38) node_modules/egg-i18n/app/extend/context.js",
    "start": 1646181770728,
    "end": 1646181770728,
    "duration": 0,
    "pid": 14072,
    "index": 46
  },
  {
    "name": "Require(39) node_modules/egg-multipart/app/extend/context.js",
    "start": 1646181770729,
    "end": 1646181770760,
    "duration": 31,
    "pid": 14072,
    "index": 47
  },
  {
    "name": "Require(40) node_modules/egg-view/app/extend/context.js",
    "start": 1646181770761,
    "end": 1646181770761,
    "duration": 0,
    "pid": 14072,
    "index": 48
  },
  {
    "name": "Require(41) node_modules/egg/app/extend/context.js",
    "start": 1646181770762,
    "end": 1646181770763,
    "duration": 1,
    "pid": 14072,
    "index": 49
  },
  {
    "name": "Load extend/helper.js",
    "start": 1646181770766,
    "end": 1646181770786,
    "duration": 20,
    "pid": 14072,
    "index": 50
  },
  {
    "name": "Require(42) node_modules/egg-security/app/extend/helper.js",
    "start": 1646181770766,
    "end": 1646181770779,
    "duration": 13,
    "pid": 14072,
    "index": 51
  },
  {
    "name": "Require(43) node_modules/egg/app/extend/helper.js",
    "start": 1646181770782,
    "end": 1646181770782,
    "duration": 0,
    "pid": 14072,
    "index": 52
  },
  {
    "name": "Require(44) app/extend/helper.js",
    "start": 1646181770782,
    "end": 1646181770783,
    "duration": 1,
    "pid": 14072,
    "index": 53
  },
  {
    "name": "Load app.js",
    "start": 1646181770786,
    "end": 1646181770851,
    "duration": 65,
    "pid": 14072,
    "index": 54
  },
  {
    "name": "Require(45) node_modules/egg-session/app.js",
    "start": 1646181770786,
    "end": 1646181770787,
    "duration": 1,
    "pid": 14072,
    "index": 55
  },
  {
    "name": "Require(46) node_modules/egg-security/app.js",
    "start": 1646181770787,
    "end": 1646181770788,
    "duration": 1,
    "pid": 14072,
    "index": 56
  },
  {
    "name": "Require(47) node_modules/egg-onerror/app.js",
    "start": 1646181770788,
    "end": 1646181770795,
    "duration": 7,
    "pid": 14072,
    "index": 57
  },
  {
    "name": "Require(48) node_modules/egg-i18n/app.js",
    "start": 1646181770796,
    "end": 1646181770809,
    "duration": 13,
    "pid": 14072,
    "index": 58
  },
  {
    "name": "Require(49) node_modules/egg-watcher/app.js",
    "start": 1646181770809,
    "end": 1646181770811,
    "duration": 2,
    "pid": 14072,
    "index": 59
  },
  {
    "name": "Require(50) node_modules/egg-schedule/app.js",
    "start": 1646181770811,
    "end": 1646181770813,
    "duration": 2,
    "pid": 14072,
    "index": 60
  },
  {
    "name": "Require(51) node_modules/egg-multipart/app.js",
    "start": 1646181770813,
    "end": 1646181770813,
    "duration": 0,
    "pid": 14072,
    "index": 61
  },
  {
    "name": "Require(52) node_modules/egg-development/app.js",
    "start": 1646181770814,
    "end": 1646181770814,
    "duration": 0,
    "pid": 14072,
    "index": 62
  },
  {
    "name": "Require(53) node_modules/egg-logrotator/app.js",
    "start": 1646181770814,
    "end": 1646181770814,
    "duration": 0,
    "pid": 14072,
    "index": 63
  },
  {
    "name": "Require(54) node_modules/egg-static/app.js",
    "start": 1646181770814,
    "end": 1646181770815,
    "duration": 1,
    "pid": 14072,
    "index": 64
  },
  {
    "name": "Require(55) node_modules/egg-sequelize/app.js",
    "start": 1646181770815,
    "end": 1646181770815,
    "duration": 0,
    "pid": 14072,
    "index": 65
  },
  {
    "name": "Require(56) node_modules/egg-view-nunjucks/app.js",
    "start": 1646181770816,
    "end": 1646181770816,
    "duration": 0,
    "pid": 14072,
    "index": 66
  },
  {
    "name": "Require(57) node_modules/egg-cors/app.js",
    "start": 1646181770816,
    "end": 1646181770816,
    "duration": 0,
    "pid": 14072,
    "index": 67
  },
  {
    "name": "Require(58) node_modules/egg-jwt/app.js",
    "start": 1646181770816,
    "end": 1646181770817,
    "duration": 1,
    "pid": 14072,
    "index": 68
  },
  {
    "name": "Require(59) node_modules/egg-socket.io/app.js",
    "start": 1646181770817,
    "end": 1646181770850,
    "duration": 33,
    "pid": 14072,
    "index": 69
  },
  {
    "name": "Require(60) node_modules/egg-etag/app.js",
    "start": 1646181770850,
    "end": 1646181770850,
    "duration": 0,
    "pid": 14072,
    "index": 70
  },
  {
    "name": "Require(61) app.js",
    "start": 1646181770851,
    "end": 1646181770851,
    "duration": 0,
    "pid": 14072,
    "index": 71
  },
  {
    "name": "Before Start in node_modules/egg-watcher/lib/init.js:15:14",
    "start": 1646181770856,
    "end": 1646181771298,
    "duration": 442,
    "pid": 14072,
    "index": 72
  },
  {
    "name": "Load \"Symbol(model)\" to Application",
    "start": 1646181771088,
    "end": 1646181771103,
    "duration": 15,
    "pid": 14072,
    "index": 73
  },
  {
    "name": "Before Start in node_modules/egg-sequelize/lib/loader.js:39:7",
    "start": 1646181771103,
    "end": 1646181771307,
    "duration": 204,
    "pid": 14072,
    "index": 74
  },
  {
    "name": "Load Controller",
    "start": 1646181771116,
    "end": 1646181771231,
    "duration": 115,
    "pid": 14072,
    "index": 75
  },
  {
    "name": "Load \"controller\" to Application",
    "start": 1646181771116,
    "end": 1646181771231,
    "duration": 115,
    "pid": 14072,
    "index": 76
  },
  {
    "name": "Before Start in node_modules/egg-socket.io/lib/io.js:26:7",
    "start": 1646181771122,
    "end": 1646181771282,
    "duration": 160,
    "pid": 14072,
    "index": 77
  },
  {
    "name": "Before Start in app.js:2:7",
    "start": 1646181771122,
    "end": 1646181771379,
    "duration": 257,
    "pid": 14072,
    "index": 78
  },
  {
    "name": "Load Service",
    "start": 1646181771122,
    "end": 1646181771134,
    "duration": 12,
    "pid": 14072,
    "index": 79
  },
  {
    "name": "Load \"service\" to Context",
    "start": 1646181771122,
    "end": 1646181771134,
    "duration": 12,
    "pid": 14072,
    "index": 80
  },
  {
    "name": "Load Middleware",
    "start": 1646181771135,
    "end": 1646181771231,
    "duration": 96,
    "pid": 14072,
    "index": 81
  },
  {
    "name": "Load \"middlewares\" to Application",
    "start": 1646181771135,
    "end": 1646181771221,
    "duration": 86,
    "pid": 14072,
    "index": 82
  },
  {
    "name": "Load Controller",
    "start": 1646181771231,
    "end": 1646181771245,
    "duration": 14,
    "pid": 14072,
    "index": 83
  },
  {
    "name": "Load \"controller\" to Application",
    "start": 1646181771231,
    "end": 1646181771245,
    "duration": 14,
    "pid": 14072,
    "index": 84
  },
  {
    "name": "Load Router",
    "start": 1646181771245,
    "end": 1646181771251,
    "duration": 6,
    "pid": 14072,
    "index": 85
  },
  {
    "name": "Require(62) app/router.js",
    "start": 1646181771245,
    "end": 1646181771246,
    "duration": 1,
    "pid": 14072,
    "index": 86
  },
  {
    "name": "Before Start in node_modules/egg-core/lib/egg.js:303:10",
    "start": 1646181771247,
    "end": 1646181771281,
    "duration": 34,
    "pid": 14072,
    "index": 87
  }
]