[
  {
    "name": "Process Start",
    "start": 1646203974113,
    "end": 1646203974810,
    "duration": 697,
    "pid": 4648,
    "index": 0
  },
  {
    "name": "Application Start",
    "start": 1646203974810,
    "end": 1646203975462,
    "duration": 652,
    "pid": 4648,
    "index": 1
  },
  {
    "name": "Load Plugin",
    "start": 1646203974813,
    "end": 1646203974830,
    "duration": 17,
    "pid": 4648,
    "index": 2
  },
  {
    "name": "Load Config",
    "start": 1646203974830,
    "end": 1646203974848,
    "duration": 18,
    "pid": 4648,
    "index": 3
  },
  {
    "name": "Require(0) config/config.default.js",
    "start": 1646203974830,
    "end": 1646203974831,
    "duration": 1,
    "pid": 4648,
    "index": 4
  },
  {
    "name": "Require(1) node_modules/egg-session/config/config.default.js",
    "start": 1646203974832,
    "end": 1646203974832,
    "duration": 0,
    "pid": 4648,
    "index": 5
  },
  {
    "name": "Require(2) node_modules/egg-security/config/config.default.js",
    "start": 1646203974832,
    "end": 1646203974833,
    "duration": 1,
    "pid": 4648,
    "index": 6
  },
  {
    "name": "Require(3) node_modules/egg-jsonp/config/config.default.js",
    "start": 1646203974833,
    "end": 1646203974834,
    "duration": 1,
    "pid": 4648,
    "index": 7
  },
  {
    "name": "Require(4) node_modules/egg-onerror/config/config.default.js",
    "start": 1646203974834,
    "end": 1646203974834,
    "duration": 0,
    "pid": 4648,
    "index": 8
  },
  {
    "name": "Require(5) node_modules/egg-i18n/config/config.default.js",
    "start": 1646203974834,
    "end": 1646203974835,
    "duration": 1,
    "pid": 4648,
    "index": 9
  },
  {
    "name": "Require(6) node_modules/egg-watcher/config/config.default.js",
    "start": 1646203974835,
    "end": 1646203974835,
    "duration": 0,
    "pid": 4648,
    "index": 10
  },
  {
    "name": "Require(7) node_modules/egg-schedule/config/config.default.js",
    "start": 1646203974836,
    "end": 1646203974836,
    "duration": 0,
    "pid": 4648,
    "index": 11
  },
  {
    "name": "Require(8) node_modules/egg-multipart/config/config.default.js",
    "start": 1646203974836,
    "end": 1646203974836,
    "duration": 0,
    "pid": 4648,
    "index": 12
  },
  {
    "name": "Require(9) node_modules/egg-development/config/config.default.js",
    "start": 1646203974837,
    "end": 1646203974837,
    "duration": 0,
    "pid": 4648,
    "index": 13
  },
  {
    "name": "Require(10) node_modules/egg-logrotator/config/config.default.js",
    "start": 1646203974837,
    "end": 1646203974838,
    "duration": 1,
    "pid": 4648,
    "index": 14
  },
  {
    "name": "Require(11) node_modules/egg-static/config/config.default.js",
    "start": 1646203974838,
    "end": 1646203974838,
    "duration": 0,
    "pid": 4648,
    "index": 15
  },
  {
    "name": "Require(12) node_modules/egg-view/config/config.default.js",
    "start": 1646203974838,
    "end": 1646203974839,
    "duration": 1,
    "pid": 4648,
    "index": 16
  },
  {
    "name": "Require(13) node_modules/egg-sequelize/config/config.default.js",
    "start": 1646203974839,
    "end": 1646203974839,
    "duration": 0,
    "pid": 4648,
    "index": 17
  },
  {
    "name": "Require(14) node_modules/egg-view-nunjucks/config/config.default.js",
    "start": 1646203974840,
    "end": 1646203974840,
    "duration": 0,
    "pid": 4648,
    "index": 18
  },
  {
    "name": "Require(15) node_modules/egg-cors/config/config.default.js",
    "start": 1646203974840,
    "end": 1646203974840,
    "duration": 0,
    "pid": 4648,
    "index": 19
  },
  {
    "name": "Require(16) node_modules/egg-jwt/config/config.default.js",
    "start": 1646203974841,
    "end": 1646203974841,
    "duration": 0,
    "pid": 4648,
    "index": 20
  },
  {
    "name": "Require(17) node_modules/egg-socket.io/config/config.default.js",
    "start": 1646203974841,
    "end": 1646203974841,
    "duration": 0,
    "pid": 4648,
    "index": 21
  },
  {
    "name": "Require(18) node_modules/egg-etag/config/config.default.js",
    "start": 1646203974842,
    "end": 1646203974842,
    "duration": 0,
    "pid": 4648,
    "index": 22
  },
  {
    "name": "Require(19) node_modules/egg/config/config.default.js",
    "start": 1646203974842,
    "end": 1646203974842,
    "duration": 0,
    "pid": 4648,
    "index": 23
  },
  {
    "name": "Require(20) config/config.default.js",
    "start": 1646203974843,
    "end": 1646203974843,
    "duration": 0,
    "pid": 4648,
    "index": 24
  },
  {
    "name": "Require(21) node_modules/egg-security/config/config.local.js",
    "start": 1646203974843,
    "end": 1646203974844,
    "duration": 1,
    "pid": 4648,
    "index": 25
  },
  {
    "name": "Require(22) node_modules/egg-watcher/config/config.local.js",
    "start": 1646203974844,
    "end": 1646203974845,
    "duration": 1,
    "pid": 4648,
    "index": 26
  },
  {
    "name": "Require(23) node_modules/egg-view/config/config.local.js",
    "start": 1646203974846,
    "end": 1646203974846,
    "duration": 0,
    "pid": 4648,
    "index": 27
  },
  {
    "name": "Require(24) node_modules/egg-view-nunjucks/config/config.local.js",
    "start": 1646203974847,
    "end": 1646203974847,
    "duration": 0,
    "pid": 4648,
    "index": 28
  },
  {
    "name": "Require(25) node_modules/egg/config/config.local.js",
    "start": 1646203974847,
    "end": 1646203974848,
    "duration": 1,
    "pid": 4648,
    "index": 29
  },
  {
    "name": "Load extend/application.js",
    "start": 1646203974849,
    "end": 1646203974930,
    "duration": 81,
    "pid": 4648,
    "index": 30
  },
  {
    "name": "Require(26) node_modules/egg-session/app/extend/application.js",
    "start": 1646203974849,
    "end": 1646203974849,
    "duration": 0,
    "pid": 4648,
    "index": 31
  },
  {
    "name": "Require(27) node_modules/egg-security/app/extend/application.js",
    "start": 1646203974849,
    "end": 1646203974850,
    "duration": 1,
    "pid": 4648,
    "index": 32
  },
  {
    "name": "Require(28) node_modules/egg-jsonp/app/extend/application.js",
    "start": 1646203974850,
    "end": 1646203974852,
    "duration": 2,
    "pid": 4648,
    "index": 33
  },
  {
    "name": "Require(29) node_modules/egg-logrotator/app/extend/application.js",
    "start": 1646203974853,
    "end": 1646203974854,
    "duration": 1,
    "pid": 4648,
    "index": 34
  },
  {
    "name": "Require(30) node_modules/egg-view/app/extend/application.js",
    "start": 1646203974854,
    "end": 1646203974855,
    "duration": 1,
    "pid": 4648,
    "index": 35
  },
  {
    "name": "Require(31) node_modules/egg-view-nunjucks/app/extend/application.js",
    "start": 1646203974855,
    "end": 1646203974872,
    "duration": 17,
    "pid": 4648,
    "index": 36
  },
  {
    "name": "Require(32) node_modules/egg-jwt/app/extend/application.js",
    "start": 1646203974872,
    "end": 1646203974897,
    "duration": 25,
    "pid": 4648,
    "index": 37
  },
  {
    "name": "Require(33) node_modules/egg-socket.io/app/extend/application.js",
    "start": 1646203974897,
    "end": 1646203974927,
    "duration": 30,
    "pid": 4648,
    "index": 38
  },
  {
    "name": "Load extend/request.js",
    "start": 1646203974930,
    "end": 1646203974935,
    "duration": 5,
    "pid": 4648,
    "index": 39
  },
  {
    "name": "Require(34) node_modules/egg/app/extend/request.js",
    "start": 1646203974932,
    "end": 1646203974933,
    "duration": 1,
    "pid": 4648,
    "index": 40
  },
  {
    "name": "Load extend/response.js",
    "start": 1646203974935,
    "end": 1646203974941,
    "duration": 6,
    "pid": 4648,
    "index": 41
  },
  {
    "name": "Require(35) node_modules/egg/app/extend/response.js",
    "start": 1646203974937,
    "end": 1646203974938,
    "duration": 1,
    "pid": 4648,
    "index": 42
  },
  {
    "name": "Load extend/context.js",
    "start": 1646203974941,
    "end": 1646203974987,
    "duration": 46,
    "pid": 4648,
    "index": 43
  },
  {
    "name": "Require(36) node_modules/egg-security/app/extend/context.js",
    "start": 1646203974941,
    "end": 1646203974947,
    "duration": 6,
    "pid": 4648,
    "index": 44
  },
  {
    "name": "Require(37) node_modules/egg-jsonp/app/extend/context.js",
    "start": 1646203974947,
    "end": 1646203974948,
    "duration": 1,
    "pid": 4648,
    "index": 45
  },
  {
    "name": "Require(38) node_modules/egg-i18n/app/extend/context.js",
    "start": 1646203974948,
    "end": 1646203974948,
    "duration": 0,
    "pid": 4648,
    "index": 46
  },
  {
    "name": "Require(39) node_modules/egg-multipart/app/extend/context.js",
    "start": 1646203974949,
    "end": 1646203974981,
    "duration": 32,
    "pid": 4648,
    "index": 47
  },
  {
    "name": "Require(40) node_modules/egg-view/app/extend/context.js",
    "start": 1646203974982,
    "end": 1646203974982,
    "duration": 0,
    "pid": 4648,
    "index": 48
  },
  {
    "name": "Require(41) node_modules/egg/app/extend/context.js",
    "start": 1646203974983,
    "end": 1646203974984,
    "duration": 1,
    "pid": 4648,
    "index": 49
  },
  {
    "name": "Load extend/helper.js",
    "start": 1646203974987,
    "end": 1646203975003,
    "duration": 16,
    "pid": 4648,
    "index": 50
  },
  {
    "name": "Require(42) node_modules/egg-security/app/extend/helper.js",
    "start": 1646203974987,
    "end": 1646203974997,
    "duration": 10,
    "pid": 4648,
    "index": 51
  },
  {
    "name": "Require(43) node_modules/egg/app/extend/helper.js",
    "start": 1646203974999,
    "end": 1646203974999,
    "duration": 0,
    "pid": 4648,
    "index": 52
  },
  {
    "name": "Require(44) app/extend/helper.js",
    "start": 1646203975000,
    "end": 1646203975000,
    "duration": 0,
    "pid": 4648,
    "index": 53
  },
  {
    "name": "Load app.js",
    "start": 1646203975003,
    "end": 1646203975053,
    "duration": 50,
    "pid": 4648,
    "index": 54
  },
  {
    "name": "Require(45) node_modules/egg-session/app.js",
    "start": 1646203975003,
    "end": 1646203975003,
    "duration": 0,
    "pid": 4648,
    "index": 55
  },
  {
    "name": "Require(46) node_modules/egg-security/app.js",
    "start": 1646203975003,
    "end": 1646203975004,
    "duration": 1,
    "pid": 4648,
    "index": 56
  },
  {
    "name": "Require(47) node_modules/egg-onerror/app.js",
    "start": 1646203975005,
    "end": 1646203975009,
    "duration": 4,
    "pid": 4648,
    "index": 57
  },
  {
    "name": "Require(48) node_modules/egg-i18n/app.js",
    "start": 1646203975009,
    "end": 1646203975017,
    "duration": 8,
    "pid": 4648,
    "index": 58
  },
  {
    "name": "Require(49) node_modules/egg-watcher/app.js",
    "start": 1646203975018,
    "end": 1646203975020,
    "duration": 2,
    "pid": 4648,
    "index": 59
  },
  {
    "name": "Require(50) node_modules/egg-schedule/app.js",
    "start": 1646203975020,
    "end": 1646203975021,
    "duration": 1,
    "pid": 4648,
    "index": 60
  },
  {
    "name": "Require(51) node_modules/egg-multipart/app.js",
    "start": 1646203975021,
    "end": 1646203975022,
    "duration": 1,
    "pid": 4648,
    "index": 61
  },
  {
    "name": "Require(52) node_modules/egg-development/app.js",
    "start": 1646203975022,
    "end": 1646203975022,
    "duration": 0,
    "pid": 4648,
    "index": 62
  },
  {
    "name": "Require(53) node_modules/egg-logrotator/app.js",
    "start": 1646203975022,
    "end": 1646203975022,
    "duration": 0,
    "pid": 4648,
    "index": 63
  },
  {
    "name": "Require(54) node_modules/egg-static/app.js",
    "start": 1646203975022,
    "end": 1646203975023,
    "duration": 1,
    "pid": 4648,
    "index": 64
  },
  {
    "name": "Require(55) node_modules/egg-sequelize/app.js",
    "start": 1646203975023,
    "end": 1646203975023,
    "duration": 0,
    "pid": 4648,
    "index": 65
  },
  {
    "name": "Require(56) node_modules/egg-view-nunjucks/app.js",
    "start": 1646203975023,
    "end": 1646203975024,
    "duration": 1,
    "pid": 4648,
    "index": 66
  },
  {
    "name": "Require(57) node_modules/egg-cors/app.js",
    "start": 1646203975024,
    "end": 1646203975024,
    "duration": 0,
    "pid": 4648,
    "index": 67
  },
  {
    "name": "Require(58) node_modules/egg-jwt/app.js",
    "start": 1646203975024,
    "end": 1646203975024,
    "duration": 0,
    "pid": 4648,
    "index": 68
  },
  {
    "name": "Require(59) node_modules/egg-socket.io/app.js",
    "start": 1646203975024,
    "end": 1646203975052,
    "duration": 28,
    "pid": 4648,
    "index": 69
  },
  {
    "name": "Require(60) node_modules/egg-etag/app.js",
    "start": 1646203975052,
    "end": 1646203975052,
    "duration": 0,
    "pid": 4648,
    "index": 70
  },
  {
    "name": "Require(61) app.js",
    "start": 1646203975053,
    "end": 1646203975053,
    "duration": 0,
    "pid": 4648,
    "index": 71
  },
  {
    "name": "Before Start in node_modules/egg-watcher/lib/init.js:15:14",
    "start": 1646203975060,
    "end": 1646203975431,
    "duration": 371,
    "pid": 4648,
    "index": 72
  },
  {
    "name": "Load \"Symbol(model)\" to Application",
    "start": 1646203975287,
    "end": 1646203975300,
    "duration": 13,
    "pid": 4648,
    "index": 73
  },
  {
    "name": "Before Start in node_modules/egg-sequelize/lib/loader.js:39:7",
    "start": 1646203975300,
    "end": 1646203975440,
    "duration": 140,
    "pid": 4648,
    "index": 74
  },
  {
    "name": "Load Controller",
    "start": 1646203975311,
    "end": 1646203975381,
    "duration": 70,
    "pid": 4648,
    "index": 75
  },
  {
    "name": "Load \"controller\" to Application",
    "start": 1646203975311,
    "end": 1646203975381,
    "duration": 70,
    "pid": 4648,
    "index": 76
  },
  {
    "name": "Before Start in node_modules/egg-socket.io/lib/io.js:26:7",
    "start": 1646203975316,
    "end": 1646203975416,
    "duration": 100,
    "pid": 4648,
    "index": 77
  },
  {
    "name": "Before Start in app.js:2:7",
    "start": 1646203975316,
    "end": 1646203975461,
    "duration": 145,
    "pid": 4648,
    "index": 78
  },
  {
    "name": "Load Service",
    "start": 1646203975316,
    "end": 1646203975324,
    "duration": 8,
    "pid": 4648,
    "index": 79
  },
  {
    "name": "Load \"service\" to Context",
    "start": 1646203975316,
    "end": 1646203975324,
    "duration": 8,
    "pid": 4648,
    "index": 80
  },
  {
    "name": "Load Middleware",
    "start": 1646203975324,
    "end": 1646203975381,
    "duration": 57,
    "pid": 4648,
    "index": 81
  },
  {
    "name": "Load \"middlewares\" to Application",
    "start": 1646203975324,
    "end": 1646203975373,
    "duration": 49,
    "pid": 4648,
    "index": 82
  },
  {
    "name": "Load Controller",
    "start": 1646203975381,
    "end": 1646203975389,
    "duration": 8,
    "pid": 4648,
    "index": 83
  },
  {
    "name": "Load \"controller\" to Application",
    "start": 1646203975381,
    "end": 1646203975389,
    "duration": 8,
    "pid": 4648,
    "index": 84
  },
  {
    "name": "Load Router",
    "start": 1646203975389,
    "end": 1646203975392,
    "duration": 3,
    "pid": 4648,
    "index": 85
  },
  {
    "name": "Require(62) app/router.js",
    "start": 1646203975389,
    "end": 1646203975389,
    "duration": 0,
    "pid": 4648,
    "index": 86
  },
  {
    "name": "Before Start in node_modules/egg-core/lib/egg.js:303:10",
    "start": 1646203975389,
    "end": 1646203975416,
    "duration": 27,
    "pid": 4648,
    "index": 87
  }
]