[
  {
    "name": "Process Start",
    "start": 1646189840990,
    "end": 1646189841701,
    "duration": 711,
    "pid": 9400,
    "index": 0
  },
  {
    "name": "Application Start",
    "start": 1646189841701,
    "end": 1646189842393,
    "duration": 692,
    "pid": 9400,
    "index": 1
  },
  {
    "name": "Load Plugin",
    "start": 1646189841704,
    "end": 1646189841722,
    "duration": 18,
    "pid": 9400,
    "index": 2
  },
  {
    "name": "Load Config",
    "start": 1646189841722,
    "end": 1646189841743,
    "duration": 21,
    "pid": 9400,
    "index": 3
  },
  {
    "name": "Require(0) config/config.default.js",
    "start": 1646189841722,
    "end": 1646189841723,
    "duration": 1,
    "pid": 9400,
    "index": 4
  },
  {
    "name": "Require(1) node_modules/egg-session/config/config.default.js",
    "start": 1646189841724,
    "end": 1646189841724,
    "duration": 0,
    "pid": 9400,
    "index": 5
  },
  {
    "name": "Require(2) node_modules/egg-security/config/config.default.js",
    "start": 1646189841724,
    "end": 1646189841725,
    "duration": 1,
    "pid": 9400,
    "index": 6
  },
  {
    "name": "Require(3) node_modules/egg-jsonp/config/config.default.js",
    "start": 1646189841725,
    "end": 1646189841726,
    "duration": 1,
    "pid": 9400,
    "index": 7
  },
  {
    "name": "Require(4) node_modules/egg-onerror/config/config.default.js",
    "start": 1646189841726,
    "end": 1646189841726,
    "duration": 0,
    "pid": 9400,
    "index": 8
  },
  {
    "name": "Require(5) node_modules/egg-i18n/config/config.default.js",
    "start": 1646189841727,
    "end": 1646189841728,
    "duration": 1,
    "pid": 9400,
    "index": 9
  },
  {
    "name": "Require(6) node_modules/egg-watcher/config/config.default.js",
    "start": 1646189841729,
    "end": 1646189841729,
    "duration": 0,
    "pid": 9400,
    "index": 10
  },
  {
    "name": "Require(7) node_modules/egg-schedule/config/config.default.js",
    "start": 1646189841729,
    "end": 1646189841730,
    "duration": 1,
    "pid": 9400,
    "index": 11
  },
  {
    "name": "Require(8) node_modules/egg-multipart/config/config.default.js",
    "start": 1646189841730,
    "end": 1646189841730,
    "duration": 0,
    "pid": 9400,
    "index": 12
  },
  {
    "name": "Require(9) node_modules/egg-development/config/config.default.js",
    "start": 1646189841731,
    "end": 1646189841731,
    "duration": 0,
    "pid": 9400,
    "index": 13
  },
  {
    "name": "Require(10) node_modules/egg-logrotator/config/config.default.js",
    "start": 1646189841731,
    "end": 1646189841732,
    "duration": 1,
    "pid": 9400,
    "index": 14
  },
  {
    "name": "Require(11) node_modules/egg-static/config/config.default.js",
    "start": 1646189841732,
    "end": 1646189841732,
    "duration": 0,
    "pid": 9400,
    "index": 15
  },
  {
    "name": "Require(12) node_modules/egg-view/config/config.default.js",
    "start": 1646189841733,
    "end": 1646189841733,
    "duration": 0,
    "pid": 9400,
    "index": 16
  },
  {
    "name": "Require(13) node_modules/egg-sequelize/config/config.default.js",
    "start": 1646189841733,
    "end": 1646189841734,
    "duration": 1,
    "pid": 9400,
    "index": 17
  },
  {
    "name": "Require(14) node_modules/egg-view-nunjucks/config/config.default.js",
    "start": 1646189841734,
    "end": 1646189841735,
    "duration": 1,
    "pid": 9400,
    "index": 18
  },
  {
    "name": "Require(15) node_modules/egg-cors/config/config.default.js",
    "start": 1646189841735,
    "end": 1646189841735,
    "duration": 0,
    "pid": 9400,
    "index": 19
  },
  {
    "name": "Require(16) node_modules/egg-jwt/config/config.default.js",
    "start": 1646189841735,
    "end": 1646189841736,
    "duration": 1,
    "pid": 9400,
    "index": 20
  },
  {
    "name": "Require(17) node_modules/egg-socket.io/config/config.default.js",
    "start": 1646189841736,
    "end": 1646189841736,
    "duration": 0,
    "pid": 9400,
    "index": 21
  },
  {
    "name": "Require(18) node_modules/egg-etag/config/config.default.js",
    "start": 1646189841736,
    "end": 1646189841737,
    "duration": 1,
    "pid": 9400,
    "index": 22
  },
  {
    "name": "Require(19) node_modules/egg/config/config.default.js",
    "start": 1646189841737,
    "end": 1646189841738,
    "duration": 1,
    "pid": 9400,
    "index": 23
  },
  {
    "name": "Require(20) config/config.default.js",
    "start": 1646189841739,
    "end": 1646189841739,
    "duration": 0,
    "pid": 9400,
    "index": 24
  },
  {
    "name": "Require(21) node_modules/egg-security/config/config.local.js",
    "start": 1646189841739,
    "end": 1646189841739,
    "duration": 0,
    "pid": 9400,
    "index": 25
  },
  {
    "name": "Require(22) node_modules/egg-watcher/config/config.local.js",
    "start": 1646189841740,
    "end": 1646189841740,
    "duration": 0,
    "pid": 9400,
    "index": 26
  },
  {
    "name": "Require(23) node_modules/egg-view/config/config.local.js",
    "start": 1646189841741,
    "end": 1646189841741,
    "duration": 0,
    "pid": 9400,
    "index": 27
  },
  {
    "name": "Require(24) node_modules/egg-view-nunjucks/config/config.local.js",
    "start": 1646189841742,
    "end": 1646189841742,
    "duration": 0,
    "pid": 9400,
    "index": 28
  },
  {
    "name": "Require(25) node_modules/egg/config/config.local.js",
    "start": 1646189841743,
    "end": 1646189841743,
    "duration": 0,
    "pid": 9400,
    "index": 29
  },
  {
    "name": "Load extend/application.js",
    "start": 1646189841744,
    "end": 1646189841829,
    "duration": 85,
    "pid": 9400,
    "index": 30
  },
  {
    "name": "Require(26) node_modules/egg-session/app/extend/application.js",
    "start": 1646189841744,
    "end": 1646189841745,
    "duration": 1,
    "pid": 9400,
    "index": 31
  },
  {
    "name": "Require(27) node_modules/egg-security/app/extend/application.js",
    "start": 1646189841745,
    "end": 1646189841746,
    "duration": 1,
    "pid": 9400,
    "index": 32
  },
  {
    "name": "Require(28) node_modules/egg-jsonp/app/extend/application.js",
    "start": 1646189841746,
    "end": 1646189841747,
    "duration": 1,
    "pid": 9400,
    "index": 33
  },
  {
    "name": "Require(29) node_modules/egg-logrotator/app/extend/application.js",
    "start": 1646189841748,
    "end": 1646189841749,
    "duration": 1,
    "pid": 9400,
    "index": 34
  },
  {
    "name": "Require(30) node_modules/egg-view/app/extend/application.js",
    "start": 1646189841750,
    "end": 1646189841751,
    "duration": 1,
    "pid": 9400,
    "index": 35
  },
  {
    "name": "Require(31) node_modules/egg-view-nunjucks/app/extend/application.js",
    "start": 1646189841751,
    "end": 1646189841767,
    "duration": 16,
    "pid": 9400,
    "index": 36
  },
  {
    "name": "Require(32) node_modules/egg-jwt/app/extend/application.js",
    "start": 1646189841768,
    "end": 1646189841794,
    "duration": 26,
    "pid": 9400,
    "index": 37
  },
  {
    "name": "Require(33) node_modules/egg-socket.io/app/extend/application.js",
    "start": 1646189841794,
    "end": 1646189841826,
    "duration": 32,
    "pid": 9400,
    "index": 38
  },
  {
    "name": "Load extend/request.js",
    "start": 1646189841829,
    "end": 1646189841836,
    "duration": 7,
    "pid": 9400,
    "index": 39
  },
  {
    "name": "Require(34) node_modules/egg/app/extend/request.js",
    "start": 1646189841832,
    "end": 1646189841833,
    "duration": 1,
    "pid": 9400,
    "index": 40
  },
  {
    "name": "Load extend/response.js",
    "start": 1646189841836,
    "end": 1646189841843,
    "duration": 7,
    "pid": 9400,
    "index": 41
  },
  {
    "name": "Require(35) node_modules/egg/app/extend/response.js",
    "start": 1646189841839,
    "end": 1646189841840,
    "duration": 1,
    "pid": 9400,
    "index": 42
  },
  {
    "name": "Load extend/context.js",
    "start": 1646189841843,
    "end": 1646189841889,
    "duration": 46,
    "pid": 9400,
    "index": 43
  },
  {
    "name": "Require(36) node_modules/egg-security/app/extend/context.js",
    "start": 1646189841843,
    "end": 1646189841850,
    "duration": 7,
    "pid": 9400,
    "index": 44
  },
  {
    "name": "Require(37) node_modules/egg-jsonp/app/extend/context.js",
    "start": 1646189841850,
    "end": 1646189841851,
    "duration": 1,
    "pid": 9400,
    "index": 45
  },
  {
    "name": "Require(38) node_modules/egg-i18n/app/extend/context.js",
    "start": 1646189841851,
    "end": 1646189841852,
    "duration": 1,
    "pid": 9400,
    "index": 46
  },
  {
    "name": "Require(39) node_modules/egg-multipart/app/extend/context.js",
    "start": 1646189841852,
    "end": 1646189841883,
    "duration": 31,
    "pid": 9400,
    "index": 47
  },
  {
    "name": "Require(40) node_modules/egg-view/app/extend/context.js",
    "start": 1646189841884,
    "end": 1646189841885,
    "duration": 1,
    "pid": 9400,
    "index": 48
  },
  {
    "name": "Require(41) node_modules/egg/app/extend/context.js",
    "start": 1646189841886,
    "end": 1646189841887,
    "duration": 1,
    "pid": 9400,
    "index": 49
  },
  {
    "name": "Load extend/helper.js",
    "start": 1646189841890,
    "end": 1646189841907,
    "duration": 17,
    "pid": 9400,
    "index": 50
  },
  {
    "name": "Require(42) node_modules/egg-security/app/extend/helper.js",
    "start": 1646189841890,
    "end": 1646189841900,
    "duration": 10,
    "pid": 9400,
    "index": 51
  },
  {
    "name": "Require(43) node_modules/egg/app/extend/helper.js",
    "start": 1646189841903,
    "end": 1646189841903,
    "duration": 0,
    "pid": 9400,
    "index": 52
  },
  {
    "name": "Require(44) app/extend/helper.js",
    "start": 1646189841904,
    "end": 1646189841904,
    "duration": 0,
    "pid": 9400,
    "index": 53
  },
  {
    "name": "Load app.js",
    "start": 1646189841908,
    "end": 1646189841973,
    "duration": 65,
    "pid": 9400,
    "index": 54
  },
  {
    "name": "Require(45) node_modules/egg-session/app.js",
    "start": 1646189841908,
    "end": 1646189841908,
    "duration": 0,
    "pid": 9400,
    "index": 55
  },
  {
    "name": "Require(46) node_modules/egg-security/app.js",
    "start": 1646189841909,
    "end": 1646189841910,
    "duration": 1,
    "pid": 9400,
    "index": 56
  },
  {
    "name": "Require(47) node_modules/egg-onerror/app.js",
    "start": 1646189841910,
    "end": 1646189841916,
    "duration": 6,
    "pid": 9400,
    "index": 57
  },
  {
    "name": "Require(48) node_modules/egg-i18n/app.js",
    "start": 1646189841916,
    "end": 1646189841931,
    "duration": 15,
    "pid": 9400,
    "index": 58
  },
  {
    "name": "Require(49) node_modules/egg-watcher/app.js",
    "start": 1646189841931,
    "end": 1646189841934,
    "duration": 3,
    "pid": 9400,
    "index": 59
  },
  {
    "name": "Require(50) node_modules/egg-schedule/app.js",
    "start": 1646189841934,
    "end": 1646189841936,
    "duration": 2,
    "pid": 9400,
    "index": 60
  },
  {
    "name": "Require(51) node_modules/egg-multipart/app.js",
    "start": 1646189841936,
    "end": 1646189841936,
    "duration": 0,
    "pid": 9400,
    "index": 61
  },
  {
    "name": "Require(52) node_modules/egg-development/app.js",
    "start": 1646189841936,
    "end": 1646189841937,
    "duration": 1,
    "pid": 9400,
    "index": 62
  },
  {
    "name": "Require(53) node_modules/egg-logrotator/app.js",
    "start": 1646189841937,
    "end": 1646189841937,
    "duration": 0,
    "pid": 9400,
    "index": 63
  },
  {
    "name": "Require(54) node_modules/egg-static/app.js",
    "start": 1646189841937,
    "end": 1646189841937,
    "duration": 0,
    "pid": 9400,
    "index": 64
  },
  {
    "name": "Require(55) node_modules/egg-sequelize/app.js",
    "start": 1646189841938,
    "end": 1646189841938,
    "duration": 0,
    "pid": 9400,
    "index": 65
  },
  {
    "name": "Require(56) node_modules/egg-view-nunjucks/app.js",
    "start": 1646189841938,
    "end": 1646189841939,
    "duration": 1,
    "pid": 9400,
    "index": 66
  },
  {
    "name": "Require(57) node_modules/egg-cors/app.js",
    "start": 1646189841939,
    "end": 1646189841939,
    "duration": 0,
    "pid": 9400,
    "index": 67
  },
  {
    "name": "Require(58) node_modules/egg-jwt/app.js",
    "start": 1646189841939,
    "end": 1646189841940,
    "duration": 1,
    "pid": 9400,
    "index": 68
  },
  {
    "name": "Require(59) node_modules/egg-socket.io/app.js",
    "start": 1646189841940,
    "end": 1646189841972,
    "duration": 32,
    "pid": 9400,
    "index": 69
  },
  {
    "name": "Require(60) node_modules/egg-etag/app.js",
    "start": 1646189841972,
    "end": 1646189841972,
    "duration": 0,
    "pid": 9400,
    "index": 70
  },
  {
    "name": "Require(61) app.js",
    "start": 1646189841973,
    "end": 1646189841973,
    "duration": 0,
    "pid": 9400,
    "index": 71
  },
  {
    "name": "Before Start in node_modules/egg-watcher/lib/init.js:15:14",
    "start": 1646189841979,
    "end": 1646189842364,
    "duration": 385,
    "pid": 9400,
    "index": 72
  },
  {
    "name": "Load \"Symbol(model)\" to Application",
    "start": 1646189842213,
    "end": 1646189842228,
    "duration": 15,
    "pid": 9400,
    "index": 73
  },
  {
    "name": "Before Start in node_modules/egg-sequelize/lib/loader.js:39:7",
    "start": 1646189842228,
    "end": 1646189842373,
    "duration": 145,
    "pid": 9400,
    "index": 74
  },
  {
    "name": "Load Controller",
    "start": 1646189842237,
    "end": 1646189842315,
    "duration": 78,
    "pid": 9400,
    "index": 75
  },
  {
    "name": "Load \"controller\" to Application",
    "start": 1646189842237,
    "end": 1646189842315,
    "duration": 78,
    "pid": 9400,
    "index": 76
  },
  {
    "name": "Before Start in node_modules/egg-socket.io/lib/io.js:26:7",
    "start": 1646189842242,
    "end": 1646189842350,
    "duration": 108,
    "pid": 9400,
    "index": 77
  },
  {
    "name": "Before Start in app.js:2:7",
    "start": 1646189842243,
    "end": 1646189842393,
    "duration": 150,
    "pid": 9400,
    "index": 78
  },
  {
    "name": "Load Service",
    "start": 1646189842243,
    "end": 1646189842252,
    "duration": 9,
    "pid": 9400,
    "index": 79
  },
  {
    "name": "Load \"service\" to Context",
    "start": 1646189842243,
    "end": 1646189842252,
    "duration": 9,
    "pid": 9400,
    "index": 80
  },
  {
    "name": "Load Middleware",
    "start": 1646189842252,
    "end": 1646189842315,
    "duration": 63,
    "pid": 9400,
    "index": 81
  },
  {
    "name": "Load \"middlewares\" to Application",
    "start": 1646189842252,
    "end": 1646189842307,
    "duration": 55,
    "pid": 9400,
    "index": 82
  },
  {
    "name": "Load Controller",
    "start": 1646189842315,
    "end": 1646189842323,
    "duration": 8,
    "pid": 9400,
    "index": 83
  },
  {
    "name": "Load \"controller\" to Application",
    "start": 1646189842315,
    "end": 1646189842323,
    "duration": 8,
    "pid": 9400,
    "index": 84
  },
  {
    "name": "Load Router",
    "start": 1646189842323,
    "end": 1646189842327,
    "duration": 4,
    "pid": 9400,
    "index": 85
  },
  {
    "name": "Require(62) app/router.js",
    "start": 1646189842323,
    "end": 1646189842324,
    "duration": 1,
    "pid": 9400,
    "index": 86
  },
  {
    "name": "Before Start in node_modules/egg-core/lib/egg.js:303:10",
    "start": 1646189842324,
    "end": 1646189842350,
    "duration": 26,
    "pid": 9400,
    "index": 87
  }
]