[
  {
    "name": null,
    "methods": [
      "HEAD",
      "GET"
    ],
    "paramNames": [],
    "path": "/",
    "regexp": "/^(?:\\/(?=$))?$/",
    "stack": [
      "wrappedController"
    ]
  },
  {
    "name": null,
    "methods": [
      "POST"
    ],
    "paramNames": [],
    "path": "/login",
    "regexp": "/^\\/login(?:\\/(?=$))?$/",
    "stack": [
      "wrappedController"
    ]
  },
  {
    "name": null,
    "methods": [
      "HEAD",
      "GET"
    ],
    "paramNames": [],
    "path": "/user/info",
    "regexp": "/^\\/user\\/info(?:\\/(?=$))?$/",
    "stack": [
      "wrappedController"
    ]
  },
  {
    "name": null,
    "methods": [
      "HEAD",
      "GET"
    ],
    "paramNames": [],
    "path": "/transaction/list",
    "regexp": "/^\\/transaction\\/list(?:\\/(?=$))?$/",
    "stack": [
      "wrappedController"
    ]
  },
  {
    "name": null,
    "methods": [
      "POST"
    ],
    "paramNames": [],
    "path": "/register",
    "regexp": "/^\\/register(?:\\/(?=$))?$/",
    "stack": [
      "anonymous",
      "wrappedController"
    ]
  },
  {
    "name": null,
    "methods": [
      "POST"
    ],
    "paramNames": [],
    "path": "/news/create_news",
    "regexp": "/^\\/news\\/create_news(?:\\/(?=$))?$/",
    "stack": [
      "anonymous",
      "wrappedController"
    ]
  },
  {
    "name": null,
    "methods": [
      "HEAD",
      "GET"
    ],
    "paramNames": [],
    "path": "/news/list",
    "regexp": "/^\\/news\\/list(?:\\/(?=$))?$/",
    "stack": [
      "anonymous",
      "wrappedController"
    ]
  },
  {
    "name": null,
    "methods": [
      "HEAD",
      "GET"
    ],
    "paramNames": [],
    "path": "/news/destroy",
    "regexp": "/^\\/news\\/destroy(?:\\/(?=$))?$/",
    "stack": [
      "anonymous",
      "wrappedController"
    ]
  },
  {
    "name": null,
    "methods": [
      "HEAD",
      "GET"
    ],
    "paramNames": [],
    "path": "/news/fetchArticle",
    "regexp": "/^\\/news\\/fetchArticle(?:\\/(?=$))?$/",
    "stack": [
      "anonymous",
      "wrappedController"
    ]
  },
  {
    "name": null,
    "methods": [
      "PUT"
    ],
    "paramNames": [],
    "path": "/news/update",
    "regexp": "/^\\/news\\/update(?:\\/(?=$))?$/",
    "stack": [
      "anonymous",
      "wrappedController"
    ]
  },
  {
    "name": null,
    "methods": [
      "POST"
    ],
    "paramNames": [],
    "path": "/business/create_news",
    "regexp": "/^\\/business\\/create_news(?:\\/(?=$))?$/",
    "stack": [
      "anonymous",
      "wrappedController"
    ]
  },
  {
    "name": null,
    "methods": [
      "HEAD",
      "GET"
    ],
    "paramNames": [],
    "path": "/business/list",
    "regexp": "/^\\/business\\/list(?:\\/(?=$))?$/",
    "stack": [
      "anonymous",
      "wrappedController"
    ]
  },
  {
    "name": null,
    "methods": [
      "HEAD",
      "GET"
    ],
    "paramNames": [],
    "path": "/business/destroy",
    "regexp": "/^\\/business\\/destroy(?:\\/(?=$))?$/",
    "stack": [
      "anonymous",
      "wrappedController"
    ]
  },
  {
    "name": null,
    "methods": [
      "HEAD",
      "GET"
    ],
    "paramNames": [],
    "path": "/business/fetchArticle",
    "regexp": "/^\\/business\\/fetchArticle(?:\\/(?=$))?$/",
    "stack": [
      "anonymous",
      "wrappedController"
    ]
  },
  {
    "name": null,
    "methods": [
      "PUT"
    ],
    "paramNames": [],
    "path": "/business/update",
    "regexp": "/^\\/business\\/update(?:\\/(?=$))?$/",
    "stack": [
      "anonymous",
      "wrappedController"
    ]
  },
  {
    "name": null,
    "methods": [
      "HEAD",
      "GET"
    ],
    "paramNames": [],
    "path": "/business/search",
    "regexp": "/^\\/business\\/search(?:\\/(?=$))?$/",
    "stack": [
      "anonymous",
      "wrappedController"
    ]
  },
  {
    "name": null,
    "methods": [
      "POST"
    ],
    "paramNames": [],
    "path": "/product/create_news",
    "regexp": "/^\\/product\\/create_news(?:\\/(?=$))?$/",
    "stack": [
      "anonymous",
      "wrappedController"
    ]
  },
  {
    "name": null,
    "methods": [
      "HEAD",
      "GET"
    ],
    "paramNames": [],
    "path": "/product/list",
    "regexp": "/^\\/product\\/list(?:\\/(?=$))?$/",
    "stack": [
      "anonymous",
      "wrappedController"
    ]
  },
  {
    "name": null,
    "methods": [
      "HEAD",
      "GET"
    ],
    "paramNames": [],
    "path": "/product/destroy",
    "regexp": "/^\\/product\\/destroy(?:\\/(?=$))?$/",
    "stack": [
      "anonymous",
      "wrappedController"
    ]
  },
  {
    "name": null,
    "methods": [
      "HEAD",
      "GET"
    ],
    "paramNames": [],
    "path": "/product/fetchArticle",
    "regexp": "/^\\/product\\/fetchArticle(?:\\/(?=$))?$/",
    "stack": [
      "anonymous",
      "wrappedController"
    ]
  },
  {
    "name": null,
    "methods": [
      "PUT"
    ],
    "paramNames": [],
    "path": "/product/update",
    "regexp": "/^\\/product\\/update(?:\\/(?=$))?$/",
    "stack": [
      "anonymous",
      "wrappedController"
    ]
  },
  {
    "name": "s",
    "methods": [
      "HEAD",
      "GET"
    ],
    "paramNames": [],
    "path": "/nav",
    "regexp": "/^\\/nav(?:\\/(?=$))?$/",
    "stack": [
      "wrappedController"
    ]
  },
  {
    "name": "s",
    "methods": [
      "POST"
    ],
    "paramNames": [],
    "path": "/nav",
    "regexp": "/^\\/nav(?:\\/(?=$))?$/",
    "stack": [
      "wrappedController"
    ]
  },
  {
    "name": null,
    "methods": [
      "PATCH",
      "PUT"
    ],
    "paramNames": [
      {
        "name": "id",
        "prefix": "/",
        "delimiter": "/",
        "optional": false,
        "repeat": false,
        "partial": false,
        "asterisk": false,
        "pattern": "[^\\/]+?"
      }
    ],
    "path": "/nav/:id",
    "regexp": "/^\\/nav\\/((?:[^\\/]+?))(?:\\/(?=$))?$/",
    "stack": [
      "wrappedController"
    ]
  },
  {
    "name": "destroy_",
    "methods": [
      "DELETE"
    ],
    "paramNames": [
      {
        "name": "id",
        "prefix": "/",
        "delimiter": "/",
        "optional": false,
        "repeat": false,
        "partial": false,
        "asterisk": false,
        "pattern": "[^\\/]+?"
      }
    ],
    "path": "/nav/:id",
    "regexp": "/^\\/nav\\/((?:[^\\/]+?))(?:\\/(?=$))?$/",
    "stack": [
      "wrappedController"
    ]
  },
  {
    "name": "s",
    "methods": [
      "HEAD",
      "GET"
    ],
    "paramNames": [],
    "path": "/business_nav",
    "regexp": "/^\\/business_nav(?:\\/(?=$))?$/",
    "stack": [
      "wrappedController"
    ]
  },
  {
    "name": "s",
    "methods": [
      "POST"
    ],
    "paramNames": [],
    "path": "/business_nav",
    "regexp": "/^\\/business_nav(?:\\/(?=$))?$/",
    "stack": [
      "wrappedController"
    ]
  },
  {
    "name": null,
    "methods": [
      "PATCH",
      "PUT"
    ],
    "paramNames": [
      {
        "name": "id",
        "prefix": "/",
        "delimiter": "/",
        "optional": false,
        "repeat": false,
        "partial": false,
        "asterisk": false,
        "pattern": "[^\\/]+?"
      }
    ],
    "path": "/business_nav/:id",
    "regexp": "/^\\/business_nav\\/((?:[^\\/]+?))(?:\\/(?=$))?$/",
    "stack": [
      "wrappedController"
    ]
  },
  {
    "name": "destroy_",
    "methods": [
      "DELETE"
    ],
    "paramNames": [
      {
        "name": "id",
        "prefix": "/",
        "delimiter": "/",
        "optional": false,
        "repeat": false,
        "partial": false,
        "asterisk": false,
        "pattern": "[^\\/]+?"
      }
    ],
    "path": "/business_nav/:id",
    "regexp": "/^\\/business_nav\\/((?:[^\\/]+?))(?:\\/(?=$))?$/",
    "stack": [
      "wrappedController"
    ]
  },
  {
    "name": "s",
    "methods": [
      "HEAD",
      "GET"
    ],
    "paramNames": [],
    "path": "/banner",
    "regexp": "/^\\/banner(?:\\/(?=$))?$/",
    "stack": [
      "wrappedController"
    ]
  },
  {
    "name": "s",
    "methods": [
      "POST"
    ],
    "paramNames": [],
    "path": "/banner",
    "regexp": "/^\\/banner(?:\\/(?=$))?$/",
    "stack": [
      "wrappedController"
    ]
  },
  {
    "name": null,
    "methods": [
      "PATCH",
      "PUT"
    ],
    "paramNames": [
      {
        "name": "id",
        "prefix": "/",
        "delimiter": "/",
        "optional": false,
        "repeat": false,
        "partial": false,
        "asterisk": false,
        "pattern": "[^\\/]+?"
      }
    ],
    "path": "/banner/:id",
    "regexp": "/^\\/banner\\/((?:[^\\/]+?))(?:\\/(?=$))?$/",
    "stack": [
      "wrappedController"
    ]
  },
  {
    "name": "destroy_",
    "methods": [
      "DELETE"
    ],
    "paramNames": [
      {
        "name": "id",
        "prefix": "/",
        "delimiter": "/",
        "optional": false,
        "repeat": false,
        "partial": false,
        "asterisk": false,
        "pattern": "[^\\/]+?"
      }
    ],
    "path": "/banner/:id",
    "regexp": "/^\\/banner\\/((?:[^\\/]+?))(?:\\/(?=$))?$/",
    "stack": [
      "wrappedController"
    ]
  },
  {
    "name": "s",
    "methods": [
      "HEAD",
      "GET"
    ],
    "paramNames": [],
    "path": "/api/about",
    "regexp": "/^\\/api\\/about(?:\\/(?=$))?$/",
    "stack": [
      "wrappedController"
    ]
  },
  {
    "name": "s",
    "methods": [
      "POST"
    ],
    "paramNames": [],
    "path": "/api/about",
    "regexp": "/^\\/api\\/about(?:\\/(?=$))?$/",
    "stack": [
      "wrappedController"
    ]
  },
  {
    "name": null,
    "methods": [
      "PATCH",
      "PUT"
    ],
    "paramNames": [
      {
        "name": "id",
        "prefix": "/",
        "delimiter": "/",
        "optional": false,
        "repeat": false,
        "partial": false,
        "asterisk": false,
        "pattern": "[^\\/]+?"
      }
    ],
    "path": "/api/about/:id",
    "regexp": "/^\\/api\\/about\\/((?:[^\\/]+?))(?:\\/(?=$))?$/",
    "stack": [
      "wrappedController"
    ]
  },
  {
    "name": null,
    "methods": [
      "HEAD",
      "GET"
    ],
    "paramNames": [
      {
        "name": "business",
        "prefix": "/",
        "delimiter": "/",
        "optional": false,
        "repeat": false,
        "partial": false,
        "asterisk": false,
        "pattern": "[^\\/]+?"
      }
    ],
    "path": "/business/:business",
    "regexp": "/^\\/business\\/((?:[^\\/]+?))(?:\\/(?=$))?$/",
    "stack": [
      "wrappedController"
    ]
  },
  {
    "name": null,
    "methods": [
      "HEAD",
      "GET"
    ],
    "paramNames": [
      {
        "name": "id",
        "prefix": "/",
        "delimiter": "/",
        "optional": false,
        "repeat": false,
        "partial": false,
        "asterisk": false,
        "pattern": "[^\\/]+?"
      }
    ],
    "path": "/business_active/:id",
    "regexp": "/^\\/business_active\\/((?:[^\\/]+?))(?:\\/(?=$))?$/",
    "stack": [
      "wrappedController"
    ]
  },
  {
    "name": null,
    "methods": [
      "HEAD",
      "GET"
    ],
    "paramNames": [],
    "path": "/product",
    "regexp": "/^\\/product(?:\\/(?=$))?$/",
    "stack": [
      "wrappedController"
    ]
  },
  {
    "name": null,
    "methods": [
      "HEAD",
      "GET"
    ],
    "paramNames": [
      {
        "name": "id",
        "prefix": "/",
        "delimiter": "/",
        "optional": false,
        "repeat": false,
        "partial": false,
        "asterisk": false,
        "pattern": "[^\\/]+?"
      }
    ],
    "path": "/product_active/:id",
    "regexp": "/^\\/product_active\\/((?:[^\\/]+?))(?:\\/(?=$))?$/",
    "stack": [
      "wrappedController"
    ]
  },
  {
    "name": null,
    "methods": [
      "HEAD",
      "GET"
    ],
    "paramNames": [],
    "path": "/news",
    "regexp": "/^\\/news(?:\\/(?=$))?$/",
    "stack": [
      "wrappedController"
    ]
  },
  {
    "name": null,
    "methods": [
      "HEAD",
      "GET"
    ],
    "paramNames": [
      {
        "name": "id",
        "prefix": "/",
        "delimiter": "/",
        "optional": false,
        "repeat": false,
        "partial": false,
        "asterisk": false,
        "pattern": "[^\\/]+?"
      }
    ],
    "path": "/news_active/:id",
    "regexp": "/^\\/news_active\\/((?:[^\\/]+?))(?:\\/(?=$))?$/",
    "stack": [
      "wrappedController"
    ]
  },
  {
    "name": null,
    "methods": [
      "HEAD",
      "GET"
    ],
    "paramNames": [],
    "path": "/about",
    "regexp": "/^\\/about(?:\\/(?=$))?$/",
    "stack": [
      "wrappedController"
    ]
  },
  {
    "name": null,
    "methods": [
      "HEAD",
      "GET"
    ],
    "paramNames": [],
    "path": "/bazaar",
    "regexp": "/^\\/bazaar(?:\\/(?=$))?$/",
    "stack": [
      "wrappedController"
    ]
  },
  {
    "name": null,
    "methods": [
      "HEAD",
      "GET"
    ],
    "paramNames": [],
    "path": "/contact",
    "regexp": "/^\\/contact(?:\\/(?=$))?$/",
    "stack": [
      "wrappedController"
    ]
  },
  {
    "name": null,
    "methods": [
      "HEAD",
      "GET"
    ],
    "paramNames": [],
    "path": "/develop",
    "regexp": "/^\\/develop(?:\\/(?=$))?$/",
    "stack": [
      "wrappedController"
    ]
  },
  {
    "name": null,
    "methods": [
      "HEAD",
      "GET"
    ],
    "paramNames": [],
    "path": "/honor",
    "regexp": "/^\\/honor(?:\\/(?=$))?$/",
    "stack": [
      "wrappedController"
    ]
  },
  {
    "name": "testCruds",
    "methods": [
      "HEAD",
      "GET"
    ],
    "paramNames": [],
    "path": "/testCrud",
    "regexp": "/^\\/testCrud(?:\\/(?=$))?$/",
    "stack": [
      "anonymous",
      "wrappedController"
    ]
  },
  {
    "name": "testCruds",
    "methods": [
      "POST"
    ],
    "paramNames": [],
    "path": "/testCrud",
    "regexp": "/^\\/testCrud(?:\\/(?=$))?$/",
    "stack": [
      "anonymous",
      "wrappedController"
    ]
  },
  {
    "name": "testCrud",
    "methods": [
      "PATCH",
      "PUT"
    ],
    "paramNames": [
      {
        "name": "id",
        "prefix": "/",
        "delimiter": "/",
        "optional": false,
        "repeat": false,
        "partial": false,
        "asterisk": false,
        "pattern": "[^\\/]+?"
      }
    ],
    "path": "/testCrud/:id",
    "regexp": "/^\\/testCrud\\/((?:[^\\/]+?))(?:\\/(?=$))?$/",
    "stack": [
      "anonymous",
      "wrappedController"
    ]
  },
  {
    "name": "destroy_testCrud",
    "methods": [
      "DELETE"
    ],
    "paramNames": [
      {
        "name": "id",
        "prefix": "/",
        "delimiter": "/",
        "optional": false,
        "repeat": false,
        "partial": false,
        "asterisk": false,
        "pattern": "[^\\/]+?"
      }
    ],
    "path": "/testCrud/:id",
    "regexp": "/^\\/testCrud\\/((?:[^\\/]+?))(?:\\/(?=$))?$/",
    "stack": [
      "anonymous",
      "wrappedController"
    ]
  },
  {
    "name": null,
    "methods": [
      "POST"
    ],
    "paramNames": [],
    "path": "/upload",
    "regexp": "/^\\/upload(?:\\/(?=$))?$/",
    "stack": [
      "wrappedController"
    ]
  },
  {
    "name": null,
    "methods": [
      "POST"
    ],
    "paramNames": [],
    "path": "/uploadFile",
    "regexp": "/^\\/uploadFile(?:\\/(?=$))?$/",
    "stack": [
      "wrappedController"
    ]
  }
]